# GREAT version 4.0.4	Species assembly: mm10	Association rule: Basal+extension: 5000 bp upstream, 1000 bp downstream, 1000000 bp max extension, curated regulatory domains included																					
# Ontology summary statistics are provided in the footer.																							
#																							
# Ontology	ID	Desc	BinomRank	BinomP	BinomBonfP	BinomFdrQ	RegionFoldEnrich	ExpRegions	ObsRegions	GenomeFrac	SetCov	HyperRank	HyperP	HyperBonfP	HyperFdrQ	GeneFoldEnrich	ExpGenes	ObsGenes	TotalGenes	GeneSetCov	TermCov	Regions	Genes
Ensembl Genes	17289	1600014C10Rik	1	1.23E-08	2.62E-04	2.62E-04	7.08E+02	4.24E-03	3	4.32E-05	3.06E-02	1	7.10E-03	1.00E+00	1.00E+00	1.41E+02	7.10E-03	1	1	6.58E-03	1.00E+00	chr7_38183050_38184271,chr7_38184529_38185013,chr7_38197297_38198262	1600014C10Rik
Ensembl Genes	18778	Rnf170	2	2.44E-08	5.22E-04	2.61E-04	9.01E+03	2.22E-04	2	2.27E-06	2.04E-02	1	7.10E-03	1.00E+00	1.00E+00	1.41E+02	7.10E-03	1	1	6.58E-03	1.00E+00	chr8_26117824_26118019,chr8_26118257_26118822	Rnf170
Ensembl Genes	8706	Haao	3	8.93E-07	1.91E-02	6.37E-03	1.69E+02	1.78E-02	3	1.81E-04	3.06E-02	1	7.10E-03	1.00E+00	1.00E+00	1.41E+02	7.10E-03	1	1	6.58E-03	1.00E+00	chr17_83920344_83920701,chr17_84184827_84185319,chr17_84185496_84186847	Haao
Ensembl Genes	18779	Gm45692	4	1.01E-06	2.16E-02	5.40E-03	1.40E+03	1.43E-03	2	1.46E-05	2.04E-02	1	7.10E-03	1.00E+00	1.00E+00	1.41E+02	7.10E-03	1	1	6.58E-03	1.00E+00	chr8_26117824_26118019,chr8_26118257_26118822	Gm45692
Ensembl Genes	8707	Zfp36l2	5	1.86E-06	3.98E-02	7.96E-03	1.32E+02	2.27E-02	3	2.32E-04	3.06E-02	1	7.10E-03	1.00E+00	1.00E+00	1.41E+02	7.10E-03	1	1	6.58E-03	1.00E+00	chr17_83920344_83920701,chr17_84184827_84185319,chr17_84185496_84186847	Zfp36l2
Ensembl Genes	1713	Gpx4	6	2.32E-06	4.97E-02	8.28E-03	9.22E+02	2.17E-03	2	2.21E-05	2.04E-02	1	7.10E-03	1.00E+00	1.00E+00	1.41E+02	7.10E-03	1	1	6.58E-03	1.00E+00	chr10_80054157_80054700,chr10_80055087_80056206	Gpx4
Ensembl Genes	17290	Plekhf1	7	5.03E-06	1.08E-01	1.54E-02	6.27E+02	3.19E-03	2	3.26E-05	2.04E-02	1	7.10E-03	1.00E+00	1.00E+00	1.41E+02	7.10E-03	1	1	6.58E-03	1.00E+00	chr7_38184529_38185013,chr7_38197297_38198262	Plekhf1
Ensembl Genes	10520	Dlx1	8	5.66E-06	1.21E-01	1.51E-02	5.91E+02	3.39E-03	2	3.46E-05	2.04E-02	1	7.10E-03	1.00E+00	1.00E+00	1.41E+02	7.10E-03	1	1	6.58E-03	1.00E+00	chr2_71541880_71544776,chr2_71544955_71545796	Dlx1
Ensembl Genes	18777	Hook3	9	7.26E-06	1.55E-01	1.72E-02	5.22E+02	3.83E-03	2	3.91E-05	2.04E-02	1	7.10E-03	1.00E+00	1.00E+00	1.41E+02	7.10E-03	1	1	6.58E-03	1.00E+00	chr8_26117824_26118019,chr8_26118257_26118822	Hook3
Ensembl Genes	10521	Dlx2	10	4.31E-05	9.22E-01	9.22E-02	2.14E+02	9.36E-03	2	9.55E-05	2.04E-02	1	7.10E-03	1.00E+00	1.00E+00	1.41E+02	7.10E-03	1	1	6.58E-03	1.00E+00	chr2_71541880_71544776,chr2_71544955_71545796	Dlx2
Ensembl Genes	5008	Ptch1	11	9.38E-05	1.00E+00	1.82E-01	1.45E+02	1.38E-02	2	1.41E-04	2.04E-02	1	7.10E-03	1.00E+00	1.00E+00	1.41E+02	7.10E-03	1	1	6.58E-03	1.00E+00	chr13_63563733_63564766,chr13_63566316_63566849	Ptch1
Ensembl Genes	20149	Isl2	12	1.08E-04	1.00E+00	1.93E-01	1.35E+02	1.49E-02	2	1.52E-04	2.04E-02	1	7.10E-03	1.00E+00	1.00E+00	1.41E+02	7.10E-03	1	1	6.58E-03	1.00E+00	chr9_55542234_55544237,chr9_55544680_55546400	Isl2
Ensembl Genes	20150	Scaper	13	1.29E-04	1.00E+00	2.12E-01	1.23E+02	1.62E-02	2	1.65E-04	2.04E-02	1	7.10E-03	1.00E+00	1.00E+00	1.41E+02	7.10E-03	1	1	6.58E-03	1.00E+00	chr9_55542234_55544237,chr9_55544680_55546400	Scaper
Ensembl Genes	13293	Ifnz	14	2.22E-04	1.00E+00	3.39E-01	4.50E+03	2.22E-04	1	2.27E-06	1.02E-02	1	7.10E-03	1.00E+00	1.00E+00	1.41E+02	7.10E-03	1	1	6.58E-03	1.00E+00	chr4_88779584_88779910	Ifnz
Ensembl Genes	13292	Gm13272	14	2.22E-04	1.00E+00	3.39E-01	4.50E+03	2.22E-04	1	2.27E-06	1.02E-02	1	7.10E-03	1.00E+00	1.00E+00	1.41E+02	7.10E-03	1	1	6.58E-03	1.00E+00	chr4_88779584_88779910	Gm13272
Ensembl Genes	4888	Msx2	16	3.02E-04	1.00E+00	4.03E-01	8.04E+01	2.49E-02	2	2.54E-04	2.04E-02	1	7.10E-03	1.00E+00	1.00E+00	1.41E+02	7.10E-03	1	1	6.58E-03	1.00E+00	chr13_53471407_53472168,chr13_53472662_53473247	Msx2
Ensembl Genes	8233	Ly6g6d	17	3.08E-04	1.00E+00	3.88E-01	3.24E+03	3.08E-04	1	3.15E-06	1.02E-02	1	7.10E-03	1.00E+00	1.00E+00	1.41E+02	7.10E-03	1	1	6.58E-03	1.00E+00	chr17_35076056_35076989	Ly6g6d
Ensembl Genes	2869	Bcl6b	18	4.00E-04	1.00E+00	4.76E-01	2.50E+03	4.00E-04	1	4.08E-06	1.02E-02	1	7.10E-03	1.00E+00	1.00E+00	1.41E+02	7.10E-03	1	1	6.58E-03	1.00E+00	chr11_70233509_70233695	Bcl6b
Ensembl Genes	3905	Lpin1	19	4.54E-04	1.00E+00	5.12E-01	6.54E+01	3.06E-02	2	3.12E-04	2.04E-02	1	7.10E-03	1.00E+00	1.00E+00	1.41E+02	7.10E-03	1	1	6.58E-03	1.00E+00	chr12_16589553_16589895,chr12_16590033_16592004	Lpin1
Ensembl Genes	8234	Ly6g6e	20	4.57E-04	1.00E+00	4.89E-01	2.19E+03	4.57E-04	1	4.67E-06	1.02E-02	1	7.10E-03	1.00E+00	1.00E+00	1.41E+02	7.10E-03	1	1	6.58E-03	1.00E+00	chr17_35076056_35076989	Ly6g6e
Ensembl Genes	2851	Gps2	21	5.34E-04	1.00E+00	5.44E-01	1.87E+03	5.34E-04	1	5.45E-06	1.02E-02	1	7.10E-03	1.00E+00	1.00E+00	1.41E+02	7.10E-03	1	1	6.58E-03	1.00E+00	chr11_69919322_69920053	Gps2
Ensembl Genes	15374	Gm6370	22	5.34E-04	1.00E+00	5.19E-01	1.87E+03	5.34E-04	1	5.45E-06	1.02E-02	1	7.10E-03	1.00E+00	1.00E+00	1.41E+02	7.10E-03	1	1	6.58E-03	1.00E+00	chr5_146484019_146484218	Gm6370
Ensembl Genes	18247	Tbx6	23	5.50E-04	1.00E+00	5.11E-01	1.82E+03	5.50E-04	1	5.61E-06	1.02E-02	1	7.10E-03	1.00E+00	1.00E+00	1.41E+02	7.10E-03	1	1	6.58E-03	1.00E+00	chr7_126781249_126781424	Tbx6
Ensembl Genes	2815	Tmem88	24	5.71E-04	1.00E+00	5.09E-01	1.75E+03	5.72E-04	1	5.83E-06	1.02E-02	1	7.10E-03	1.00E+00	1.00E+00	1.41E+02	7.10E-03	1	1	6.58E-03	1.00E+00	chr11_69399728_69400631	Tmem88
Ensembl Genes	2852	Eif5a	25	5.89E-04	1.00E+00	5.04E-01	1.70E+03	5.89E-04	1	6.01E-06	1.02E-02	1	7.10E-03	1.00E+00	1.00E+00	1.41E+02	7.10E-03	1	1	6.58E-03	1.00E+00	chr11_69919322_69920053	Eif5a
Ensembl Genes	7009	Hoxc9	26	6.59E-04	1.00E+00	5.42E-01	1.52E+03	6.59E-04	1	6.73E-06	1.02E-02	1	7.10E-03	1.00E+00	1.00E+00	1.41E+02	7.10E-03	1	1	6.58E-03	1.00E+00	chr15_102982607_102983365	Hoxc9
Ensembl Genes	16844	Cd3eap	27	6.92E-04	1.00E+00	5.48E-01	1.44E+03	6.92E-04	1	7.06E-06	1.02E-02	1	7.10E-03	1.00E+00	1.00E+00	1.41E+02	7.10E-03	1	1	6.58E-03	1.00E+00	chr7_19355987_19356721	Cd3eap
Ensembl Genes	8275	Tubb5	28	7.06E-04	1.00E+00	5.39E-01	1.42E+03	7.06E-04	1	7.21E-06	1.02E-02	1	7.10E-03	1.00E+00	1.00E+00	1.41E+02	7.10E-03	1	1	6.58E-03	1.00E+00	chr17_35836387_35836777	Tubb5
Ensembl Genes	8276	Mdc1	29	7.33E-04	1.00E+00	5.41E-01	1.36E+03	7.33E-04	1	7.48E-06	1.02E-02	1	7.10E-03	1.00E+00	1.00E+00	1.41E+02	7.10E-03	1	1	6.58E-03	1.00E+00	chr17_35836387_35836777	Mdc1
Ensembl Genes	16845	Ppp1r13l	30	7.69E-04	1.00E+00	5.49E-01	1.30E+03	7.70E-04	1	7.85E-06	1.02E-02	1	7.10E-03	1.00E+00	1.00E+00	1.41E+02	7.10E-03	1	1	6.58E-03	1.00E+00	chr7_19355987_19356721	Ppp1r13l
Ensembl Genes	11995	Proser1	31	9.27E-04	1.00E+00	6.40E-01	1.08E+03	9.28E-04	1	9.47E-06	1.02E-02	1	7.10E-03	1.00E+00	1.00E+00	1.41E+02	7.10E-03	1	1	6.58E-03	1.00E+00	chr3_53463421_53463885	Proser1
Ensembl Genes	2813	Cyb5d1	32	9.59E-04	1.00E+00	6.41E-01	1.04E+03	9.60E-04	1	9.79E-06	1.02E-02	1	7.10E-03	1.00E+00	1.00E+00	1.41E+02	7.10E-03	1	1	6.58E-03	1.00E+00	chr11_69399728_69400631	Cyb5d1
Ensembl Genes	7010	Hoxc8	33	9.82E-04	1.00E+00	6.37E-01	1.02E+03	9.82E-04	1	1.00E-05	1.02E-02	1	7.10E-03	1.00E+00	1.00E+00	1.41E+02	7.10E-03	1	1	6.58E-03	1.00E+00	chr15_102982607_102983365	Hoxc8
Ensembl Genes	7070	Alg1	34	1.02E-03	1.00E+00	6.45E-01	9.76E+02	1.02E-03	1	1.05E-05	1.02E-02	1	7.10E-03	1.00E+00	1.00E+00	1.41E+02	7.10E-03	1	1	6.58E-03	1.00E+00	chr16_5254419_5255117	Alg1
Ensembl Genes	18449	Cox8b	35	1.06E-03	1.00E+00	6.47E-01	9.45E+02	1.06E-03	1	1.08E-05	1.02E-02	1	7.10E-03	1.00E+00	1.00E+00	1.41E+02	7.10E-03	1	1	6.58E-03	1.00E+00	chr7_140901650_140902605	Cox8b
Ensembl Genes	11714	Ctsz	36	1.07E-03	1.00E+00	6.35E-01	9.35E+02	1.07E-03	1	1.09E-05	1.02E-02	1	7.10E-03	1.00E+00	1.00E+00	1.41E+02	7.10E-03	1	1	6.58E-03	1.00E+00	chr2_174428666_174429601	Ctsz
Ensembl Genes	15977	Snrpg	37	1.10E-03	1.00E+00	6.39E-01	9.05E+02	1.10E-03	1	1.13E-05	1.02E-02	1	7.10E-03	1.00E+00	1.00E+00	1.41E+02	7.10E-03	1	1	6.58E-03	1.00E+00	chr6_86372003_86372198	Snrpg
Ensembl Genes	16646	Peg3	38	1.26E-03	1.00E+00	7.08E-01	7.95E+02	1.26E-03	1	1.28E-05	1.02E-02	1	7.10E-03	1.00E+00	1.00E+00	1.41E+02	7.10E-03	1	1	6.58E-03	1.00E+00	chr7_6706261_6706761	Peg3
Ensembl Genes	15249	Mblac1	39	1.31E-03	1.00E+00	7.21E-01	7.61E+02	1.31E-03	1	1.34E-05	1.02E-02	1	7.10E-03	1.00E+00	1.00E+00	1.41E+02	7.10E-03	1	1	6.58E-03	1.00E+00	chr5_138195378_138196719	Mblac1
Ensembl Genes	3295	Hoxb2	40	1.35E-03	1.00E+00	7.21E-01	7.42E+02	1.35E-03	1	1.38E-05	1.02E-02	1	7.10E-03	1.00E+00	1.00E+00	1.41E+02	7.10E-03	1	1	6.58E-03	1.00E+00	chr11_96352608_96353722	Hoxb2
Ensembl Genes	4272	Ahsa1	41	1.37E-03	1.00E+00	7.14E-01	7.30E+02	1.37E-03	1	1.40E-05	1.02E-02	1	7.10E-03	1.00E+00	1.00E+00	1.41E+02	7.10E-03	1	1	6.58E-03	1.00E+00	chr12_87298202_87298732	Ahsa1
Ensembl Genes	15176	Mdh2	42	1.47E-03	1.00E+00	7.47E-01	6.82E+02	1.47E-03	1	1.50E-05	1.02E-02	1	7.10E-03	1.00E+00	1.00E+00	1.41E+02	7.10E-03	1	1	6.58E-03	1.00E+00	chr5_135790394_135790983	Mdh2
Ensembl Genes	6790	Plxnb2	43	1.51E-03	1.00E+00	7.52E-01	6.61E+02	1.51E-03	1	1.54E-05	1.02E-02	1	7.10E-03	1.00E+00	1.00E+00	1.41E+02	7.10E-03	1	1	6.58E-03	1.00E+00	chr15_89174182_89175604	Plxnb2
Ensembl Genes	13896	Akr7a5	44	1.55E-03	1.00E+00	7.53E-01	6.46E+02	1.55E-03	1	1.58E-05	1.02E-02	1	7.10E-03	1.00E+00	1.00E+00	1.41E+02	7.10E-03	1	1	6.58E-03	1.00E+00	chr4_139309793_139310553	Akr7a5
Ensembl Genes	13789	Lin28a	45	1.59E-03	1.00E+00	7.55E-01	6.29E+02	1.59E-03	1	1.62E-05	1.02E-02	1	7.10E-03	1.00E+00	1.00E+00	1.41E+02	7.10E-03	1	1	6.58E-03	1.00E+00	chr4_134019055_134020274	Lin28a
Ensembl Genes	6099	Nudt18	46	1.63E-03	1.00E+00	7.59E-01	6.12E+02	1.63E-03	1	1.67E-05	1.02E-02	1	7.10E-03	1.00E+00	1.00E+00	1.41E+02	7.10E-03	1	1	6.58E-03	1.00E+00	chr14_70580681_70580934	Nudt18
Ensembl Genes	13747	Taf12	47	1.66E-03	1.00E+00	7.56E-01	6.02E+02	1.66E-03	1	1.70E-05	1.02E-02	1	7.10E-03	1.00E+00	1.00E+00	1.41E+02	7.10E-03	1	1	6.58E-03	1.00E+00	chr4_132269780_132270306	Taf12
Ensembl Genes	12225	Efna1	48	1.72E-03	1.00E+00	7.65E-01	5.82E+02	1.72E-03	1	1.75E-05	1.02E-02	1	7.10E-03	1.00E+00	1.00E+00	1.41E+02	7.10E-03	1	1	6.58E-03	1.00E+00	chr3_89280734_89281464	Efna1
Ensembl Genes	6100	Fam160b2	49	1.75E-03	1.00E+00	7.63E-01	5.72E+02	1.75E-03	1	1.78E-05	1.02E-02	1	7.10E-03	1.00E+00	1.00E+00	1.41E+02	7.10E-03	1	1	6.58E-03	1.00E+00	chr14_70580681_70580934	Fam160b2
Ensembl Genes	3439	Krt14	50	1.84E-03	1.00E+00	7.86E-01	5.44E+02	1.84E-03	1	1.88E-05	1.02E-02	1	7.10E-03	1.00E+00	1.00E+00	1.41E+02	7.10E-03	1	1	6.58E-03	1.00E+00	chr11_100206147_100206767	Krt14
Ensembl Genes	15250	Nxpe5	51	2.04E-03	1.00E+00	8.56E-01	4.90E+02	2.04E-03	1	2.08E-05	1.02E-02	1	7.10E-03	1.00E+00	1.00E+00	1.41E+02	7.10E-03	1	1	6.58E-03	1.00E+00	chr5_138195378_138196719	Nxpe5
Ensembl Genes	3438	Krt9	52	2.05E-03	1.00E+00	8.43E-01	4.87E+02	2.05E-03	1	2.09E-05	1.02E-02	1	7.10E-03	1.00E+00	1.00E+00	1.41E+02	7.10E-03	1	1	6.58E-03	1.00E+00	chr11_100206147_100206767	Krt9
Ensembl Genes	19571	Sprtn	53	2.05E-03	1.00E+00	8.28E-01	4.87E+02	2.05E-03	1	2.09E-05	1.02E-02	1	7.10E-03	1.00E+00	1.00E+00	1.41E+02	7.10E-03	1	1	6.58E-03	1.00E+00	chr8_124946584_124947555	Sprtn
Ensembl Genes	1714	Sbno2	54	2.06E-03	1.00E+00	8.17E-01	4.84E+02	2.06E-03	1	2.11E-05	1.02E-02	1	7.10E-03	1.00E+00	1.00E+00	1.41E+02	7.10E-03	1	1	6.58E-03	1.00E+00	chr10_80055087_80056206	Sbno2
Ensembl Genes	1655	Rrp1	55	2.34E-03	1.00E+00	9.09E-01	4.27E+02	2.34E-03	1	2.39E-05	1.02E-02	1	7.10E-03	1.00E+00	1.00E+00	1.41E+02	7.10E-03	1	1	6.58E-03	1.00E+00	chr10_78414857_78415065	Rrp1
Ensembl Genes	15717	Tmem176a	56	2.35E-03	1.00E+00	8.97E-01	4.26E+02	2.35E-03	1	2.40E-05	1.02E-02	1	7.10E-03	1.00E+00	1.00E+00	1.41E+02	7.10E-03	1	1	6.58E-03	1.00E+00	chr6_48840815_48841662	Tmem176a
Ensembl Genes	15716	Tmem176b	57	2.59E-03	1.00E+00	9.73E-01	3.85E+02	2.60E-03	1	2.65E-05	1.02E-02	1	7.10E-03	1.00E+00	1.00E+00	1.41E+02	7.10E-03	1	1	6.58E-03	1.00E+00	chr6_48840815_48841662	Tmem176b
Ensembl Genes	9449	Rtn3	58	2.62E-03	1.00E+00	9.66E-01	3.82E+02	2.62E-03	1	2.67E-05	1.02E-02	1	7.10E-03	1.00E+00	1.00E+00	1.41E+02	7.10E-03	1	1	6.58E-03	1.00E+00	chr19_7421912_7423664	Rtn3
Ensembl Genes	5825	Ang4	59	2.69E-03	1.00E+00	9.77E-01	3.71E+02	2.70E-03	1	2.75E-05	1.02E-02	1	7.10E-03	1.00E+00	1.00E+00	1.41E+02	7.10E-03	1	1	6.58E-03	1.00E+00	chr14_51771546_51772144	Ang4
Ensembl Genes	13844	Tcea3	60	2.72E-03	1.00E+00	9.71E-01	3.67E+02	2.73E-03	1	2.78E-05	1.02E-02	1	7.10E-03	1.00E+00	1.00E+00	1.41E+02	7.10E-03	1	1	6.58E-03	1.00E+00	chr4_136247744_136248097	Tcea3
Ensembl Genes	3504	Rdm1	61	2.86E-03	1.00E+00	1.00E+00	3.49E+02	2.86E-03	1	2.92E-05	1.02E-02	1	7.10E-03	1.00E+00	1.00E+00	1.41E+02	7.10E-03	1	1	6.58E-03	1.00E+00	chr11_101658299_101659257	Rdm1
Ensembl Genes	3509	Sost	62	3.06E-03	1.00E+00	1.00E+00	3.27E+02	3.06E-03	1	3.12E-05	1.02E-02	1	7.10E-03	1.00E+00	1.00E+00	1.41E+02	7.10E-03	1	1	6.58E-03	1.00E+00	chr11_101964638_101965429	Sost
Ensembl Genes	17791	C2cd3	63	3.20E-03	1.00E+00	1.00E+00	3.12E+02	3.21E-03	1	3.28E-05	1.02E-02	1	7.10E-03	1.00E+00	1.00E+00	1.41E+02	7.10E-03	1	1	6.58E-03	1.00E+00	chr7_100372146_100372354	C2cd3
Ensembl Genes	18137	Gm4353	64	3.31E-03	1.00E+00	1.00E+00	3.02E+02	3.31E-03	1	3.38E-05	1.02E-02	1	7.10E-03	1.00E+00	1.00E+00	1.41E+02	7.10E-03	1	1	6.58E-03	1.00E+00	chr7_116032327_116033153	Gm4353
Ensembl Genes	9448	2700081O15Rik	65	3.48E-03	1.00E+00	1.00E+00	2.87E+02	3.49E-03	1	3.56E-05	1.02E-02	1	7.10E-03	1.00E+00	1.00E+00	1.41E+02	7.10E-03	1	1	6.58E-03	1.00E+00	chr19_7421912_7423664	2700081O15Rik
Ensembl Genes	13925	Fam131c	66	3.51E-03	1.00E+00	1.00E+00	2.84E+02	3.52E-03	1	3.59E-05	1.02E-02	1	7.10E-03	1.00E+00	1.00E+00	1.41E+02	7.10E-03	1	1	6.58E-03	1.00E+00	chr4_141326801_141327760	Fam131c
Ensembl Genes	17790	Ppme1	67	3.57E-03	1.00E+00	1.00E+00	2.79E+02	3.58E-03	1	3.65E-05	1.02E-02	1	7.10E-03	1.00E+00	1.00E+00	1.41E+02	7.10E-03	1	1	6.58E-03	1.00E+00	chr7_100372146_100372354	Ppme1
Ensembl Genes	3563	Gosr2	68	3.63E-03	1.00E+00	1.00E+00	2.75E+02	3.64E-03	1	3.71E-05	1.02E-02	1	7.10E-03	1.00E+00	1.00E+00	1.41E+02	7.10E-03	1	1	6.58E-03	1.00E+00	chr11_103697567_103698192	Gosr2
Ensembl Genes	3505	Arl4d	69	3.66E-03	1.00E+00	1.00E+00	2.73E+02	3.66E-03	1	3.74E-05	1.02E-02	1	7.10E-03	1.00E+00	1.00E+00	1.41E+02	7.10E-03	1	1	6.58E-03	1.00E+00	chr11_101658299_101659257	Arl4d
Ensembl Genes	4262	Cipc	70	3.68E-03	1.00E+00	1.00E+00	2.71E+02	3.69E-03	1	3.76E-05	1.02E-02	1	7.10E-03	1.00E+00	1.00E+00	1.41E+02	7.10E-03	1	1	6.58E-03	1.00E+00	chr12_86891023_86891919	Cipc
Ensembl Genes	15177	Srrm3	71	3.68E-03	1.00E+00	1.00E+00	2.71E+02	3.69E-03	1	3.77E-05	1.02E-02	1	7.10E-03	1.00E+00	1.00E+00	1.41E+02	7.10E-03	1	1	6.58E-03	1.00E+00	chr5_135790394_135790983	Srrm3
Ensembl Genes	15373	Gm6408	72	3.71E-03	1.00E+00	1.00E+00	2.69E+02	3.72E-03	1	3.79E-05	1.02E-02	1	7.10E-03	1.00E+00	1.00E+00	1.41E+02	7.10E-03	1	1	6.58E-03	1.00E+00	chr5_146484019_146484218	Gm6408
Ensembl Genes	19572	Egln1	73	3.89E-03	1.00E+00	1.00E+00	2.57E+02	3.90E-03	1	3.98E-05	1.02E-02	1	7.10E-03	1.00E+00	1.00E+00	1.41E+02	7.10E-03	1	1	6.58E-03	1.00E+00	chr8_124946584_124947555	Egln1
Ensembl Genes	14285	Crygn	74	3.91E-03	1.00E+00	1.00E+00	2.55E+02	3.92E-03	1	4.00E-05	1.02E-02	1	7.10E-03	1.00E+00	1.00E+00	1.41E+02	7.10E-03	1	1	6.58E-03	1.00E+00	chr5_24757808_24758735	Crygn
Ensembl Genes	3296	Hoxb1	75	3.95E-03	1.00E+00	1.00E+00	2.53E+02	3.96E-03	1	4.04E-05	1.02E-02	1	7.10E-03	1.00E+00	1.00E+00	1.41E+02	7.10E-03	1	1	6.58E-03	1.00E+00	chr11_96352608_96353722	Hoxb1
Ensembl Genes	11050	Bmf	76	4.01E-03	1.00E+00	1.00E+00	2.49E+02	4.02E-03	1	4.10E-05	1.02E-02	1	7.10E-03	1.00E+00	1.00E+00	1.41E+02	7.10E-03	1	1	6.58E-03	1.00E+00	chr2_118544289_118545050	Bmf
Ensembl Genes	4273	Ism2	77	4.29E-03	1.00E+00	1.00E+00	2.33E+02	4.30E-03	1	4.39E-05	1.02E-02	1	7.10E-03	1.00E+00	1.00E+00	1.41E+02	7.10E-03	1	1	6.58E-03	1.00E+00	chr12_87298202_87298732	Ism2
Ensembl Genes	13924	Epha2	78	4.41E-03	1.00E+00	1.00E+00	2.26E+02	4.42E-03	1	4.51E-05	1.02E-02	1	7.10E-03	1.00E+00	1.00E+00	1.41E+02	7.10E-03	1	1	6.58E-03	1.00E+00	chr4_141326801_141327760	Epha2
Ensembl Genes	13895	Pqlc2	79	4.46E-03	1.00E+00	1.00E+00	2.24E+02	4.47E-03	1	4.56E-05	1.02E-02	1	7.10E-03	1.00E+00	1.00E+00	1.41E+02	7.10E-03	1	1	6.58E-03	1.00E+00	chr4_139309793_139310553	Pqlc2
Ensembl Genes	14758	Enoph1	80	4.57E-03	1.00E+00	1.00E+00	2.18E+02	4.58E-03	1	4.68E-05	1.02E-02	1	7.10E-03	1.00E+00	1.00E+00	1.41E+02	7.10E-03	1	1	6.58E-03	1.00E+00	chr5_100067158_100068139	Enoph1
Ensembl Genes	3792	Slc38a10	81	4.59E-03	1.00E+00	1.00E+00	2.17E+02	4.60E-03	1	4.69E-05	1.02E-02	1	7.10E-03	1.00E+00	1.00E+00	1.41E+02	7.10E-03	1	1	6.58E-03	1.00E+00	chr11_120186364_120189507	Slc38a10
Ensembl Genes	12993	Fam205a4	82	4.77E-03	1.00E+00	1.00E+00	2.09E+02	4.78E-03	1	4.88E-05	1.02E-02	1	7.10E-03	1.00E+00	1.00E+00	1.41E+02	7.10E-03	1	1	6.58E-03	1.00E+00	chr4_41921366_41921821	Fam205a4
Ensembl Genes	5824	Gm5800	83	4.87E-03	1.00E+00	1.00E+00	2.05E+02	4.88E-03	1	4.98E-05	1.02E-02	1	7.10E-03	1.00E+00	1.00E+00	1.41E+02	7.10E-03	1	1	6.58E-03	1.00E+00	chr14_51771546_51772144	Gm5800
Ensembl Genes	11713	Nelfcd	84	5.14E-03	1.00E+00	1.00E+00	1.94E+02	5.15E-03	1	5.26E-05	1.02E-02	1	7.10E-03	1.00E+00	1.00E+00	1.41E+02	7.10E-03	1	1	6.58E-03	1.00E+00	chr2_174428666_174429601	Nelfcd
Ensembl Genes	11049	Srp14	85	5.87E-03	1.00E+00	1.00E+00	1.70E+02	5.89E-03	1	6.01E-05	1.02E-02	1	7.10E-03	1.00E+00	1.00E+00	1.41E+02	7.10E-03	1	1	6.58E-03	1.00E+00	chr2_118544289_118545050	Srp14
Ensembl Genes	16645	Zim1	86	5.90E-03	1.00E+00	1.00E+00	1.69E+02	5.91E-03	1	6.03E-05	1.02E-02	1	7.10E-03	1.00E+00	1.00E+00	1.41E+02	7.10E-03	1	1	6.58E-03	1.00E+00	chr7_6706261_6706761	Zim1
Ensembl Genes	5515	Zfp503	87	5.93E-03	1.00E+00	1.00E+00	1.68E+02	5.95E-03	1	6.07E-05	1.02E-02	1	7.10E-03	1.00E+00	1.00E+00	1.41E+02	7.10E-03	1	1	6.58E-03	1.00E+00	chr14_21991209_21991649	Zfp503
Ensembl Genes	3190	Tex14	88	5.96E-03	1.00E+00	1.00E+00	1.67E+02	5.98E-03	1	6.10E-05	1.02E-02	1	7.10E-03	1.00E+00	1.00E+00	1.41E+02	7.10E-03	1	1	6.58E-03	1.00E+00	chr11_87422538_87423866	Tex14
Ensembl Genes	3191	Gm11492	89	6.13E-03	1.00E+00	1.00E+00	1.63E+02	6.15E-03	1	6.27E-05	1.02E-02	1	7.10E-03	1.00E+00	1.00E+00	1.41E+02	7.10E-03	1	1	6.58E-03	1.00E+00	chr11_87422538_87423866	Gm11492
Ensembl Genes	10553	Nfe2l2	90	6.16E-03	1.00E+00	1.00E+00	1.62E+02	6.18E-03	1	6.30E-05	1.02E-02	1	7.10E-03	1.00E+00	1.00E+00	1.41E+02	7.10E-03	1	1	6.58E-03	1.00E+00	chr2_75703196_75704248	Nfe2l2
Ensembl Genes	3508	Meox1	91	6.48E-03	1.00E+00	1.00E+00	1.54E+02	6.50E-03	1	6.63E-05	1.02E-02	1	7.10E-03	1.00E+00	1.00E+00	1.41E+02	7.10E-03	1	1	6.58E-03	1.00E+00	chr11_101964638_101965429	Meox1
Ensembl Genes	4887	Sptlc1	92	6.68E-03	1.00E+00	1.00E+00	1.49E+02	6.70E-03	1	6.83E-05	1.02E-02	1	7.10E-03	1.00E+00	1.00E+00	1.41E+02	7.10E-03	1	1	6.58E-03	1.00E+00	chr13_53471407_53472168	Sptlc1
Ensembl Genes	15307	Slc29a4	93	6.87E-03	1.00E+00	1.00E+00	1.45E+02	6.89E-03	1	7.03E-05	1.02E-02	1	7.10E-03	1.00E+00	1.00E+00	1.41E+02	7.10E-03	1	1	6.58E-03	1.00E+00	chr5_142815895_142816475	Slc29a4
Ensembl Genes	5076	Ube2ql1	94	6.95E-03	1.00E+00	1.00E+00	1.43E+02	6.97E-03	1	7.12E-05	1.02E-02	1	7.10E-03	1.00E+00	1.00E+00	1.41E+02	7.10E-03	1	1	6.58E-03	1.00E+00	chr13_69770884_69771496	Ube2ql1
Ensembl Genes	15308	Tnrc18	95	7.05E-03	1.00E+00	1.00E+00	1.41E+02	7.08E-03	1	7.22E-05	1.02E-02	1	7.10E-03	1.00E+00	1.00E+00	1.41E+02	7.10E-03	1	1	6.58E-03	1.00E+00	chr5_142815895_142816475	Tnrc18
Ensembl Genes	3793	Bahcc1	96	7.05E-03	1.00E+00	1.00E+00	1.41E+02	7.08E-03	1	7.22E-05	1.02E-02	1	7.10E-03	1.00E+00	1.00E+00	1.41E+02	7.10E-03	1	1	6.58E-03	1.00E+00	chr11_120186364_120189507	Bahcc1
Ensembl Genes	11756	Gm14403	97	7.08E-03	1.00E+00	1.00E+00	1.41E+02	7.11E-03	1	7.25E-05	1.02E-02	1	7.10E-03	1.00E+00	1.00E+00	1.41E+02	7.10E-03	1	1	6.58E-03	1.00E+00	chr2_177511015_177511494	Gm14403
Ensembl Genes	16530	Fam60a	98	7.36E-03	1.00E+00	1.00E+00	1.35E+02	7.38E-03	1	7.53E-05	1.02E-02	1	7.10E-03	1.00E+00	1.00E+00	1.41E+02	7.10E-03	1	1	6.58E-03	1.00E+00	chr6_148944839_148945663	Fam60a
Ensembl Genes	12991	Gm21541	99	7.37E-03	1.00E+00	1.00E+00	1.35E+02	7.40E-03	1	7.55E-05	1.02E-02	1	7.10E-03	1.00E+00	1.00E+00	1.41E+02	7.10E-03	1	1	6.58E-03	1.00E+00	chr4_41921366_41921821	Gm21541
Ensembl Genes	4261	Irf2bpl	100	7.63E-03	1.00E+00	1.00E+00	1.31E+02	7.66E-03	1	7.82E-05	1.02E-02	1	7.10E-03	1.00E+00	1.00E+00	1.41E+02	7.10E-03	1	1	6.58E-03	1.00E+00	chr12_86891023_86891919	Irf2bpl
Ensembl Genes	6144	Epsti1	101	7.67E-03	1.00E+00	1.00E+00	1.30E+02	7.70E-03	1	7.86E-05	1.02E-02	1	7.10E-03	1.00E+00	1.00E+00	1.41E+02	7.10E-03	1	1	6.58E-03	1.00E+00	chr14_78086033_78087200	Epsti1
Ensembl Genes	13785	Arid1a	102	7.71E-03	1.00E+00	1.00E+00	1.29E+02	7.74E-03	1	7.90E-05	1.02E-02	1	7.10E-03	1.00E+00	1.00E+00	1.41E+02	7.10E-03	1	1	6.58E-03	1.00E+00	chr4_133755923_133757903	Arid1a
Ensembl Genes	7293	Cpn2	103	7.96E-03	1.00E+00	1.00E+00	1.25E+02	7.99E-03	1	8.16E-05	1.02E-02	1	7.10E-03	1.00E+00	1.00E+00	1.41E+02	7.10E-03	1	1	6.58E-03	1.00E+00	chr16_30066210_30067176	Cpn2
Ensembl Genes	15141	Gtf2i	104	8.15E-03	1.00E+00	1.00E+00	1.22E+02	8.18E-03	1	8.35E-05	1.02E-02	1	7.10E-03	1.00E+00	1.00E+00	1.41E+02	7.10E-03	1	1	6.58E-03	1.00E+00	chr5_134313576_134314029	Gtf2i
Ensembl Genes	9830	Golga7b	105	8.24E-03	1.00E+00	1.00E+00	1.21E+02	8.27E-03	1	8.44E-05	1.02E-02	1	7.10E-03	1.00E+00	1.00E+00	1.41E+02	7.10E-03	1	1	6.58E-03	1.00E+00	chr19_42280099_42280665	Golga7b
Ensembl Genes	15263	Gm5294	106	8.79E-03	1.00E+00	1.00E+00	1.13E+02	8.83E-03	1	9.01E-05	1.02E-02	1	7.10E-03	1.00E+00	1.00E+00	1.41E+02	7.10E-03	1	1	6.58E-03	1.00E+00	chr5_138992412_138994516	Gm5294
Ensembl Genes	11758	Gm14322	107	8.84E-03	1.00E+00	1.00E+00	1.13E+02	8.88E-03	1	9.07E-05	1.02E-02	1	7.10E-03	1.00E+00	1.00E+00	1.41E+02	7.10E-03	1	1	6.58E-03	1.00E+00	chr2_177511015_177511494	Gm14322
Ensembl Genes	11752	Gm14409	108	8.92E-03	1.00E+00	1.00E+00	1.12E+02	8.96E-03	1	9.14E-05	1.02E-02	1	7.10E-03	1.00E+00	1.00E+00	1.41E+02	7.10E-03	1	1	6.58E-03	1.00E+00	chr2_177205277_177205685	Gm14409
Ensembl Genes	1856	Nt5dc3	109	8.92E-03	1.00E+00	1.00E+00	1.12E+02	8.96E-03	1	9.14E-05	1.02E-02	1	7.10E-03	1.00E+00	1.00E+00	1.41E+02	7.10E-03	1	1	6.58E-03	1.00E+00	chr10_86836857_86837177	Nt5dc3
Ensembl Genes	16219	Bid	110	8.97E-03	1.00E+00	1.00E+00	1.11E+02	9.01E-03	1	9.19E-05	1.02E-02	1	7.10E-03	1.00E+00	1.00E+00	1.41E+02	7.10E-03	1	1	6.58E-03	1.00E+00	chr6_121069244_121070033	Bid
Ensembl Genes	15597	Kdm7a	111	9.32E-03	1.00E+00	1.00E+00	1.07E+02	9.36E-03	1	9.55E-05	1.02E-02	1	7.10E-03	1.00E+00	1.00E+00	1.41E+02	7.10E-03	1	1	6.58E-03	1.00E+00	chr6_39204889_39205411	Kdm7a
Ensembl Genes	16220	Mical3	112	9.46E-03	1.00E+00	1.00E+00	1.05E+02	9.51E-03	1	9.70E-05	1.02E-02	1	7.10E-03	1.00E+00	1.00E+00	1.41E+02	7.10E-03	1	1	6.58E-03	1.00E+00	chr6_121069244_121070033	Mical3
Ensembl Genes	9831	Crtac1	113	9.77E-03	1.00E+00	1.00E+00	1.02E+02	9.82E-03	1	1.00E-04	1.02E-02	1	7.10E-03	1.00E+00	1.00E+00	1.41E+02	7.10E-03	1	1	6.58E-03	1.00E+00	chr19_42280099_42280665	Crtac1
Ensembl Genes	19151	Ier2	114	9.85E-03	1.00E+00	1.00E+00	1.01E+02	9.90E-03	1	1.01E-04	1.02E-02	1	7.10E-03	1.00E+00	1.00E+00	1.41E+02	7.10E-03	1	1	6.58E-03	1.00E+00	chr8_84660555_84662042	Ier2
Ensembl Genes	1857	Stab2	115	1.01E-02	1.00E+00	1.00E+00	9.89E+01	1.01E-02	1	1.03E-04	1.02E-02	1	7.10E-03	1.00E+00	1.00E+00	1.41E+02	7.10E-03	1	1	6.58E-03	1.00E+00	chr10_86836857_86837177	Stab2
Ensembl Genes	15596	Parp12	116	1.05E-02	1.00E+00	1.00E+00	9.45E+01	1.06E-02	1	1.08E-04	1.02E-02	1	7.10E-03	1.00E+00	1.00E+00	1.41E+02	7.10E-03	1	1	6.58E-03	1.00E+00	chr6_39204889_39205411	Parp12
Ensembl Genes	11962	Spry1	117	1.10E-02	1.00E+00	1.00E+00	9.04E+01	1.11E-02	1	1.13E-04	1.02E-02	1	7.10E-03	1.00E+00	1.00E+00	1.41E+02	7.10E-03	1	1	6.58E-03	1.00E+00	chr3_37642698_37643251	Spry1
Ensembl Genes	15264	Pdgfa	118	1.13E-02	1.00E+00	1.00E+00	8.78E+01	1.14E-02	1	1.16E-04	1.02E-02	1	7.10E-03	1.00E+00	1.00E+00	1.41E+02	7.10E-03	1	1	6.58E-03	1.00E+00	chr5_138992412_138994516	Pdgfa
Ensembl Genes	9959	Afap1l2	119	1.25E-02	1.00E+00	1.00E+00	7.95E+01	1.26E-02	1	1.28E-04	1.02E-02	1	7.10E-03	1.00E+00	1.00E+00	1.41E+02	7.10E-03	1	1	6.58E-03	1.00E+00	chr19_57119757_57120427	Afap1l2
Ensembl Genes	9960	Ablim1	120	1.26E-02	1.00E+00	1.00E+00	7.88E+01	1.27E-02	1	1.29E-04	1.02E-02	1	7.10E-03	1.00E+00	1.00E+00	1.41E+02	7.10E-03	1	1	6.58E-03	1.00E+00	chr19_57119757_57120427	Ablim1
Ensembl Genes	1546	Rtkn2	121	1.32E-02	1.00E+00	1.00E+00	7.50E+01	1.33E-02	1	1.36E-04	1.02E-02	1	7.10E-03	1.00E+00	1.00E+00	1.41E+02	7.10E-03	1	1	6.58E-03	1.00E+00	chr10_68276719_68277215	Rtkn2
Ensembl Genes	21809	Gm21292	122	1.33E-02	1.00E+00	1.00E+00	7.48E+01	1.34E-02	1	1.36E-04	1.02E-02	1	7.10E-03	1.00E+00	1.00E+00	1.41E+02	7.10E-03	1	1	6.58E-03	1.00E+00	chrY_9131730_9131915	Gm21292
Ensembl Genes	14759	Tmem150c	123	1.36E-02	1.00E+00	1.00E+00	7.28E+01	1.37E-02	1	1.40E-04	1.02E-02	1	7.10E-03	1.00E+00	1.00E+00	1.41E+02	7.10E-03	1	1	6.58E-03	1.00E+00	chr5_100067158_100068139	Tmem150c
Ensembl Genes	5738	Bmp4	124	1.38E-02	1.00E+00	1.00E+00	7.20E+01	1.39E-02	1	1.42E-04	1.02E-02	1	7.10E-03	1.00E+00	1.00E+00	1.41E+02	7.10E-03	1	1	6.58E-03	1.00E+00	chr14_46387358_46388080	Bmp4
Ensembl Genes	19150	Cacna1a	125	1.42E-02	1.00E+00	1.00E+00	6.99E+01	1.43E-02	1	1.46E-04	1.02E-02	1	7.10E-03	1.00E+00	1.00E+00	1.41E+02	7.10E-03	1	1	6.58E-03	1.00E+00	chr8_84660555_84662042	Cacna1a
Ensembl Genes	4494	Abcb5	126	1.44E-02	1.00E+00	1.00E+00	6.92E+01	1.45E-02	1	1.47E-04	1.02E-02	1	7.10E-03	1.00E+00	1.00E+00	1.41E+02	7.10E-03	1	1	6.58E-03	1.00E+00	chr12_118847345_118851129	Abcb5
Ensembl Genes	6145	Fam216b	127	1.48E-02	1.00E+00	1.00E+00	6.72E+01	1.49E-02	1	1.52E-04	1.02E-02	1	7.10E-03	1.00E+00	1.00E+00	1.41E+02	7.10E-03	1	1	6.58E-03	1.00E+00	chr14_78086033_78087200	Fam216b
Ensembl Genes	11994	Nhlrc3	128	1.56E-02	1.00E+00	1.00E+00	6.34E+01	1.58E-02	1	1.61E-04	1.02E-02	1	7.10E-03	1.00E+00	1.00E+00	1.41E+02	7.10E-03	1	1	6.58E-03	1.00E+00	chr3_53463421_53463885	Nhlrc3
Ensembl Genes	11750	Gm14401	129	1.59E-02	1.00E+00	1.00E+00	6.23E+01	1.61E-02	1	1.64E-04	1.02E-02	1	7.10E-03	1.00E+00	1.00E+00	1.41E+02	7.10E-03	1	1	6.58E-03	1.00E+00	chr2_177205277_177205685	Gm14401
Ensembl Genes	14879	Ttc28	130	1.76E-02	1.00E+00	1.00E+00	5.62E+01	1.78E-02	1	1.82E-04	1.02E-02	1	7.10E-03	1.00E+00	1.00E+00	1.41E+02	7.10E-03	1	1	6.58E-03	1.00E+00	chr5_111006204_111007025	Ttc28
Ensembl Genes	4323	Ttc7b	131	1.92E-02	1.00E+00	1.00E+00	5.17E+01	1.94E-02	1	1.97E-04	1.02E-02	1	7.10E-03	1.00E+00	1.00E+00	1.41E+02	7.10E-03	1	1	6.58E-03	1.00E+00	chr12_100522666_100523349	Ttc7b
Ensembl Genes	14880	Pitpnb	132	1.95E-02	1.00E+00	1.00E+00	5.08E+01	1.97E-02	1	2.01E-04	1.02E-02	1	7.10E-03	1.00E+00	1.00E+00	1.41E+02	7.10E-03	1	1	6.58E-03	1.00E+00	chr5_111006204_111007025	Pitpnb
Ensembl Genes	1547	Arid5b	133	2.05E-02	1.00E+00	1.00E+00	4.82E+01	2.07E-02	1	2.12E-04	1.02E-02	1	7.10E-03	1.00E+00	1.00E+00	1.41E+02	7.10E-03	1	1	6.58E-03	1.00E+00	chr10_68276719_68277215	Arid5b
Ensembl Genes	4803	Tfap2a	134	2.06E-02	1.00E+00	1.00E+00	4.81E+01	2.08E-02	1	2.12E-04	1.02E-02	1	7.10E-03	1.00E+00	1.00E+00	1.41E+02	7.10E-03	1	1	6.58E-03	1.00E+00	chr13_40727364_40730800	Tfap2a
Ensembl Genes	16197	Cacna1c	135	2.21E-02	1.00E+00	1.00E+00	4.48E+01	2.23E-02	1	2.28E-04	1.02E-02	1	7.10E-03	1.00E+00	1.00E+00	1.41E+02	7.10E-03	1	1	6.58E-03	1.00E+00	chr6_118758397_118758711	Cacna1c
Ensembl Genes	16196	Ankrd26	136	2.28E-02	1.00E+00	1.00E+00	4.34E+01	2.30E-02	1	2.35E-04	1.02E-02	1	7.10E-03	1.00E+00	1.00E+00	1.41E+02	7.10E-03	1	1	6.58E-03	1.00E+00	chr6_118758397_118758711	Ankrd26
Ensembl Genes	4493	Sp8	137	2.41E-02	1.00E+00	1.00E+00	4.10E+01	2.44E-02	1	2.49E-04	1.02E-02	1	7.10E-03	1.00E+00	1.00E+00	1.41E+02	7.10E-03	1	1	6.58E-03	1.00E+00	chr12_118847345_118851129	Sp8
Ensembl Genes	5007	Fancc	138	2.46E-02	1.00E+00	1.00E+00	4.02E+01	2.49E-02	1	2.54E-04	1.02E-02	1	7.10E-03	1.00E+00	1.00E+00	1.41E+02	7.10E-03	1	1	6.58E-03	1.00E+00	chr13_63563733_63564766	Fancc
Ensembl Genes	7292	Hes1	139	2.51E-02	1.00E+00	1.00E+00	3.94E+01	2.54E-02	1	2.59E-04	1.02E-02	1	7.10E-03	1.00E+00	1.00E+00	1.41E+02	7.10E-03	1	1	6.58E-03	1.00E+00	chr16_30066210_30067176	Hes1
Ensembl Genes	14754	Gm35911	140	2.62E-02	1.00E+00	1.00E+00	3.77E+01	2.65E-02	1	2.70E-04	1.02E-02	1	7.10E-03	1.00E+00	1.00E+00	1.41E+02	7.10E-03	1	1	6.58E-03	1.00E+00	chr5_99728733_99729813	Gm35911
Ensembl Genes	5737	Gm15217	141	2.65E-02	1.00E+00	1.00E+00	3.72E+01	2.69E-02	1	2.74E-04	1.02E-02	1	7.10E-03	1.00E+00	1.00E+00	1.41E+02	7.10E-03	1	1	6.58E-03	1.00E+00	chr14_46387358_46388080	Gm15217
Ensembl Genes	17668	Tmc3	142	2.77E-02	1.00E+00	1.00E+00	3.56E+01	2.81E-02	1	2.87E-04	1.02E-02	1	7.10E-03	1.00E+00	1.00E+00	1.41E+02	7.10E-03	1	1	6.58E-03	1.00E+00	chr7_82869018_82869904	Tmc3
Ensembl Genes	11963	Gm5148	143	3.07E-02	1.00E+00	1.00E+00	3.21E+01	3.12E-02	1	3.18E-04	1.02E-02	1	7.10E-03	1.00E+00	1.00E+00	1.41E+02	7.10E-03	1	1	6.58E-03	1.00E+00	chr3_37642698_37643251	Gm5148
Ensembl Genes	14753	Rasgef1b	144	3.13E-02	1.00E+00	1.00E+00	3.15E+01	3.18E-02	1	3.24E-04	1.02E-02	1	7.10E-03	1.00E+00	1.00E+00	1.41E+02	7.10E-03	1	1	6.58E-03	1.00E+00	chr5_99728733_99729813	Rasgef1b
Ensembl Genes	5077	Med10	145	3.25E-02	1.00E+00	1.00E+00	3.03E+01	3.30E-02	1	3.37E-04	1.02E-02	1	7.10E-03	1.00E+00	1.00E+00	1.41E+02	7.10E-03	1	1	6.58E-03	1.00E+00	chr13_69770884_69771496	Med10
Ensembl Genes	17667	Mex3b	146	3.37E-02	1.00E+00	1.00E+00	2.92E+01	3.43E-02	1	3.50E-04	1.02E-02	1	7.10E-03	1.00E+00	1.00E+00	1.41E+02	7.10E-03	1	1	6.58E-03	1.00E+00	chr7_82869018_82869904	Mex3b
Ensembl Genes	7071	Eef2kmt	147	3.71E-02	1.00E+00	1.00E+00	2.65E+01	3.78E-02	1	3.86E-04	1.02E-02	1	7.10E-03	1.00E+00	1.00E+00	1.41E+02	7.10E-03	1	1	6.58E-03	1.00E+00	chr16_5254419_5255117	Eef2kmt
Ensembl Genes	18136	Sox6	148	3.95E-02	1.00E+00	1.00E+00	2.48E+01	4.03E-02	1	4.11E-04	1.02E-02	1	7.10E-03	1.00E+00	1.00E+00	1.41E+02	7.10E-03	1	1	6.58E-03	1.00E+00	chr7_116032327_116033153	Sox6
Ensembl Genes	15826	Snca	149	4.03E-02	1.00E+00	1.00E+00	2.43E+01	4.11E-02	1	4.19E-04	1.02E-02	1	7.10E-03	1.00E+00	1.00E+00	1.41E+02	7.10E-03	1	1	6.58E-03	1.00E+00	chr6_60830285_60830625	Snca
Ensembl Genes	15576	Chrm2	150	4.57E-02	1.00E+00	1.00E+00	2.14E+01	4.68E-02	1	4.78E-04	1.02E-02	1	7.10E-03	1.00E+00	1.00E+00	1.41E+02	7.10E-03	1	1	6.58E-03	1.00E+00	chr6_36388037_36388580	Chrm2
Ensembl Genes	11981	Slc7a11	151	5.08E-02	1.00E+00	1.00E+00	1.92E+01	5.21E-02	1	5.31E-04	1.02E-02	1	7.10E-03	1.00E+00	1.00E+00	1.41E+02	7.10E-03	1	1	6.58E-03	1.00E+00	chr3_50442906_50443889	Slc7a11
Ensembl Genes	4802	Ofcc1	152	5.09E-02	1.00E+00	1.00E+00	1.91E+01	5.23E-02	1	5.33E-04	1.02E-02	1	7.10E-03	1.00E+00	1.00E+00	1.41E+02	7.10E-03	1	1	6.58E-03	1.00E+00	chr13_40727364_40730800	Ofcc1
GO Biological Process	GO:0045596	negative regulation of cell differentiation	1	1.38E-07	1.77E-03	1.77E-03	3.10E+00	8.38E+00	26	8.55E-02	2.65E-01	1	5.45E-08	7.00E-04	7.00E-04	4.04E+00	5.19E+00	21	731	1.38E-01	2.87E-02	chr11_69919322_69920053,chr13_53471407_53472168,chr13_53472662_53473247,chr13_63563733_63564766,chr13_63566316_63566849,chr14_46387358_46388080,chr16_30066210_30067176,chr17_83920344_83920701,chr17_84184827_84185319,chr17_84185496_84186847,chr2_174428666_174429601,chr2_71541880_71544776,chr2_71544955_71545796,chr2_75703196_75704248,chr3_89280734_89281464,chr4_134019055_134020274,chr4_41921366_41921821,chr6_118758397_118758711,chr6_148944839_148945663,chr6_48840815_48841662,chr7_116032327_116033153,chr7_126781249_126781424,chr8_26117824_26118019,chr8_26118257_26118822,chr9_55542234_55544237,chr9_55544680_55546400	Ankrd26,Bmp4,Ctsz,Dlx1,Dlx2,Efna1,Fam60a,Gm21541,Gps2,Hes1,Hook3,Isl2,Lin28a,Msx2,Nfe2l2,Ptch1,Sox6,Tbx6,Tmem176a,Tmem176b,Zfp36l2
GO Biological Process	GO:0051093	negative regulation of developmental process	2	4.10E-07	5.27E-03	2.64E-03	2.70E+00	1.07E+01	29	1.10E-01	2.96E-01	2	7.35E-08	9.46E-04	4.73E-04	3.53E+00	6.81E+00	24	958	1.58E-01	2.51E-02	chr11_101964638_101965429,chr11_69919322_69920053,chr13_53471407_53472168,chr13_53472662_53473247,chr13_63563733_63564766,chr13_63566316_63566849,chr14_46387358_46388080,chr16_30066210_30067176,chr17_83920344_83920701,chr17_84184827_84185319,chr17_84185496_84186847,chr2_174428666_174429601,chr2_71541880_71544776,chr2_71544955_71545796,chr2_75703196_75704248,chr3_89280734_89281464,chr4_134019055_134020274,chr4_141326801_141327760,chr4_41921366_41921821,chr5_134313576_134314029,chr6_118758397_118758711,chr6_148944839_148945663,chr6_48840815_48841662,chr7_116032327_116033153,chr7_126781249_126781424,chr8_26117824_26118019,chr8_26118257_26118822,chr9_55542234_55544237,chr9_55544680_55546400	Ankrd26,Bmp4,Ctsz,Dlx1,Dlx2,Efna1,Epha2,Fam60a,Gm21541,Gps2,Gtf2i,Hes1,Hook3,Isl2,Lin28a,Msx2,Nfe2l2,Ptch1,Sost,Sox6,Tbx6,Tmem176a,Tmem176b,Zfp36l2
GO Biological Process	GO:0021997	neural plate axis specification	3	7.89E-07	1.02E-02	3.38E-03	1.76E+02	1.70E-02	3	1.74E-04	3.06E-02	25	5.01E-05	6.45E-01	2.58E-02	1.41E+02	1.42E-02	2	2	1.32E-02	1.00E+00	chr13_63563733_63564766,chr13_63566316_63566849,chr7_100372146_100372354	C2cd3,Ptch1
GO Biological Process	GO:2000737	negative regulation of stem cell differentiation	4	4.76E-06	6.12E-02	1.53E-02	2.10E+01	2.38E-01	5	2.43E-03	5.10E-02	71	6.38E-04	1.00E+00	1.15E-01	1.76E+01	1.71E-01	3	24	1.97E-02	1.25E-01	chr16_30066210_30067176,chr17_83920344_83920701,chr17_84184827_84185319,chr17_84185496_84186847,chr2_75703196_75704248	Hes1,Nfe2l2,Zfp36l2
GO Biological Process	GO:0019827	stem cell population maintenance	5	6.89E-06	8.86E-02	1.77E-02	6.04E+00	1.66E+00	10	1.69E-02	1.02E-01	28	5.66E-05	7.27E-01	2.60E-02	7.19E+00	9.73E-01	7	137	4.61E-02	5.11E-02	chr13_63563733_63564766,chr13_69770884_69771496,chr16_30066210_30067176,chr17_83920344_83920701,chr17_84184827_84185319,chr17_84185496_84186847,chr4_133755923_133757903,chr4_134019055_134020274,chr8_26117824_26118019,chr8_26118257_26118822	Arid1a,Fancc,Hes1,Hook3,Lin28a,Med10,Zfp36l2
GO Biological Process	GO:0098727	maintenance of cell number	6	1.11E-05	1.43E-01	2.38E-02	5.71E+00	1.75E+00	10	1.79E-02	1.02E-01	30	6.79E-05	8.73E-01	2.91E-02	6.99E+00	1.00E+00	7	141	4.61E-02	4.96E-02	chr13_63563733_63564766,chr13_69770884_69771496,chr16_30066210_30067176,chr17_83920344_83920701,chr17_84184827_84185319,chr17_84185496_84186847,chr4_133755923_133757903,chr4_134019055_134020274,chr8_26117824_26118019,chr8_26118257_26118822	Arid1a,Fancc,Hes1,Hook3,Lin28a,Med10,Zfp36l2
GO Biological Process	GO:0045598	regulation of fat cell differentiation	7	1.16E-05	1.49E-01	2.13E-02	5.68E+00	1.76E+00	10	1.80E-02	1.02E-01	46	2.50E-04	1.00E+00	6.99E-02	6.87E+00	8.74E-01	6	123	3.95E-02	4.88E-02	chr11_69919322_69920053,chr12_16589553_16589895,chr12_16590033_16592004,chr13_53471407_53472168,chr13_53472662_53473247,chr16_30066210_30067176,chr17_83920344_83920701,chr17_84184827_84185319,chr17_84185496_84186847,chr6_118758397_118758711	Ankrd26,Gps2,Hes1,Lpin1,Msx2,Zfp36l2
GO Biological Process	GO:2000736	regulation of stem cell differentiation	8	1.35E-05	1.74E-01	2.17E-02	9.11E+00	7.68E-01	7	7.84E-03	7.14E-02	21	4.43E-05	5.69E-01	2.71E-02	1.28E+01	3.91E-01	5	55	3.29E-02	9.09E-02	chr14_46387358_46388080,chr16_30066210_30067176,chr17_83920344_83920701,chr17_84184827_84185319,chr17_84185496_84186847,chr2_75703196_75704248,chr7_116032327_116033153	Bmp4,Hes1,Nfe2l2,Sox6,Zfp36l2
GO Biological Process	GO:0045599	negative regulation of fat cell differentiation	9	1.47E-05	1.90E-01	2.11E-02	8.99E+00	7.79E-01	7	7.95E-03	7.14E-02	63	4.37E-04	1.00E+00	8.93E-02	1.13E+01	3.55E-01	4	50	2.63E-02	8.00E-02	chr11_69919322_69920053,chr13_53471407_53472168,chr13_53472662_53473247,chr17_83920344_83920701,chr17_84184827_84185319,chr17_84185496_84186847,chr6_118758397_118758711	Ankrd26,Gps2,Msx2,Zfp36l2
GO Biological Process	GO:0060896	neural plate pattern specification	10	1.86E-05	2.39E-01	2.39E-02	6.09E+01	4.92E-02	3	5.02E-04	3.06E-02	85	1.03E-03	1.00E+00	1.56E-01	4.02E+01	4.97E-02	2	7	1.32E-02	2.86E-01	chr13_63563733_63564766,chr13_63566316_63566849,chr7_100372146_100372354	C2cd3,Ptch1
GO Biological Process	GO:0045684	positive regulation of epidermis development	11	2.26E-05	2.91E-01	2.64E-02	1.52E+01	3.30E-01	5	3.37E-03	5.10E-02	126	2.29E-03	1.00E+00	2.34E-01	1.14E+01	2.63E-01	3	37	1.97E-02	8.11E-02	chr13_53471407_53472168,chr13_53472662_53473247,chr13_63563733_63564766,chr13_63566316_63566849,chr14_46387358_46388080	Bmp4,Msx2,Ptch1
GO Biological Process	GO:0045604	regulation of epidermal cell differentiation	12	2.76E-05	3.55E-01	2.96E-02	1.04E+01	5.77E-01	6	5.89E-03	6.12E-02	68	5.47E-04	1.00E+00	1.03E-01	1.06E+01	3.77E-01	4	53	2.63E-02	7.55E-02	chr13_53471407_53472168,chr13_53472662_53473247,chr13_63563733_63564766,chr13_63566316_63566849,chr14_46387358_46388080,chr16_30066210_30067176	Bmp4,Hes1,Msx2,Ptch1
GO Biological Process	GO:0097011	cellular response to granulocyte macrophage colony-stimulating factor stimulus	13	4.14E-05	5.32E-01	4.09E-02	4.65E+01	6.45E-02	3	6.58E-04	3.06E-02	874	8.20E-02	1.00E+00	1.00E+00	1.17E+01	8.53E-02	1	12	6.58E-03	8.33E-02	chr17_83920344_83920701,chr17_84184827_84185319,chr17_84185496_84186847	Zfp36l2
GO Biological Process	GO:0097012	response to granulocyte macrophage colony-stimulating factor	14	5.89E-05	7.58E-01	5.41E-02	4.13E+01	7.27E-02	3	7.42E-04	3.06E-02	929	8.85E-02	1.00E+00	1.00E+00	1.08E+01	9.24E-02	1	13	6.58E-03	7.69E-02	chr17_83920344_83920701,chr17_84184827_84185319,chr17_84185496_84186847	Zfp36l2
GO Biological Process	GO:0019674	NAD metabolic process	15	7.06E-05	9.08E-01	6.05E-02	1.86E+01	2.15E-01	4	2.19E-03	4.08E-02	428	2.29E-02	1.00E+00	6.89E-01	8.53E+00	2.34E-01	2	33	1.32E-02	6.06E-02	chr17_83920344_83920701,chr17_84184827_84185319,chr17_84185496_84186847,chr5_135790394_135790983	Haao,Mdh2
GO Biological Process	GO:0021893	cerebral cortex GABAergic interneuron fate commitment	16	7.22E-05	9.29E-01	5.80E-02	1.65E+02	1.21E-02	2	1.24E-04	2.04E-02	25	5.01E-05	6.45E-01	2.58E-02	1.41E+02	1.42E-02	2	2	1.32E-02	1.00E+00	chr2_71541880_71544776,chr2_71544955_71545796	Dlx1,Dlx2
GO Biological Process	GO:1902871	positive regulation of amacrine cell differentiation	16	7.22E-05	9.29E-01	5.80E-02	1.65E+02	1.21E-02	2	1.24E-04	2.04E-02	25	5.01E-05	6.45E-01	2.58E-02	1.41E+02	1.42E-02	2	2	1.32E-02	1.00E+00	chr2_71541880_71544776,chr2_71544955_71545796	Dlx1,Dlx2
GO Biological Process	GO:0000122	negative regulation of transcription from RNA polymerase II promoter	18	8.38E-05	1.00E+00	5.98E-02	2.41E+00	9.14E+00	22	9.32E-02	2.24E-01	14	7.82E-06	1.01E-01	7.19E-03	3.20E+00	5.94E+00	19	836	1.25E-01	2.27E-02	chr10_68276719_68277215,chr11_69919322_69920053,chr11_70233509_70233695,chr12_16589553_16589895,chr12_16590033_16592004,chr12_86891023_86891919,chr13_40727364_40730800,chr13_53471407_53472168,chr13_53472662_53473247,chr13_63563733_63564766,chr13_63566316_63566849,chr14_46387358_46388080,chr15_102982607_102983365,chr16_30066210_30067176,chr2_71541880_71544776,chr2_71544955_71545796,chr3_89280734_89281464,chr4_133755923_133757903,chr7_116032327_116033153,chr7_126781249_126781424,chr7_19355987_19356721,chr7_6706261_6706761	Arid1a,Arid5b,Bcl6b,Bmp4,Dlx1,Dlx2,Efna1,Gps2,Hes1,Hoxc8,Irf2bpl,Lpin1,Msx2,Peg3,Ppp1r13l,Ptch1,Sox6,Tbx6,Tfap2a
GO Biological Process	GO:0061312	BMP signaling pathway involved in heart development	19	8.41E-05	1.00E+00	5.69E-02	3.66E+01	8.21E-02	3	8.37E-04	3.06E-02	77	7.38E-04	1.00E+00	1.23E-01	4.69E+01	4.26E-02	2	6	1.32E-02	3.33E-01	chr13_53471407_53472168,chr13_53472662_53473247,chr14_46387358_46388080	Bmp4,Msx2
GO Biological Process	GO:0021882	regulation of transcription from RNA polymerase II promoter involved in forebrain neuron fate commitment	20	1.11E-04	1.00E+00	7.11E-02	1.33E+02	1.50E-02	2	1.53E-04	2.04E-02	39	1.50E-04	1.00E+00	4.94E-02	9.38E+01	2.13E-02	2	3	1.32E-02	6.67E-01	chr2_71541880_71544776,chr2_71544955_71545796	Dlx1,Dlx2
GO Biological Process	GO:1904628	cellular response to phorbol 13-acetate 12-myristate	21	1.34E-04	1.00E+00	8.21E-02	3.12E+01	9.62E-02	3	9.81E-04	3.06E-02	645	4.87E-02	1.00E+00	9.71E-01	2.01E+01	4.97E-02	1	7	6.58E-03	1.43E-01	chr17_83920344_83920701,chr17_84184827_84185319,chr17_84185496_84186847	Zfp36l2
GO Biological Process	GO:0001840	neural plate development	22	1.41E-04	1.00E+00	8.22E-02	3.07E+01	9.78E-02	3	9.98E-04	3.06E-02	142	3.16E-03	1.00E+00	2.86E-01	2.35E+01	8.53E-02	2	12	1.32E-02	1.67E-01	chr13_63563733_63564766,chr13_63566316_63566849,chr7_100372146_100372354	C2cd3,Ptch1
GO Biological Process	GO:0007032	endosome organization	23	1.52E-04	1.00E+00	8.50E-02	1.52E+01	2.62E-01	4	2.68E-03	4.08E-02	584	4.07E-02	1.00E+00	8.96E-01	6.26E+00	3.20E-01	2	45	1.32E-02	4.44E-02	chr7_38184529_38185013,chr7_38197297_38198262,chr8_26117824_26118019,chr8_26118257_26118822	Hook3,Plekhf1
GO Biological Process	GO:0021898	commitment of multipotent stem cells to neuronal lineage in forebrain	24	1.54E-04	1.00E+00	8.25E-02	1.13E+02	1.77E-02	2	1.81E-04	2.04E-02	50	2.98E-04	1.00E+00	7.66E-02	7.04E+01	2.84E-02	2	4	1.32E-02	5.00E-01	chr2_71541880_71544776,chr2_71544955_71545796	Dlx1,Dlx2
GO Biological Process	GO:0010157	response to chlorate	25	1.61E-04	1.00E+00	8.28E-02	1.10E+02	1.81E-02	2	1.85E-04	2.04E-02	294	1.42E-02	1.00E+00	6.19E-01	7.04E+01	1.42E-02	1	2	6.58E-03	5.00E-01	chr13_63563733_63564766,chr13_63566316_63566849	Ptch1
GO Biological Process	GO:1990778	protein localization to cell periphery	26	1.80E-04	1.00E+00	8.88E-02	5.14E+00	1.56E+00	8	1.59E-02	8.16E-02	108	1.74E-03	1.00E+00	2.07E-01	4.74E+00	1.26E+00	6	178	3.95E-02	3.37E-02	chr11_69399728_69400631,chr12_100522666_100523349,chr13_63563733_63564766,chr13_63566316_63566849,chr19_42280099_42280665,chr7_38184529_38185013,chr7_38197297_38198262,chr7_82869018_82869904	Golga7b,Mex3b,Plekhf1,Ptch1,Tmem88,Ttc7b
GO Biological Process	GO:1904627	response to phorbol 13-acetate 12-myristate	27	1.83E-04	1.00E+00	8.71E-02	2.81E+01	1.07E-01	3	1.09E-03	3.06E-02	742	6.22E-02	1.00E+00	1.00E+00	1.56E+01	6.39E-02	1	9	6.58E-03	1.11E-01	chr17_83920344_83920701,chr17_84184827_84185319,chr17_84185496_84186847	Zfp36l2
GO Biological Process	GO:0045682	regulation of epidermis development	28	1.98E-04	1.00E+00	9.08E-02	7.24E+00	8.28E-01	6	8.45E-03	6.12E-02	125	2.22E-03	1.00E+00	2.28E-01	7.31E+00	5.47E-01	4	77	2.63E-02	5.19E-02	chr13_53471407_53472168,chr13_53472662_53473247,chr13_63563733_63564766,chr13_63566316_63566849,chr14_46387358_46388080,chr16_30066210_30067176	Bmp4,Hes1,Msx2,Ptch1
GO Biological Process	GO:0009435	NAD biosynthetic process	29	2.26E-04	1.00E+00	1.00E-01	2.61E+01	1.15E-01	3	1.17E-03	3.06E-02	929	8.85E-02	1.00E+00	1.00E+00	1.08E+01	9.24E-02	1	13	6.58E-03	7.69E-02	chr17_83920344_83920701,chr17_84184827_84185319,chr17_84185496_84186847	Haao
GO Biological Process	GO:0051560	mitochondrial calcium ion homeostasis	30	2.29E-04	1.00E+00	9.80E-02	2.60E+01	1.15E-01	3	1.18E-03	3.06E-02	1235	1.45E-01	1.00E+00	1.00E+00	6.40E+00	1.56E-01	1	22	6.58E-03	4.55E-02	chr7_38183050_38184271,chr7_38184529_38185013,chr7_38197297_38198262	1600014C10Rik
GO Biological Process	GO:0007389	pattern specification process	31	2.44E-04	1.00E+00	1.01E-01	2.84E+00	5.28E+00	15	5.39E-02	1.53E-01	3	6.02E-07	7.73E-03	2.58E-03	4.80E+00	3.13E+00	15	440	9.87E-02	3.41E-02	chr11_101964638_101965429,chr11_96352608_96353722,chr12_118847345_118851129,chr13_40727364_40730800,chr13_53471407_53472168,chr13_53472662_53473247,chr13_63563733_63564766,chr13_63566316_63566849,chr14_46387358_46388080,chr15_102982607_102983365,chr16_30066210_30067176,chr2_71541880_71544776,chr2_71544955_71545796,chr7_100372146_100372354,chr7_126781249_126781424	Bmp4,C2cd3,Dlx1,Dlx2,Hes1,Hoxb1,Hoxb2,Hoxc8,Hoxc9,Meox1,Msx2,Ptch1,Sp8,Tbx6,Tfap2a
GO Biological Process	GO:0061430	bone trabecula morphogenesis	32	2.45E-04	1.00E+00	9.83E-02	2.54E+01	1.18E-01	3	1.21E-03	3.06E-02	151	3.72E-03	1.00E+00	3.16E-01	2.17E+01	9.24E-02	2	13	1.32E-02	1.54E-01	chr10_80055087_80056206,chr13_53471407_53472168,chr13_53472662_53473247	Msx2,Sbno2
GO Biological Process	GO:0003002	regionalization	33	2.55E-04	1.00E+00	9.93E-02	3.14E+00	4.14E+00	13	4.23E-02	1.33E-01	4	1.13E-06	1.45E-02	3.62E-03	5.32E+00	2.44E+00	13	344	8.55E-02	3.78E-02	chr11_101964638_101965429,chr11_96352608_96353722,chr12_118847345_118851129,chr13_53471407_53472168,chr13_53472662_53473247,chr13_63563733_63564766,chr13_63566316_63566849,chr14_46387358_46388080,chr15_102982607_102983365,chr16_30066210_30067176,chr2_71541880_71544776,chr2_71544955_71545796,chr7_126781249_126781424	Bmp4,Dlx1,Dlx2,Hes1,Hoxb1,Hoxb2,Hoxc8,Hoxc9,Meox1,Msx2,Ptch1,Sp8,Tbx6
GO Biological Process	GO:0048598	embryonic morphogenesis	34	2.69E-04	1.00E+00	1.02E-01	2.42E+00	7.86E+00	19	8.03E-02	1.94E-01	7	2.44E-06	3.13E-02	4.48E-03	3.82E+00	4.45E+00	17	627	1.12E-01	2.71E-02	chr11_96352608_96353722,chr12_118847345_118851129,chr13_40727364_40730800,chr13_53471407_53472168,chr13_53472662_53473247,chr13_63563733_63564766,chr13_63566316_63566849,chr14_46387358_46388080,chr15_102982607_102983365,chr15_89174182_89175604,chr16_30066210_30067176,chr2_71541880_71544776,chr2_71544955_71545796,chr3_89280734_89281464,chr4_133755923_133757903,chr4_141326801_141327760,chr6_118758397_118758711,chr7_100372146_100372354,chr7_126781249_126781424	Arid1a,Bmp4,C2cd3,Cacna1c,Dlx2,Efna1,Epha2,Hes1,Hoxb1,Hoxb2,Hoxc9,Msx2,Plxnb2,Ptch1,Sp8,Tbx6,Tfap2a
GO Biological Process	GO:0030326	embryonic limb morphogenesis	35	2.89E-04	1.00E+00	1.06E-01	4.24E+00	2.12E+00	9	2.16E-02	9.18E-02	32	7.75E-05	9.97E-01	3.12E-02	6.84E+00	1.02E+00	7	144	4.61E-02	4.86E-02	chr12_118847345_118851129,chr13_40727364_40730800,chr13_53471407_53472168,chr13_53472662_53473247,chr13_63563733_63564766,chr13_63566316_63566849,chr14_46387358_46388080,chr6_118758397_118758711,chr7_100372146_100372354	Bmp4,C2cd3,Cacna1c,Msx2,Ptch1,Sp8,Tfap2a
GO Biological Process	GO:0040015	negative regulation of multicellular organism growth	36	2.94E-04	1.00E+00	1.05E-01	2.38E+01	1.26E-01	3	1.28E-03	3.06E-02	159	4.31E-03	1.00E+00	3.49E-01	2.01E+01	9.95E-02	2	14	1.32E-02	1.43E-01	chr13_63563733_63564766,chr13_63566316_63566849,chr6_118758397_118758711	Ankrd26,Ptch1
GO Biological Process	GO:0003007	heart morphogenesis	37	3.24E-04	1.00E+00	1.13E-01	3.25E+00	3.69E+00	12	3.76E-02	1.22E-01	16	1.29E-05	1.66E-01	1.04E-02	5.61E+00	1.78E+00	10	251	6.58E-02	3.98E-02	chr13_40727364_40730800,chr13_53471407_53472168,chr13_53472662_53473247,chr13_63563733_63564766,chr13_63566316_63566849,chr14_46387358_46388080,chr16_30066210_30067176,chr3_37642698_37643251,chr3_89280734_89281464,chr7_100372146_100372354,chr7_19355987_19356721,chr8_124946584_124947555	Bmp4,C2cd3,Efna1,Egln1,Hes1,Msx2,Ppp1r13l,Ptch1,Spry1,Tfap2a
GO Biological Process	GO:0019359	nicotinamide nucleotide biosynthetic process	38	3.32E-04	1.00E+00	1.12E-01	2.29E+01	1.31E-01	3	1.34E-03	3.06E-02	1085	1.14E-01	1.00E+00	1.00E+00	8.28E+00	1.21E-01	1	17	6.58E-03	5.88E-02	chr17_83920344_83920701,chr17_84184827_84185319,chr17_84185496_84186847	Haao
GO Biological Process	GO:0048568	embryonic organ development	39	3.38E-04	1.00E+00	1.11E-01	2.64E+00	6.07E+00	16	6.19E-02	1.63E-01	6	2.23E-06	2.87E-02	4.78E-03	4.32E+00	3.47E+00	15	489	9.87E-02	3.07E-02	chr11_96352608_96353722,chr13_40727364_40730800,chr13_63563733_63564766,chr13_63566316_63566849,chr14_46387358_46388080,chr15_102982607_102983365,chr16_30066210_30067176,chr2_71541880_71544776,chr2_71544955_71545796,chr3_89280734_89281464,chr4_133755923_133757903,chr4_141326801_141327760,chr5_138992412_138994516,chr7_100372146_100372354,chr7_19355987_19356721,chr8_124946584_124947555	Arid1a,Bmp4,C2cd3,Dlx2,Efna1,Egln1,Epha2,Hes1,Hoxb1,Hoxb2,Hoxc9,Pdgfa,Ppp1r13l,Ptch1,Tfap2a
GO Biological Process	GO:0030510	regulation of BMP signaling pathway	40	3.54E-04	1.00E+00	1.14E-01	5.37E+00	1.30E+00	7	1.33E-02	7.14E-02	66	5.33E-04	1.00E+00	1.04E-01	7.57E+00	6.61E-01	5	93	3.29E-02	5.38E-02	chr11_101964638_101965429,chr13_53471407_53472168,chr13_53472662_53473247,chr14_46387358_46388080,chr16_30066210_30067176,chr2_71541880_71544776,chr2_71544955_71545796	Bmp4,Dlx1,Hes1,Msx2,Sost
GO Biological Process	GO:0021915	neural tube development	41	3.68E-04	1.00E+00	1.15E-01	4.11E+00	2.19E+00	9	2.24E-02	9.18E-02	29	6.11E-05	7.86E-01	2.71E-02	5.99E+00	1.34E+00	8	188	5.26E-02	4.26E-02	chr13_40727364_40730800,chr13_63563733_63564766,chr13_63566316_63566849,chr14_46387358_46388080,chr15_89174182_89175604,chr16_30066210_30067176,chr4_133755923_133757903,chr4_141326801_141327760,chr7_100372146_100372354	Arid1a,Bmp4,C2cd3,Epha2,Hes1,Plxnb2,Ptch1,Tfap2a
GO Biological Process	GO:0021522	spinal cord motor neuron differentiation	42	3.83E-04	1.00E+00	1.17E-01	8.24E+00	6.07E-01	5	6.19E-03	5.10E-02	114	1.95E-03	1.00E+00	2.20E-01	1.21E+01	2.49E-01	3	35	1.97E-02	8.57E-02	chr13_63563733_63564766,chr13_63566316_63566849,chr8_84660555_84662042,chr9_55542234_55544237,chr9_55544680_55546400	Cacna1a,Isl2,Ptch1
GO Biological Process	GO:0060443	mammary gland morphogenesis	43	4.35E-04	1.00E+00	1.30E-01	6.24E+00	9.62E-01	6	9.81E-03	6.12E-02	70	6.30E-04	1.00E+00	1.16E-01	1.02E+01	3.91E-01	4	55	2.63E-02	7.27E-02	chr13_53471407_53472168,chr13_53472662_53473247,chr13_63563733_63564766,chr13_63566316_63566849,chr14_46387358_46388080,chr4_141326801_141327760	Bmp4,Epha2,Msx2,Ptch1
GO Biological Process	GO:0072657	protein localization to membrane	44	4.46E-04	1.00E+00	1.30E-01	3.64E+00	2.75E+00	10	2.80E-02	1.02E-01	124	2.18E-03	1.00E+00	2.26E-01	3.50E+00	2.29E+00	8	322	5.26E-02	2.48E-02	chr11_69399728_69400631,chr12_100522666_100523349,chr13_63563733_63564766,chr13_63566316_63566849,chr19_42280099_42280665,chr2_118544289_118545050,chr6_121069244_121070033,chr7_38184529_38185013,chr7_38197297_38198262,chr8_84660555_84662042	Bid,Cacna1a,Golga7b,Plekhf1,Ptch1,Srp14,Tmem88,Ttc7b
GO Biological Process	GO:0072525	pyridine-containing compound biosynthetic process	45	4.64E-04	1.00E+00	1.33E-01	2.04E+01	1.47E-01	3	1.50E-03	3.06E-02	1179	1.33E-01	1.00E+00	1.00E+00	7.04E+00	1.42E-01	1	20	6.58E-03	5.00E-02	chr17_83920344_83920701,chr17_84184827_84185319,chr17_84185496_84186847	Haao
GO Biological Process	GO:0009880	embryonic pattern specification	46	4.87E-04	1.00E+00	1.36E-01	6.11E+00	9.83E-01	6	1.00E-02	6.12E-02	38	1.32E-04	1.00E+00	4.47E-02	1.02E+01	4.90E-01	5	69	3.29E-02	7.25E-02	chr11_101964638_101965429,chr13_40727364_40730800,chr13_63563733_63564766,chr13_63566316_63566849,chr7_100372146_100372354,chr7_126781249_126781424	C2cd3,Meox1,Ptch1,Tbx6,Tfap2a
GO Biological Process	GO:0061158	3-UTR-mediated mRNA destabilization	47	4.97E-04	1.00E+00	1.36E-01	1.99E+01	1.51E-01	3	1.54E-03	3.06E-02	929	8.85E-02	1.00E+00	1.00E+00	1.08E+01	9.24E-02	1	13	6.58E-03	7.69E-02	chr17_83920344_83920701,chr17_84184827_84185319,chr17_84185496_84186847	Zfp36l2
GO Biological Process	GO:1904888	cranial skeletal system development	48	5.08E-04	1.00E+00	1.36E-01	6.06E+00	9.91E-01	6	1.01E-02	6.12E-02	98	1.25E-03	1.00E+00	1.64E-01	8.53E+00	4.69E-01	4	66	2.63E-02	6.06E-02	chr13_40727364_40730800,chr13_53471407_53472168,chr13_53472662_53473247,chr14_46387358_46388080,chr2_71541880_71544776,chr2_71544955_71545796	Bmp4,Dlx2,Msx2,Tfap2a
GO Biological Process	GO:1900153	positive regulation of nuclear-transcribed mRNA catabolic process, deadenylation-dependent decay	49	5.18E-04	1.00E+00	1.36E-01	1.96E+01	1.53E-01	3	1.56E-03	3.06E-02	1085	1.14E-01	1.00E+00	1.00E+00	8.28E+00	1.21E-01	1	17	6.58E-03	5.88E-02	chr17_83920344_83920701,chr17_84184827_84185319,chr17_84185496_84186847	Zfp36l2
GO Biological Process	GO:0009957	epidermal cell fate specification	50	5.54E-04	1.00E+00	1.42E-01	5.91E+01	3.38E-02	2	3.45E-04	2.04E-02	375	2.12E-02	1.00E+00	7.26E-01	4.69E+01	2.13E-02	1	3	6.58E-03	3.33E-01	chr13_63563733_63564766,chr13_63566316_63566849	Ptch1
GO Biological Process	GO:0060603	mammary gland duct morphogenesis	51	6.26E-04	1.00E+00	1.58E-01	7.39E+00	6.77E-01	5	6.91E-03	5.10E-02	139	2.86E-03	1.00E+00	2.65E-01	1.06E+01	2.84E-01	3	40	1.97E-02	7.50E-02	chr13_53471407_53472168,chr13_53472662_53473247,chr13_63563733_63564766,chr13_63566316_63566849,chr4_141326801_141327760	Epha2,Msx2,Ptch1
GO Biological Process	GO:0060317	cardiac epithelial to mesenchymal transition	52	6.38E-04	1.00E+00	1.58E-01	1.04E+01	3.84E-01	4	3.92E-03	4.08E-02	83	9.07E-04	1.00E+00	1.41E-01	1.56E+01	1.92E-01	3	27	1.97E-02	1.11E-01	chr13_53471407_53472168,chr13_53472662_53473247,chr3_37642698_37643251,chr3_89280734_89281464	Efna1,Msx2,Spry1
GO Biological Process	GO:0060037	pharyngeal system development	53	6.47E-04	1.00E+00	1.57E-01	1.04E+01	3.86E-01	4	3.94E-03	4.08E-02	81	8.11E-04	1.00E+00	1.29E-01	1.62E+01	1.85E-01	3	26	1.97E-02	1.15E-01	chr13_63563733_63564766,chr13_63566316_63566849,chr14_46387358_46388080,chr16_30066210_30067176	Bmp4,Hes1,Ptch1
GO Biological Process	GO:0014028	notochord formation	54	6.94E-04	1.00E+00	1.65E-01	5.27E+01	3.79E-02	2	3.87E-04	2.04E-02	50	2.98E-04	1.00E+00	7.66E-02	7.04E+01	2.84E-02	2	4	1.32E-02	5.00E-01	chr3_89280734_89281464,chr4_141326801_141327760	Efna1,Epha2
GO Biological Process	GO:2001055	positive regulation of mesenchymal cell apoptotic process	55	6.98E-04	1.00E+00	1.63E-01	5.26E+01	3.80E-02	2	3.88E-04	2.04E-02	375	2.12E-02	1.00E+00	7.26E-01	4.69E+01	2.13E-02	1	3	6.58E-03	3.33E-01	chr13_53471407_53472168,chr13_53472662_53473247	Msx2
GO Biological Process	GO:0072659	protein localization to plasma membrane	56	7.05E-04	1.00E+00	1.62E-01	4.78E+00	1.46E+00	7	1.49E-02	7.14E-02	185	6.22E-03	1.00E+00	4.33E-01	4.32E+00	1.16E+00	5	163	3.29E-02	3.07E-02	chr11_69399728_69400631,chr12_100522666_100523349,chr13_63563733_63564766,chr13_63566316_63566849,chr19_42280099_42280665,chr7_38184529_38185013,chr7_38197297_38198262	Golga7b,Plekhf1,Ptch1,Tmem88,Ttc7b
GO Biological Process	GO:0043009	chordate embryonic development	57	7.28E-04	1.00E+00	1.64E-01	2.30E+00	7.84E+00	18	8.00E-02	1.84E-01	9	3.49E-06	4.49E-02	4.99E-03	3.54E+00	5.09E+00	18	716	1.18E-01	2.51E-02	chr11_101964638_101965429,chr11_96352608_96353722,chr13_40727364_40730800,chr13_63563733_63564766,chr13_63566316_63566849,chr14_46387358_46388080,chr15_102982607_102983365,chr15_89174182_89175604,chr16_30066210_30067176,chr2_71541880_71544776,chr2_71544955_71545796,chr4_133755923_133757903,chr4_141326801_141327760,chr5_111006204_111007025,chr7_100372146_100372354,chr7_116032327_116033153,chr7_126781249_126781424,chr8_124946584_124947555	Arid1a,Bmp4,C2cd3,Dlx1,Dlx2,Egln1,Epha2,Hes1,Hoxb1,Hoxb2,Hoxc9,Meox1,Pitpnb,Plxnb2,Ptch1,Sox6,Tbx6,Tfap2a
GO Biological Process	GO:0006979	response to oxidative stress	58	7.38E-04	1.00E+00	1.64E-01	3.41E+00	2.94E+00	10	3.00E-02	1.02E-01	267	1.22E-02	1.00E+00	5.86E-01	2.84E+00	2.47E+00	7	347	4.61E-02	2.02E-02	chr10_80054157_80054700,chr10_80055087_80056206,chr13_63563733_63564766,chr2_75703196_75704248,chr3_50442906_50443889,chr6_60830285_60830625,chr7_38183050_38184271,chr7_38184529_38185013,chr7_38197297_38198262,chr8_124946584_124947555	1600014C10Rik,Egln1,Fancc,Gpx4,Nfe2l2,Slc7a11,Snca
GO Biological Process	GO:1901213	regulation of transcription from RNA polymerase II promoter involved in heart development	59	7.49E-04	1.00E+00	1.63E-01	1.73E+01	1.74E-01	3	1.77E-03	3.06E-02	151	3.72E-03	1.00E+00	3.16E-01	2.17E+01	9.24E-02	2	13	1.32E-02	1.54E-01	chr13_53471407_53472168,chr13_53472662_53473247,chr14_46387358_46388080	Bmp4,Msx2
GO Biological Process	GO:1902869	regulation of amacrine cell differentiation	60	7.60E-04	1.00E+00	1.63E-01	5.04E+01	3.97E-02	2	4.05E-04	2.04E-02	50	2.98E-04	1.00E+00	7.66E-02	7.04E+01	2.84E-02	2	4	1.32E-02	5.00E-01	chr2_71541880_71544776,chr2_71544955_71545796	Dlx1,Dlx2
GO Biological Process	GO:0042762	regulation of sulfur metabolic process	61	7.63E-04	1.00E+00	1.61E-01	1.71E+01	1.75E-01	3	1.79E-03	3.06E-02	34	9.54E-05	1.00E+00	3.61E-02	3.25E+01	9.24E-02	3	13	1.97E-02	2.31E-01	chr2_75703196_75704248,chr6_60830285_60830625,chr8_84660555_84662042	Cacna1a,Nfe2l2,Snca
GO Biological Process	GO:0009792	embryo development ending in birth or egg hatching	62	7.78E-04	1.00E+00	1.61E-01	2.28E+00	7.88E+00	18	8.05E-02	1.84E-01	10	4.07E-06	5.23E-02	5.23E-03	3.50E+00	5.14E+00	18	724	1.18E-01	2.49E-02	chr11_101964638_101965429,chr11_96352608_96353722,chr13_40727364_40730800,chr13_63563733_63564766,chr13_63566316_63566849,chr14_46387358_46388080,chr15_102982607_102983365,chr15_89174182_89175604,chr16_30066210_30067176,chr2_71541880_71544776,chr2_71544955_71545796,chr4_133755923_133757903,chr4_141326801_141327760,chr5_111006204_111007025,chr7_100372146_100372354,chr7_116032327_116033153,chr7_126781249_126781424,chr8_124946584_124947555	Arid1a,Bmp4,C2cd3,Dlx1,Dlx2,Egln1,Epha2,Hes1,Hoxb1,Hoxb2,Hoxc9,Meox1,Pitpnb,Plxnb2,Ptch1,Sox6,Tbx6,Tfap2a
GO Biological Process	GO:0035880	embryonic nail plate morphogenesis	63	8.09E-04	1.00E+00	1.65E-01	4.88E+01	4.10E-02	2	4.18E-04	2.04E-02	375	2.12E-02	1.00E+00	7.26E-01	4.69E+01	2.13E-02	1	3	6.58E-03	3.33E-01	chr13_53471407_53472168,chr13_53472662_53473247	Msx2
GO Biological Process	GO:0070050	neuron cellular homeostasis	64	8.88E-04	1.00E+00	1.78E-01	1.63E+01	1.84E-01	3	1.88E-03	3.06E-02	874	8.20E-02	1.00E+00	1.00E+00	1.17E+01	8.53E-02	1	12	6.58E-03	8.33E-02	chr17_83920344_83920701,chr17_84184827_84185319,chr17_84185496_84186847	Haao
GO Biological Process	GO:0010043	response to zinc ion	65	9.07E-04	1.00E+00	1.79E-01	9.46E+00	4.23E-01	4	4.31E-03	4.08E-02	521	3.13E-02	1.00E+00	7.72E-01	7.22E+00	2.77E-01	2	39	1.32E-02	5.13E-02	chr11_100206147_100206767,chr17_83920344_83920701,chr17_84184827_84185319,chr17_84185496_84186847	Haao,Krt14
GO Biological Process	GO:0060363	cranial suture morphogenesis	66	9.89E-04	1.00E+00	1.93E-01	1.57E+01	1.92E-01	3	1.95E-03	3.06E-02	109	1.75E-03	1.00E+00	2.06E-01	3.13E+01	6.39E-02	2	9	1.32E-02	2.22E-01	chr13_53471407_53472168,chr13_53472662_53473247,chr14_46387358_46388080	Bmp4,Msx2
GO Biological Process	GO:0032792	negative regulation of CREB transcription factor activity	67	1.03E-03	1.00E+00	1.97E-01	4.33E+01	4.62E-02	2	4.72E-04	2.04E-02	590	4.19E-02	1.00E+00	9.13E-01	2.35E+01	4.26E-02	1	6	6.58E-03	1.67E-01	chr13_53471407_53472168,chr13_53472662_53473247	Msx2
GO Biological Process	GO:0045606	positive regulation of epidermal cell differentiation	68	1.04E-03	1.00E+00	1.96E-01	1.54E+01	1.95E-01	3	1.99E-03	3.06E-02	271	1.25E-02	1.00E+00	5.93E-01	1.17E+01	1.71E-01	2	24	1.32E-02	8.33E-02	chr13_63563733_63564766,chr13_63566316_63566849,chr14_46387358_46388080	Bmp4,Ptch1
GO Biological Process	GO:0001843	neural tube closure	69	1.08E-03	1.00E+00	2.01E-01	5.23E+00	1.15E+00	6	1.17E-02	6.12E-02	84	1.01E-03	1.00E+00	1.54E-01	6.58E+00	7.60E-01	5	107	3.29E-02	4.67E-02	chr13_40727364_40730800,chr13_63563733_63564766,chr13_63566316_63566849,chr14_46387358_46388080,chr15_89174182_89175604,chr4_133755923_133757903	Arid1a,Bmp4,Plxnb2,Ptch1,Tfap2a
GO Biological Process	GO:0070244	negative regulation of thymocyte apoptotic process	70	1.09E-03	1.00E+00	2.01E-01	4.19E+01	4.77E-02	2	4.87E-04	2.04E-02	109	1.75E-03	1.00E+00	2.06E-01	3.13E+01	6.39E-02	2	9	1.32E-02	2.22E-01	chr14_46387358_46388080,chr3_89280734_89281464	Bmp4,Efna1
GO Biological Process	GO:0071539	protein localization to centrosome	71	1.10E-03	1.00E+00	2.00E-01	1.51E+01	1.99E-01	3	2.03E-03	3.06E-02	234	7.92E-03	1.00E+00	4.35E-01	1.48E+01	1.35E-01	2	19	1.32E-02	1.05E-01	chr7_100372146_100372354,chr8_26117824_26118019,chr8_26118257_26118822	C2cd3,Hook3
GO Biological Process	GO:0045605	negative regulation of epidermal cell differentiation	72	1.14E-03	1.00E+00	2.04E-01	1.49E+01	2.01E-01	3	2.06E-03	3.06E-02	159	4.31E-03	1.00E+00	3.49E-01	2.01E+01	9.95E-02	2	14	1.32E-02	1.43E-01	chr13_53471407_53472168,chr13_53472662_53473247,chr16_30066210_30067176	Hes1,Msx2
GO Biological Process	GO:0001763	morphogenesis of a branching structure	73	1.16E-03	1.00E+00	2.04E-01	3.21E+00	3.12E+00	10	3.18E-02	1.02E-01	74	6.71E-04	1.00E+00	1.17E-01	4.81E+00	1.46E+00	7	205	4.61E-02	3.41E-02	chr13_53471407_53472168,chr13_53472662_53473247,chr13_63563733_63564766,chr13_63566316_63566849,chr14_46387358_46388080,chr2_174428666_174429601,chr2_71541880_71544776,chr2_71544955_71545796,chr3_37642698_37643251,chr4_141326801_141327760	Bmp4,Ctsz,Dlx2,Epha2,Msx2,Ptch1,Spry1
GO Biological Process	GO:0021515	cell differentiation in spinal cord	74	1.16E-03	1.00E+00	2.01E-01	6.43E+00	7.78E-01	5	7.93E-03	5.10E-02	190	7.04E-03	1.00E+00	4.76E-01	7.68E+00	3.91E-01	3	55	1.97E-02	5.45E-02	chr13_63563733_63564766,chr13_63566316_63566849,chr8_84660555_84662042,chr9_55542234_55544237,chr9_55544680_55546400	Cacna1a,Isl2,Ptch1
GO Biological Process	GO:0061014	positive regulation of mRNA catabolic process	75	1.17E-03	1.00E+00	2.00E-01	1.48E+01	2.03E-01	3	2.07E-03	3.06E-02	1346	1.69E-01	1.00E+00	1.00E+00	5.41E+00	1.85E-01	1	26	6.58E-03	3.85E-02	chr17_83920344_83920701,chr17_84184827_84185319,chr17_84185496_84186847	Zfp36l2
GO Biological Process	GO:1901533	negative regulation of hematopoietic progenitor cell differentiation	76	1.17E-03	1.00E+00	1.98E-01	4.05E+01	4.94E-02	2	5.04E-04	2.04E-02	85	1.03E-03	1.00E+00	1.56E-01	4.02E+01	4.97E-02	2	7	1.32E-02	2.86E-01	chr16_30066210_30067176,chr2_75703196_75704248	Hes1,Nfe2l2
GO Biological Process	GO:0097150	neuronal stem cell population maintenance	77	1.19E-03	1.00E+00	1.98E-01	8.79E+00	4.55E-01	4	4.64E-03	4.08E-02	76	7.21E-04	1.00E+00	1.22E-01	1.69E+01	1.78E-01	3	25	1.97E-02	1.20E-01	chr13_63563733_63564766,chr16_30066210_30067176,chr8_26117824_26118019,chr8_26118257_26118822	Fancc,Hes1,Hook3
GO Biological Process	GO:0045686	negative regulation of glial cell differentiation	78	1.19E-03	1.00E+00	1.96E-01	8.79E+00	4.55E-01	4	4.64E-03	4.08E-02	19	2.76E-05	3.55E-01	1.87E-02	2.25E+01	1.78E-01	4	25	2.63E-02	1.60E-01	chr16_30066210_30067176,chr2_71541880_71544776,chr2_71544955_71545796,chr4_134019055_134020274	Dlx1,Dlx2,Hes1,Lin28a
GO Biological Process	GO:0006401	RNA catabolic process	79	1.22E-03	1.00E+00	1.99E-01	6.35E+00	7.87E-01	5	8.03E-03	5.10E-02	827	7.42E-02	1.00E+00	1.00E+00	3.08E+00	9.73E-01	3	137	1.97E-02	2.19E-02	chr14_51771546_51772144,chr17_83920344_83920701,chr17_84184827_84185319,chr17_84185496_84186847,chr4_134019055_134020274	Ang4,Lin28a,Zfp36l2
GO Biological Process	GO:0060606	tube closure	80	1.27E-03	1.00E+00	2.04E-01	5.07E+00	1.18E+00	6	1.21E-02	6.12E-02	95	1.05E-03	1.00E+00	1.42E-01	6.52E+00	7.67E-01	5	108	3.29E-02	4.63E-02	chr13_40727364_40730800,chr13_63563733_63564766,chr13_63566316_63566849,chr14_46387358_46388080,chr15_89174182_89175604,chr4_133755923_133757903	Arid1a,Bmp4,Plxnb2,Ptch1,Tfap2a
GO Biological Process	GO:0000578	embryonic axis specification	81	1.27E-03	1.00E+00	2.02E-01	8.62E+00	4.64E-01	4	4.73E-03	4.08E-02	134	2.66E-03	1.00E+00	2.56E-01	1.08E+01	2.77E-01	3	39	1.97E-02	7.69E-02	chr13_63563733_63564766,chr13_63566316_63566849,chr7_100372146_100372354,chr7_126781249_126781424	C2cd3,Ptch1,Tbx6
GO Biological Process	GO:0046700	heterocycle catabolic process	82	1.28E-03	1.00E+00	2.00E-01	4.31E+00	1.62E+00	7	1.66E-02	7.14E-02	582	4.05E-02	1.00E+00	8.95E-01	2.67E+00	1.88E+00	5	264	3.29E-02	1.89E-02	chr14_51771546_51772144,chr14_70580681_70580934,chr17_83920344_83920701,chr17_84184827_84185319,chr17_84185496_84186847,chr2_75703196_75704248,chr4_134019055_134020274	Ang4,Lin28a,Nfe2l2,Nudt18,Zfp36l2
GO Biological Process	GO:0035137	hindlimb morphogenesis	83	1.28E-03	1.00E+00	1.99E-01	6.28E+00	7.96E-01	5	8.12E-03	5.10E-02	149	3.52E-03	1.00E+00	3.04E-01	9.82E+00	3.05E-01	3	43	1.97E-02	6.98E-02	chr13_53471407_53472168,chr13_53472662_53473247,chr13_63563733_63564766,chr13_63566316_63566849,chr14_46387358_46388080	Bmp4,Msx2,Ptch1
GO Biological Process	GO:0060562	epithelial tube morphogenesis	84	1.34E-03	1.00E+00	2.06E-01	2.62E+00	4.96E+00	13	5.06E-02	1.33E-01	22	4.61E-05	5.92E-01	2.69E-02	4.39E+00	2.51E+00	11	353	7.24E-02	3.12E-02	chr13_40727364_40730800,chr13_53471407_53472168,chr13_53472662_53473247,chr13_63563733_63564766,chr13_63566316_63566849,chr14_46387358_46388080,chr15_89174182_89175604,chr16_30066210_30067176,chr2_174428666_174429601,chr3_37642698_37643251,chr4_133755923_133757903,chr4_141326801_141327760,chr7_100372146_100372354	Arid1a,Bmp4,C2cd3,Ctsz,Epha2,Hes1,Msx2,Plxnb2,Ptch1,Spry1,Tfap2a
GO Biological Process	GO:0014020	primary neural tube formation	85	1.35E-03	1.00E+00	2.05E-01	5.00E+00	1.20E+00	6	1.22E-02	6.12E-02	99	1.34E-03	1.00E+00	1.74E-01	6.17E+00	8.10E-01	5	114	3.29E-02	4.39E-02	chr13_40727364_40730800,chr13_63563733_63564766,chr13_63566316_63566849,chr14_46387358_46388080,chr15_89174182_89175604,chr4_133755923_133757903	Arid1a,Bmp4,Plxnb2,Ptch1,Tfap2a
GO Biological Process	GO:0048715	negative regulation of oligodendrocyte differentiation	86	1.36E-03	1.00E+00	2.03E-01	1.40E+01	2.14E-01	3	2.19E-03	3.06E-02	31	7.38E-05	9.49E-01	3.06E-02	3.52E+01	8.53E-02	3	12	1.97E-02	2.50E-01	chr16_30066210_30067176,chr2_71541880_71544776,chr2_71544955_71545796	Dlx1,Dlx2,Hes1
GO Biological Process	GO:0021557	oculomotor nerve development	87	1.36E-03	1.00E+00	2.01E-01	3.75E+01	5.34E-02	2	5.45E-04	2.04E-02	50	2.98E-04	1.00E+00	7.66E-02	7.04E+01	2.84E-02	2	4	1.32E-02	5.00E-01	chr13_40727364_40730800,chr16_30066210_30067176	Hes1,Tfap2a
GO Biological Process	GO:0021532	neural tube patterning	88	1.39E-03	1.00E+00	2.03E-01	8.42E+00	4.75E-01	4	4.85E-03	4.08E-02	147	3.29E-03	1.00E+00	2.88E-01	1.01E+01	2.98E-01	3	42	1.97E-02	7.14E-02	chr13_63563733_63564766,chr13_63566316_63566849,chr14_46387358_46388080,chr16_30066210_30067176	Bmp4,Hes1,Ptch1
GO Biological Process	GO:0051782	negative regulation of cell division	89	1.40E-03	1.00E+00	2.02E-01	1.39E+01	2.16E-01	3	2.21E-03	3.06E-02	177	5.64E-03	1.00E+00	4.09E-01	1.76E+01	1.14E-01	2	16	1.32E-02	1.25E-01	chr11_87422538_87423866,chr13_63563733_63564766,chr13_63566316_63566849	Ptch1,Tex14
GO Biological Process	GO:0051795	positive regulation of catagen	90	1.44E-03	1.00E+00	2.06E-01	3.64E+01	5.49E-02	2	5.60E-04	2.04E-02	375	2.12E-02	1.00E+00	7.26E-01	4.69E+01	2.13E-02	1	3	6.58E-03	3.33E-01	chr13_53471407_53472168,chr13_53472662_53473247	Msx2
GO Biological Process	GO:0001708	cell fate specification	91	1.55E-03	1.00E+00	2.19E-01	4.87E+00	1.23E+00	6	1.26E-02	6.12E-02	117	2.01E-03	1.00E+00	2.21E-01	7.51E+00	5.33E-01	4	75	2.63E-02	5.33E-02	chr13_63563733_63564766,chr13_63566316_63566849,chr7_116032327_116033153,chr7_126781249_126781424,chr9_55542234_55544237,chr9_55544680_55546400	Isl2,Ptch1,Sox6,Tbx6
GO Biological Process	GO:0030513	positive regulation of BMP signaling pathway	92	1.56E-03	1.00E+00	2.18E-01	8.15E+00	4.91E-01	4	5.01E-03	4.08E-02	120	2.11E-03	1.00E+00	2.26E-01	1.17E+01	2.56E-01	3	36	1.97E-02	8.33E-02	chr13_53471407_53472168,chr13_53472662_53473247,chr14_46387358_46388080,chr16_30066210_30067176	Bmp4,Hes1,Msx2
GO Biological Process	GO:0051794	regulation of catagen	93	1.58E-03	1.00E+00	2.18E-01	3.48E+01	5.75E-02	2	5.87E-04	2.04E-02	460	2.81E-02	1.00E+00	7.86E-01	3.52E+01	2.84E-02	1	4	6.58E-03	2.50E-01	chr13_53471407_53472168,chr13_53472662_53473247	Msx2
GO Biological Process	GO:0046712	GDP catabolic process	94	1.63E-03	1.00E+00	2.23E-01	6.12E+02	1.63E-03	1	1.67E-05	1.02E-02	192	7.10E-03	1.00E+00	4.76E-01	1.41E+02	7.10E-03	1	1	6.58E-03	1.00E+00	chr14_70580681_70580934	Nudt18
GO Biological Process	GO:0046067	dGDP catabolic process	94	1.63E-03	1.00E+00	2.23E-01	6.12E+02	1.63E-03	1	1.67E-05	1.02E-02	192	7.10E-03	1.00E+00	4.76E-01	1.41E+02	7.10E-03	1	1	6.58E-03	1.00E+00	chr14_70580681_70580934	Nudt18
GO Biological Process	GO:0046057	dADP catabolic process	94	1.63E-03	1.00E+00	2.23E-01	6.12E+02	1.63E-03	1	1.67E-05	1.02E-02	192	7.10E-03	1.00E+00	4.76E-01	1.41E+02	7.10E-03	1	1	6.58E-03	1.00E+00	chr14_70580681_70580934	Nudt18
GO Biological Process	GO:0021517	ventral spinal cord development	97	1.64E-03	1.00E+00	2.18E-01	5.94E+00	8.42E-01	5	8.59E-03	5.10E-02	171	5.10E-03	1.00E+00	3.83E-01	8.62E+00	3.48E-01	3	49	1.97E-02	6.12E-02	chr13_63563733_63564766,chr13_63566316_63566849,chr8_84660555_84662042,chr9_55542234_55544237,chr9_55544680_55546400	Cacna1a,Isl2,Ptch1
GO Biological Process	GO:0022027	interkinetic nuclear migration	98	1.68E-03	1.00E+00	2.20E-01	3.37E+01	5.93E-02	2	6.05E-04	2.04E-02	694	5.55E-02	1.00E+00	1.00E+00	1.76E+01	5.68E-02	1	8	6.58E-03	1.25E-01	chr8_26117824_26118019,chr8_26118257_26118822	Hook3
GO Biological Process	GO:0061157	mRNA destabilization	99	1.71E-03	1.00E+00	2.22E-01	1.29E+01	2.32E-01	3	2.37E-03	3.06E-02	1235	1.45E-01	1.00E+00	1.00E+00	6.40E+00	1.56E-01	1	22	6.58E-03	4.55E-02	chr17_83920344_83920701,chr17_84184827_84185319,chr17_84185496_84186847	Zfp36l2
GO Biological Process	GO:0060216	definitive hemopoiesis	100	1.73E-03	1.00E+00	2.23E-01	1.29E+01	2.33E-01	3	2.38E-03	3.06E-02	1211	1.39E-01	1.00E+00	1.00E+00	6.70E+00	1.49E-01	1	21	6.58E-03	4.76E-02	chr17_83920344_83920701,chr17_84184827_84185319,chr17_84185496_84186847	Zfp36l2
GO Biological Process	GO:0042775	mitochondrial ATP synthesis coupled electron transport	101	1.79E-03	1.00E+00	2.28E-01	1.27E+01	2.36E-01	3	2.41E-03	3.06E-02	183	6.02E-03	1.00E+00	4.23E-01	8.12E+00	3.69E-01	3	52	1.97E-02	5.77E-02	chr6_121069244_121070033,chr6_60830285_60830625,chr7_140901650_140902605	Bid,Cox8b,Snca
GO Biological Process	GO:0050779	RNA destabilization	102	1.81E-03	1.00E+00	2.28E-01	1.27E+01	2.37E-01	3	2.42E-03	3.06E-02	1287	1.57E-01	1.00E+00	1.00E+00	5.86E+00	1.71E-01	1	24	6.58E-03	4.17E-02	chr17_83920344_83920701,chr17_84184827_84185319,chr17_84185496_84186847	Zfp36l2
GO Biological Process	GO:0034454	microtubule anchoring at centrosome	103	1.81E-03	1.00E+00	2.26E-01	3.24E+01	6.18E-02	2	6.30E-04	2.04E-02	742	6.22E-02	1.00E+00	1.00E+00	1.56E+01	6.39E-02	1	9	6.58E-03	1.11E-01	chr8_26117824_26118019,chr8_26118257_26118822	Hook3
GO Biological Process	GO:0060343	trabecula formation	104	1.83E-03	1.00E+00	2.26E-01	1.26E+01	2.38E-01	3	2.42E-03	3.06E-02	286	1.35E-02	1.00E+00	6.08E-01	1.13E+01	1.78E-01	2	25	1.32E-02	8.00E-02	chr13_53471407_53472168,chr13_53472662_53473247,chr8_124946584_124947555	Egln1,Msx2
GO Biological Process	GO:0035108	limb morphogenesis	105	1.84E-03	1.00E+00	2.26E-01	3.26E+00	2.76E+00	9	2.82E-02	9.18E-02	42	1.95E-04	1.00E+00	5.97E-02	5.90E+00	1.19E+00	7	167	4.61E-02	4.19E-02	chr12_118847345_118851129,chr13_40727364_40730800,chr13_53471407_53472168,chr13_53472662_53473247,chr13_63563733_63564766,chr13_63566316_63566849,chr14_46387358_46388080,chr6_118758397_118758711,chr7_100372146_100372354	Bmp4,C2cd3,Cacna1c,Msx2,Ptch1,Sp8,Tfap2a
GO Biological Process	GO:0042773	ATP synthesis coupled electron transport	106	1.98E-03	1.00E+00	2.41E-01	1.23E+01	2.45E-01	3	2.50E-03	3.06E-02	231	7.77E-03	1.00E+00	4.33E-01	7.41E+00	4.05E-01	3	57	1.97E-02	5.26E-02	chr6_121069244_121070033,chr6_60830285_60830625,chr7_140901650_140902605	Bid,Cox8b,Snca
GO Biological Process	GO:0048704	embryonic skeletal system morphogenesis	107	1.99E-03	1.00E+00	2.39E-01	4.63E+00	1.29E+00	6	1.32E-02	6.12E-02	33	8.01E-05	1.00E+00	3.12E-02	8.45E+00	7.10E-01	6	100	3.95E-02	6.00E-02	chr11_96352608_96353722,chr13_40727364_40730800,chr14_46387358_46388080,chr15_102982607_102983365,chr2_71541880_71544776,chr2_71544955_71545796	Bmp4,Dlx2,Hoxb1,Hoxb2,Hoxc9,Tfap2a
GO Biological Process	GO:0071348	cellular response to interleukin-11	108	2.06E-03	1.00E+00	2.46E-01	4.84E+02	2.06E-03	1	2.11E-05	1.02E-02	192	7.10E-03	1.00E+00	4.76E-01	1.41E+02	7.10E-03	1	1	6.58E-03	1.00E+00	chr10_80055087_80056206	Sbno2
GO Biological Process	GO:0061383	trabecula morphogenesis	109	2.19E-03	1.00E+00	2.58E-01	7.43E+00	5.39E-01	4	5.50E-03	4.08E-02	182	5.71E-03	1.00E+00	4.03E-01	8.28E+00	3.62E-01	3	51	1.97E-02	5.88E-02	chr10_80055087_80056206,chr13_53471407_53472168,chr13_53472662_53473247,chr8_124946584_124947555	Egln1,Msx2,Sbno2
GO Biological Process	GO:0061074	regulation of neural retina development	110	2.34E-03	1.00E+00	2.74E-01	2.84E+01	7.04E-02	2	7.18E-04	2.04E-02	85	1.03E-03	1.00E+00	1.56E-01	4.02E+01	4.97E-02	2	7	1.32E-02	2.86E-01	chr2_71541880_71544776,chr2_71544955_71545796	Dlx1,Dlx2
GO Biological Process	GO:0031507	heterochromatin assembly	111	2.35E-03	1.00E+00	2.72E-01	2.84E+01	7.04E-02	2	7.19E-04	2.04E-02	142	3.16E-03	1.00E+00	2.86E-01	2.35E+01	8.53E-02	2	12	1.32E-02	1.67E-01	chr11_120186364_120189507,chr5_142815895_142816475	Bahcc1,Tnrc18
GO Biological Process	GO:0006119	oxidative phosphorylation	112	2.49E-03	1.00E+00	2.86E-01	1.13E+01	2.65E-01	3	2.71E-03	3.06E-02	259	1.02E-02	1.00E+00	5.08E-01	6.70E+00	4.48E-01	3	63	1.97E-02	4.76E-02	chr6_121069244_121070033,chr6_60830285_60830625,chr7_140901650_140902605	Bid,Cox8b,Snca
GO Biological Process	GO:0072111	cell proliferation involved in kidney development	113	2.65E-03	1.00E+00	3.01E-01	1.11E+01	2.71E-01	3	2.77E-03	3.06E-02	142	3.16E-03	1.00E+00	2.86E-01	2.35E+01	8.53E-02	2	12	1.32E-02	1.67E-01	chr13_63563733_63564766,chr13_63566316_63566849,chr14_46387358_46388080	Bmp4,Ptch1
GO Biological Process	GO:0072393	microtubule anchoring at microtubule organizing center	114	2.70E-03	1.00E+00	3.05E-01	2.64E+01	7.57E-02	2	7.73E-04	2.04E-02	831	7.54E-02	1.00E+00	1.00E+00	1.28E+01	7.81E-02	1	11	6.58E-03	9.09E-02	chr8_26117824_26118019,chr8_26118257_26118822	Hook3
GO Biological Process	GO:0071774	response to fibroblast growth factor	115	2.76E-03	1.00E+00	3.08E-01	5.26E+00	9.50E-01	5	9.70E-03	5.10E-02	340	1.64E-02	1.00E+00	6.18E-01	5.63E+00	5.33E-01	3	75	1.97E-02	4.00E-02	chr17_83920344_83920701,chr17_84184827_84185319,chr17_84185496_84186847,chr6_60830285_60830625,chr8_84660555_84662042	Ier2,Snca,Zfp36l2
GO Biological Process	GO:0000288	nuclear-transcribed mRNA catabolic process, deadenylation-dependent decay	116	2.79E-03	1.00E+00	3.09E-01	1.09E+01	2.76E-01	3	2.82E-03	3.06E-02	1620	2.43E-01	1.00E+00	1.00E+00	3.61E+00	2.77E-01	1	39	6.58E-03	2.56E-02	chr17_83920344_83920701,chr17_84184827_84185319,chr17_84185496_84186847	Zfp36l2
GO Biological Process	GO:0060364	frontal suture morphogenesis	117	2.80E-03	1.00E+00	3.08E-01	2.59E+01	7.71E-02	2	7.87E-04	2.04E-02	375	2.12E-02	1.00E+00	7.26E-01	4.69E+01	2.13E-02	1	3	6.58E-03	3.33E-01	chr13_53471407_53472168,chr13_53472662_53473247	Msx2
GO Biological Process	GO:0050768	negative regulation of neurogenesis	118	2.81E-03	1.00E+00	3.06E-01	2.67E+00	4.12E+00	11	4.21E-02	1.12E-01	37	1.27E-04	1.00E+00	4.43E-02	4.74E+00	1.90E+00	9	267	5.92E-02	3.37E-02	chr16_30066210_30067176,chr2_174428666_174429601,chr2_71541880_71544776,chr2_71544955_71545796,chr3_89280734_89281464,chr4_134019055_134020274,chr7_126781249_126781424,chr8_26117824_26118019,chr8_26118257_26118822,chr9_55542234_55544237,chr9_55544680_55546400	Ctsz,Dlx1,Dlx2,Efna1,Hes1,Hook3,Isl2,Lin28a,Tbx6
GO Biological Process	GO:0009952	anterior/posterior pattern specification	119	2.81E-03	1.00E+00	3.04E-01	3.35E+00	2.39E+00	8	2.44E-02	8.16E-02	20	2.77E-05	3.56E-01	1.78E-02	5.78E+00	1.56E+00	9	219	5.92E-02	4.11E-02	chr11_101964638_101965429,chr11_96352608_96353722,chr13_53471407_53472168,chr13_53472662_53473247,chr14_46387358_46388080,chr15_102982607_102983365,chr16_30066210_30067176,chr7_126781249_126781424	Bmp4,Hes1,Hoxb1,Hoxb2,Hoxc8,Hoxc9,Meox1,Msx2,Tbx6
GO Biological Process	GO:0023019	signal transduction involved in regulation of gene expression	120	2.82E-03	1.00E+00	3.03E-01	1.08E+01	2.77E-01	3	2.83E-03	3.06E-02	261	1.06E-02	1.00E+00	5.20E-01	1.28E+01	1.56E-01	2	22	1.32E-02	9.09E-02	chr13_53471407_53472168,chr13_53472662_53473247,chr7_126781249_126781424	Msx2,Tbx6
GO Biological Process	GO:0061013	regulation of mRNA catabolic process	121	2.86E-03	1.00E+00	3.04E-01	1.08E+01	2.79E-01	3	2.85E-03	3.06E-02	1503	2.04E-01	1.00E+00	1.00E+00	4.40E+00	2.27E-01	1	32	6.58E-03	3.13E-02	chr17_83920344_83920701,chr17_84184827_84185319,chr17_84185496_84186847	Zfp36l2
GO Biological Process	GO:0034655	nucleobase-containing compound catabolic process	122	2.92E-03	1.00E+00	3.08E-01	4.28E+00	1.40E+00	6	1.43E-02	6.12E-02	829	7.50E-02	1.00E+00	1.00E+00	2.52E+00	1.58E+00	4	223	2.63E-02	1.79E-02	chr14_51771546_51772144,chr14_70580681_70580934,chr17_83920344_83920701,chr17_84184827_84185319,chr17_84185496_84186847,chr4_134019055_134020274	Ang4,Lin28a,Nudt18,Zfp36l2
GO Biological Process	GO:0048705	skeletal system morphogenesis	123	2.94E-03	1.00E+00	3.07E-01	3.04E+00	2.96E+00	9	3.02E-02	9.18E-02	24	4.80E-05	6.17E-01	2.57E-02	5.39E+00	1.67E+00	9	235	5.92E-02	3.83E-02	chr10_68276719_68277215,chr11_96352608_96353722,chr13_40727364_40730800,chr13_53471407_53472168,chr13_53472662_53473247,chr14_46387358_46388080,chr15_102982607_102983365,chr2_71541880_71544776,chr2_71544955_71545796	Arid5b,Bmp4,Dlx2,Hoxb1,Hoxb2,Hoxc8,Hoxc9,Msx2,Tfap2a
GO Biological Process	GO:1903800	positive regulation of production of miRNAs involved in gene silencing by miRNA	124	2.95E-03	1.00E+00	3.06E-01	2.52E+01	7.92E-02	2	8.09E-04	2.04E-02	100	1.37E-03	1.00E+00	1.76E-01	3.52E+01	5.68E-02	2	8	1.32E-02	2.50E-01	chr14_46387358_46388080,chr4_134019055_134020274	Bmp4,Lin28a
GO Biological Process	GO:0060173	limb development	125	2.96E-03	1.00E+00	3.05E-01	3.04E+00	2.96E+00	9	3.02E-02	9.18E-02	62	4.27E-04	1.00E+00	8.85E-02	5.19E+00	1.35E+00	7	190	4.61E-02	3.68E-02	chr12_118847345_118851129,chr13_40727364_40730800,chr13_53471407_53472168,chr13_53472662_53473247,chr13_63563733_63564766,chr13_63566316_63566849,chr14_46387358_46388080,chr6_118758397_118758711,chr7_100372146_100372354	Bmp4,C2cd3,Cacna1c,Msx2,Ptch1,Sp8,Tfap2a
GO Biological Process	GO:0061311	cell surface receptor signaling pathway involved in heart development	126	2.99E-03	1.00E+00	3.05E-01	1.06E+01	2.83E-01	3	2.89E-03	3.06E-02	241	8.76E-03	1.00E+00	4.67E-01	1.41E+01	1.42E-01	2	20	1.32E-02	1.00E-01	chr13_53471407_53472168,chr13_53472662_53473247,chr14_46387358_46388080	Bmp4,Msx2
GO Biological Process	GO:0035115	embryonic forelimb morphogenesis	127	3.01E-03	1.00E+00	3.04E-01	6.79E+00	5.89E-01	4	6.01E-03	4.08E-02	120	2.11E-03	1.00E+00	2.26E-01	1.17E+01	2.56E-01	3	36	1.97E-02	8.33E-02	chr13_40727364_40730800,chr13_53471407_53472168,chr13_53472662_53473247,chr6_118758397_118758711	Cacna1c,Msx2,Tfap2a
GO Biological Process	GO:0035878	nail development	128	3.04E-03	1.00E+00	3.05E-01	2.49E+01	8.05E-02	2	8.21E-04	2.04E-02	742	6.22E-02	1.00E+00	1.00E+00	1.56E+01	6.39E-02	1	9	6.58E-03	1.11E-01	chr13_53471407_53472168,chr13_53472662_53473247	Msx2
GO Biological Process	GO:1901361	organic cyclic compound catabolic process	129	3.06E-03	1.00E+00	3.05E-01	3.69E+00	1.90E+00	7	1.94E-02	7.14E-02	773	6.25E-02	1.00E+00	1.00E+00	2.35E+00	2.12E+00	5	299	3.29E-02	1.67E-02	chr14_51771546_51772144,chr14_70580681_70580934,chr17_83920344_83920701,chr17_84184827_84185319,chr17_84185496_84186847,chr2_75703196_75704248,chr4_134019055_134020274	Ang4,Lin28a,Nfe2l2,Nudt18,Zfp36l2
GO Biological Process	GO:0048663	neuron fate commitment	130	3.08E-03	1.00E+00	3.05E-01	4.24E+00	1.42E+00	6	1.44E-02	6.12E-02	48	2.81E-04	1.00E+00	7.53E-02	8.69E+00	5.75E-01	5	81	3.29E-02	6.17E-02	chr14_46387358_46388080,chr16_30066210_30067176,chr2_71541880_71544776,chr2_71544955_71545796,chr9_55542234_55544237,chr9_55544680_55546400	Bmp4,Dlx1,Dlx2,Hes1,Isl2
GO Biological Process	GO:0046902	regulation of mitochondrial membrane permeability	131	3.24E-03	1.00E+00	3.18E-01	1.03E+01	2.91E-01	3	2.97E-03	3.06E-02	691	5.46E-02	1.00E+00	1.00E+00	5.31E+00	3.77E-01	2	53	1.32E-02	3.77E-02	chr6_121069244_121070033,chr7_38184529_38185013,chr7_38197297_38198262	Bid,Plekhf1
GO Biological Process	GO:0060684	epithelial-mesenchymal cell signaling	132	3.25E-03	1.00E+00	3.17E-01	2.40E+01	8.33E-02	2	8.50E-04	2.04E-02	85	1.03E-03	1.00E+00	1.56E-01	4.02E+01	4.97E-02	2	7	1.32E-02	2.86E-01	chr14_46387358_46388080,chr5_138992412_138994516	Bmp4,Pdgfa
GO Biological Process	GO:0007006	mitochondrial membrane organization	133	3.27E-03	1.00E+00	3.16E-01	6.63E+00	6.03E-01	4	6.15E-03	4.08E-02	454	2.71E-02	1.00E+00	7.68E-01	4.64E+00	6.47E-01	3	91	1.97E-02	3.30E-02	chr6_121069244_121070033,chr6_60830285_60830625,chr7_38184529_38185013,chr7_38197297_38198262	Bid,Plekhf1,Snca
GO Biological Process	GO:0072698	protein localization to microtubule cytoskeleton	134	3.28E-03	1.00E+00	3.15E-01	1.03E+01	2.93E-01	3	2.99E-03	3.06E-02	368	2.04E-02	1.00E+00	7.12E-01	9.08E+00	2.20E-01	2	31	1.32E-02	6.45E-02	chr7_100372146_100372354,chr8_26117824_26118019,chr8_26118257_26118822	C2cd3,Hook3
GO Biological Process	GO:0034248	regulation of cellular amide metabolic process	135	3.28E-03	1.00E+00	3.13E-01	3.26E+00	2.45E+00	8	2.50E-02	8.16E-02	639	4.54E-02	1.00E+00	9.13E-01	2.33E+00	2.58E+00	6	363	3.95E-02	1.65E-02	chr11_69919322_69920053,chr14_46387358_46388080,chr17_83920344_83920701,chr17_84184827_84185319,chr17_84185496_84186847,chr2_75703196_75704248,chr3_89280734_89281464,chr4_134019055_134020274	Bmp4,Efna1,Eif5a,Lin28a,Nfe2l2,Zfp36l2
GO Biological Process	GO:0090427	activation of meiosis	136	3.39E-03	1.00E+00	3.21E-01	2.35E+01	8.51E-02	2	8.69E-04	2.04E-02	460	2.81E-02	1.00E+00	7.86E-01	3.52E+01	2.84E-02	1	4	6.58E-03	2.50E-01	chr13_53471407_53472168,chr13_53472662_53473247	Msx2
GO Biological Process	GO:0045683	negative regulation of epidermis development	137	3.39E-03	1.00E+00	3.19E-01	1.01E+01	2.96E-01	3	3.02E-03	3.06E-02	248	9.64E-03	1.00E+00	5.00E-01	1.34E+01	1.49E-01	2	21	1.32E-02	9.52E-02	chr13_53471407_53472168,chr13_53472662_53473247,chr16_30066210_30067176	Hes1,Msx2
GO Biological Process	GO:0010256	endomembrane system organization	138	3.44E-03	1.00E+00	3.21E-01	2.76E+00	3.62E+00	10	3.70E-02	1.02E-01	589	4.16E-02	1.00E+00	9.09E-01	2.19E+00	3.19E+00	7	449	4.61E-02	1.56E-02	chr11_69399728_69400631,chr12_100522666_100523349,chr13_63563733_63564766,chr13_63566316_63566849,chr19_42280099_42280665,chr19_7421912_7423664,chr7_38184529_38185013,chr7_38197297_38198262,chr8_26117824_26118019,chr8_26118257_26118822	Golga7b,Hook3,Plekhf1,Ptch1,Rtn3,Tmem88,Ttc7b
GO Biological Process	GO:0016458	gene silencing	139	3.49E-03	1.00E+00	3.23E-01	4.98E+00	1.00E+00	5	1.03E-02	5.10E-02	270	1.24E-02	1.00E+00	5.89E-01	3.65E+00	1.37E+00	5	193	3.29E-02	2.59E-02	chr11_120186364_120189507,chr4_133755923_133757903,chr4_134019055_134020274,chr5_142815895_142816475,chr7_116032327_116033153	Arid1a,Bahcc1,Lin28a,Sox6,Tnrc18
GO Biological Process	GO:0046686	response to cadmium ion	140	3.50E-03	1.00E+00	3.21E-01	1.00E+01	3.00E-01	3	3.06E-03	3.06E-02	1821	3.30E-01	1.00E+00	1.00E+00	2.51E+00	3.98E-01	1	56	6.58E-03	1.79E-02	chr17_83920344_83920701,chr17_84184827_84185319,chr17_84185496_84186847	Haao
GO Biological Process	GO:0051961	negative regulation of nervous system development	141	3.51E-03	1.00E+00	3.20E-01	2.59E+00	4.25E+00	11	4.33E-02	1.12E-01	43	2.19E-04	1.00E+00	6.54E-02	4.41E+00	2.04E+00	9	287	5.92E-02	3.14E-02	chr16_30066210_30067176,chr2_174428666_174429601,chr2_71541880_71544776,chr2_71544955_71545796,chr3_89280734_89281464,chr4_134019055_134020274,chr7_126781249_126781424,chr8_26117824_26118019,chr8_26118257_26118822,chr9_55542234_55544237,chr9_55544680_55546400	Ctsz,Dlx1,Dlx2,Efna1,Hes1,Hook3,Isl2,Lin28a,Tbx6
GO Biological Process	GO:0021904	dorsal/ventral neural tube patterning	142	3.51E-03	1.00E+00	3.18E-01	1.00E+01	3.00E-01	3	3.06E-03	3.06E-02	271	1.25E-02	1.00E+00	5.93E-01	1.17E+01	1.71E-01	2	24	1.32E-02	8.33E-02	chr13_63563733_63564766,chr13_63566316_63566849,chr14_46387358_46388080	Bmp4,Ptch1
GO Biological Process	GO:0010875	positive regulation of cholesterol efflux	143	3.55E-03	1.00E+00	3.19E-01	2.30E+01	8.71E-02	2	8.89E-04	2.04E-02	972	9.50E-02	1.00E+00	1.00E+00	1.01E+01	9.95E-02	1	14	6.58E-03	7.14E-02	chr13_63563733_63564766,chr13_63566316_63566849	Ptch1
GO Biological Process	GO:0048754	branching morphogenesis of an epithelial tube	144	3.58E-03	1.00E+00	3.20E-01	3.22E+00	2.49E+00	8	2.54E-02	8.16E-02	96	1.11E-03	1.00E+00	1.48E-01	5.18E+00	1.16E+00	6	163	3.95E-02	3.68E-02	chr13_53471407_53472168,chr13_53472662_53473247,chr13_63563733_63564766,chr13_63566316_63566849,chr14_46387358_46388080,chr2_174428666_174429601,chr3_37642698_37643251,chr4_141326801_141327760	Bmp4,Ctsz,Epha2,Msx2,Ptch1,Spry1
GO Biological Process	GO:0045165	cell fate commitment	145	3.64E-03	1.00E+00	3.22E-01	2.74E+00	3.65E+00	10	3.73E-02	1.02E-01	59	3.96E-04	1.00E+00	8.63E-02	4.56E+00	1.75E+00	8	247	5.26E-02	3.24E-02	chr13_63563733_63564766,chr13_63566316_63566849,chr14_46387358_46388080,chr16_30066210_30067176,chr2_71541880_71544776,chr2_71544955_71545796,chr7_116032327_116033153,chr7_126781249_126781424,chr9_55542234_55544237,chr9_55544680_55546400	Bmp4,Dlx1,Dlx2,Hes1,Isl2,Ptch1,Sox6,Tbx6
GO Biological Process	GO:0048562	embryonic organ morphogenesis	146	3.70E-03	1.00E+00	3.26E-01	2.57E+00	4.28E+00	11	4.36E-02	1.12E-01	18	1.72E-05	2.21E-01	1.23E-02	4.88E+00	2.25E+00	11	317	7.24E-02	3.47E-02	chr11_96352608_96353722,chr13_40727364_40730800,chr14_46387358_46388080,chr15_102982607_102983365,chr16_30066210_30067176,chr2_71541880_71544776,chr2_71544955_71545796,chr3_89280734_89281464,chr4_133755923_133757903,chr4_141326801_141327760,chr7_100372146_100372354	Arid1a,Bmp4,C2cd3,Dlx2,Efna1,Epha2,Hes1,Hoxb1,Hoxb2,Hoxc9,Tfap2a
GO Biological Process	GO:0001841	neural tube formation	147	3.76E-03	1.00E+00	3.29E-01	4.07E+00	1.47E+00	6	1.50E-02	6.12E-02	122	2.15E-03	1.00E+00	2.27E-01	5.54E+00	9.02E-01	5	127	3.29E-02	3.94E-02	chr13_40727364_40730800,chr13_63563733_63564766,chr13_63566316_63566849,chr14_46387358_46388080,chr15_89174182_89175604,chr4_133755923_133757903	Arid1a,Bmp4,Plxnb2,Ptch1,Tfap2a
GO Biological Process	GO:0007009	plasma membrane organization	148	3.87E-03	1.00E+00	3.36E-01	3.53E+00	1.98E+00	7	2.02E-02	7.14E-02	374	2.10E-02	1.00E+00	7.21E-01	3.18E+00	1.57E+00	5	221	3.29E-02	2.26E-02	chr11_69399728_69400631,chr12_100522666_100523349,chr13_63563733_63564766,chr13_63566316_63566849,chr19_42280099_42280665,chr7_38184529_38185013,chr7_38197297_38198262	Golga7b,Plekhf1,Ptch1,Tmem88,Ttc7b
GO Biological Process	GO:0070828	heterochromatin organization	149	3.88E-03	1.00E+00	3.35E-01	2.19E+01	9.12E-02	2	9.31E-04	2.04E-02	177	5.64E-03	1.00E+00	4.09E-01	1.76E+01	1.14E-01	2	16	1.32E-02	1.25E-01	chr11_120186364_120189507,chr5_142815895_142816475	Bahcc1,Tnrc18
GO Biological Process	GO:0035239	tube morphogenesis	150	3.89E-03	1.00E+00	3.33E-01	2.32E+00	5.60E+00	13	5.72E-02	1.33E-01	36	1.25E-04	1.00E+00	4.47E-02	3.92E+00	2.81E+00	11	395	7.24E-02	2.78E-02	chr13_40727364_40730800,chr13_53471407_53472168,chr13_53472662_53473247,chr13_63563733_63564766,chr13_63566316_63566849,chr14_46387358_46388080,chr15_89174182_89175604,chr16_30066210_30067176,chr2_174428666_174429601,chr3_37642698_37643251,chr4_133755923_133757903,chr4_141326801_141327760,chr7_100372146_100372354	Arid1a,Bmp4,C2cd3,Ctsz,Epha2,Hes1,Msx2,Plxnb2,Ptch1,Spry1,Tfap2a
GO Biological Process	GO:0021524	visceral motor neuron differentiation	151	3.99E-03	1.00E+00	3.40E-01	2.16E+01	9.25E-02	2	9.44E-04	2.04E-02	375	2.12E-02	1.00E+00	7.26E-01	4.69E+01	2.13E-02	1	3	6.58E-03	3.33E-01	chr9_55542234_55544237,chr9_55544680_55546400	Isl2
GO Biological Process	GO:1904093	negative regulation of autophagic cell death	152	4.01E-03	1.00E+00	3.39E-01	2.49E+02	4.02E-03	1	4.10E-05	1.02E-02	192	7.10E-03	1.00E+00	4.76E-01	1.41E+02	7.10E-03	1	1	6.58E-03	1.00E+00	chr2_118544289_118545050	Bmf
GO Biological Process	GO:0045577	regulation of B cell differentiation	153	4.01E-03	1.00E+00	3.37E-01	9.54E+00	3.15E-01	3	3.21E-03	3.06E-02	1476	1.98E-01	1.00E+00	1.00E+00	4.54E+00	2.20E-01	1	31	6.58E-03	3.23E-02	chr17_83920344_83920701,chr17_84184827_84185319,chr17_84185496_84186847	Zfp36l2
GO Biological Process	GO:0021783	preganglionic parasympathetic fiber development	154	4.04E-03	1.00E+00	3.37E-01	9.51E+00	3.15E-01	3	3.22E-03	3.06E-02	13	6.93E-06	8.92E-02	6.86E-03	3.13E+01	1.28E-01	4	18	2.63E-02	2.22E-01	chr11_96352608_96353722,chr13_40727364_40730800,chr16_30066210_30067176	Hes1,Hoxb1,Hoxb2,Tfap2a
GO Biological Process	GO:0007507	heart development	155	4.08E-03	1.00E+00	3.38E-01	2.14E+00	7.00E+00	15	7.15E-02	1.53E-01	41	1.51E-04	1.00E+00	4.75E-02	3.34E+00	3.89E+00	13	548	8.55E-02	2.37E-02	chr13_40727364_40730800,chr13_53471407_53472168,chr13_53472662_53473247,chr13_63563733_63564766,chr13_63566316_63566849,chr14_46387358_46388080,chr16_30066210_30067176,chr3_37642698_37643251,chr3_89280734_89281464,chr4_133755923_133757903,chr6_118758397_118758711,chr7_100372146_100372354,chr7_116032327_116033153,chr7_19355987_19356721,chr8_124946584_124947555	Arid1a,Bmp4,C2cd3,Cacna1c,Efna1,Egln1,Hes1,Msx2,Ppp1r13l,Ptch1,Sox6,Spry1,Tfap2a
GO Biological Process	GO:0061626	pharyngeal arch artery morphogenesis	156	4.13E-03	1.00E+00	3.40E-01	2.12E+01	9.42E-02	2	9.61E-04	2.04E-02	100	1.37E-03	1.00E+00	1.76E-01	3.52E+01	5.68E-02	2	8	1.32E-02	2.50E-01	chr14_46387358_46388080,chr16_30066210_30067176	Bmp4,Hes1
GO Biological Process	GO:0007346	regulation of mitotic cell cycle	157	4.23E-03	1.00E+00	3.47E-01	2.53E+00	4.35E+00	11	4.44E-02	1.12E-01	445	2.67E-02	1.00E+00	7.71E-01	2.25E+00	3.55E+00	8	500	5.26E-02	1.60E-02	chr11_87422538_87423866,chr13_63563733_63564766,chr13_63566316_63566849,chr14_46387358_46388080,chr16_30066210_30067176,chr17_83920344_83920701,chr17_84184827_84185319,chr17_84185496_84186847,chr19_57119757_57120427,chr5_111006204_111007025,chr6_121069244_121070033	Afap1l2,Bid,Bmp4,Hes1,Ptch1,Tex14,Ttc28,Zfp36l2
GO Biological Process	GO:0061180	mammary gland epithelium development	158	4.27E-03	1.00E+00	3.47E-01	4.75E+00	1.05E+00	5	1.08E-02	5.10E-02	277	1.26E-02	1.00E+00	5.84E-01	6.21E+00	4.83E-01	3	68	1.97E-02	4.41E-02	chr13_53471407_53472168,chr13_53472662_53473247,chr13_63563733_63564766,chr13_63566316_63566849,chr4_141326801_141327760	Epha2,Msx2,Ptch1
GO Biological Process	GO:0009117	nucleotide metabolic process	159	4.28E-03	1.00E+00	3.46E-01	2.87E+00	3.14E+00	9	3.20E-02	9.18E-02	539	3.46E-02	1.00E+00	8.25E-01	2.29E+00	3.06E+00	7	431	4.61E-02	1.62E-02	chr14_70580681_70580934,chr17_83920344_83920701,chr17_84184827_84185319,chr17_84185496_84186847,chr4_141326801_141327760,chr5_135790394_135790983,chr6_121069244_121070033,chr6_60830285_60830625,chr7_140901650_140902605	Bid,Cox8b,Epha2,Haao,Mdh2,Nudt18,Snca
GO Biological Process	GO:0006452	translational frameshifting	160	4.34E-03	1.00E+00	3.49E-01	2.30E+02	4.35E-03	1	4.44E-05	1.02E-02	294	1.42E-02	1.00E+00	6.19E-01	7.04E+01	1.42E-02	1	2	6.58E-03	5.00E-01	chr11_69919322_69920053	Eif5a
GO Biological Process	GO:0045905	positive regulation of translational termination	160	4.34E-03	1.00E+00	3.49E-01	2.30E+02	4.35E-03	1	4.44E-05	1.02E-02	294	1.42E-02	1.00E+00	6.19E-01	7.04E+01	1.42E-02	1	2	6.58E-03	5.00E-01	chr11_69919322_69920053	Eif5a
GO Biological Process	GO:0060035	notochord cell development	162	4.41E-03	1.00E+00	3.50E-01	2.26E+02	4.42E-03	1	4.51E-05	1.02E-02	192	7.10E-03	1.00E+00	4.76E-01	1.41E+02	7.10E-03	1	1	6.58E-03	1.00E+00	chr4_141326801_141327760	Epha2
GO Biological Process	GO:0001656	metanephros development	163	4.41E-03	1.00E+00	3.48E-01	3.94E+00	1.52E+00	6	1.56E-02	6.12E-02	58	3.92E-04	1.00E+00	8.69E-02	8.09E+00	6.18E-01	5	87	3.29E-02	5.75E-02	chr13_40727364_40730800,chr13_63563733_63564766,chr13_63566316_63566849,chr14_46387358_46388080,chr16_30066210_30067176,chr3_37642698_37643251	Bmp4,Hes1,Ptch1,Spry1,Tfap2a
GO Biological Process	GO:0006753	nucleoside phosphate metabolic process	164	4.44E-03	1.00E+00	3.48E-01	2.85E+00	3.15E+00	9	3.22E-02	9.18E-02	572	3.76E-02	1.00E+00	8.46E-01	2.24E+00	3.12E+00	7	439	4.61E-02	1.59E-02	chr14_70580681_70580934,chr17_83920344_83920701,chr17_84184827_84185319,chr17_84185496_84186847,chr4_141326801_141327760,chr5_135790394_135790983,chr6_121069244_121070033,chr6_60830285_60830625,chr7_140901650_140902605	Bid,Cox8b,Epha2,Haao,Mdh2,Nudt18,Snca
GO Biological Process	GO:0032464	positive regulation of protein homooligomerization	165	4.50E-03	1.00E+00	3.51E-01	2.03E+01	9.85E-02	2	1.00E-03	2.04E-02	131	2.64E-03	1.00E+00	2.60E-01	2.56E+01	7.81E-02	2	11	1.32E-02	1.82E-01	chr2_118544289_118545050,chr6_121069244_121070033	Bid,Bmf
GO Biological Process	GO:0097094	craniofacial suture morphogenesis	166	4.55E-03	1.00E+00	3.53E-01	9.11E+00	3.29E-01	3	3.36E-03	3.06E-02	186	6.36E-03	1.00E+00	4.40E-01	1.66E+01	1.21E-01	2	17	1.32E-02	1.18E-01	chr13_53471407_53472168,chr13_53472662_53473247,chr14_46387358_46388080	Bmp4,Msx2
GO Biological Process	GO:1902580	single-organism cellular localization	167	4.55E-03	1.00E+00	3.50E-01	2.19E+00	6.39E+00	14	6.52E-02	1.43E-01	238	8.14E-03	1.00E+00	4.40E-01	2.22E+00	5.40E+00	12	760	7.89E-02	1.58E-02	chr11_69399728_69400631,chr12_100522666_100523349,chr13_63563733_63564766,chr13_63566316_63566849,chr16_30066210_30067176,chr19_42280099_42280665,chr2_118544289_118545050,chr3_37642698_37643251,chr6_121069244_121070033,chr6_60830285_60830625,chr7_116032327_116033153,chr7_38184529_38185013,chr7_38197297_38198262,chr8_84660555_84662042	Bid,Cacna1a,Gm4353,Golga7b,Hes1,Plekhf1,Ptch1,Snca,Spry1,Srp14,Tmem88,Ttc7b
GO Biological Process	GO:0060322	head development	168	4.80E-03	1.00E+00	3.67E-01	1.89E+00	1.01E+01	19	1.03E-01	1.94E-01	8	2.95E-06	3.79E-02	4.74E-03	3.42E+00	5.55E+00	19	781	1.25E-01	2.43E-02	chr10_68276719_68277215,chr11_96352608_96353722,chr13_40727364_40730800,chr13_63563733_63564766,chr13_63566316_63566849,chr14_46387358_46388080,chr15_89174182_89175604,chr16_30066210_30067176,chr19_42280099_42280665,chr2_71541880_71544776,chr2_71544955_71545796,chr3_50442906_50443889,chr4_133755923_133757903,chr6_121069244_121070033,chr6_39204889_39205411,chr7_100372146_100372354,chr8_26117824_26118019,chr8_26118257_26118822,chr8_84660555_84662042	Arid1a,Arid5b,Bid,Bmp4,C2cd3,Cacna1a,Crtac1,Dlx1,Dlx2,Fancc,Hes1,Hook3,Hoxb1,Hoxb2,Kdm7a,Plxnb2,Ptch1,Slc7a11,Tfap2a
GO Biological Process	GO:0048103	somatic stem cell division	169	4.83E-03	1.00E+00	3.68E-01	8.91E+00	3.37E-01	3	3.43E-03	3.06E-02	1287	1.57E-01	1.00E+00	1.00E+00	5.86E+00	1.71E-01	1	24	6.58E-03	4.17E-02	chr17_83920344_83920701,chr17_84184827_84185319,chr17_84185496_84186847	Zfp36l2
GO Biological Process	GO:0044380	protein localization to cytoskeleton	170	4.87E-03	1.00E+00	3.68E-01	8.89E+00	3.37E-01	3	3.44E-03	3.06E-02	442	2.56E-02	1.00E+00	7.45E-01	8.04E+00	2.49E-01	2	35	1.32E-02	5.71E-02	chr7_100372146_100372354,chr8_26117824_26118019,chr8_26118257_26118822	C2cd3,Hook3
GO Biological Process	GO:0048729	tissue morphogenesis	171	4.90E-03	1.00E+00	3.69E-01	2.04E+00	7.86E+00	16	8.02E-02	1.63E-01	35	1.15E-04	1.00E+00	4.22E-02	3.24E+00	4.32E+00	14	608	9.21E-02	2.30E-02	chr11_96352608_96353722,chr13_40727364_40730800,chr13_53471407_53472168,chr13_53472662_53473247,chr13_63563733_63564766,chr13_63566316_63566849,chr14_46387358_46388080,chr15_89174182_89175604,chr16_30066210_30067176,chr2_174428666_174429601,chr3_37642698_37643251,chr4_133755923_133757903,chr4_141326801_141327760,chr7_100372146_100372354,chr7_126781249_126781424,chr8_124946584_124947555	Arid1a,Bmp4,C2cd3,Ctsz,Egln1,Epha2,Hes1,Hoxb2,Msx2,Plxnb2,Ptch1,Spry1,Tbx6,Tfap2a
GO Biological Process	GO:0042475	odontogenesis of dentin-containing tooth	172	4.92E-03	1.00E+00	3.68E-01	4.59E+00	1.09E+00	5	1.11E-02	5.10E-02	127	2.43E-03	1.00E+00	2.46E-01	7.13E+00	5.61E-01	4	79	2.63E-02	5.06E-02	chr13_53471407_53472168,chr13_53472662_53473247,chr14_46387358_46388080,chr2_71541880_71544776,chr2_71544955_71545796	Bmp4,Dlx1,Dlx2,Msx2
GO Biological Process	GO:0060346	bone trabecula formation	173	5.00E-03	1.00E+00	3.71E-01	1.92E+01	1.04E-01	2	1.06E-03	2.04E-02	742	6.22E-02	1.00E+00	1.00E+00	1.56E+01	6.39E-02	1	9	6.58E-03	1.11E-01	chr13_53471407_53472168,chr13_53472662_53473247	Msx2
GO Biological Process	GO:0071773	cellular response to BMP stimulus	174	5.04E-03	1.00E+00	3.73E-01	4.56E+00	1.10E+00	5	1.12E-02	5.10E-02	577	3.90E-02	1.00E+00	8.69E-01	4.02E+00	7.46E-01	3	105	1.97E-02	2.86E-02	chr13_53471407_53472168,chr13_53472662_53473247,chr14_46387358_46388080,chr2_71541880_71544776,chr2_71544955_71545796	Bmp4,Dlx1,Msx2
GO Biological Process	GO:0014014	negative regulation of gliogenesis	175	5.08E-03	1.00E+00	3.73E-01	5.85E+00	6.83E-01	4	6.97E-03	4.08E-02	44	2.22E-04	1.00E+00	6.49E-02	1.34E+01	2.98E-01	4	42	2.63E-02	9.52E-02	chr16_30066210_30067176,chr2_71541880_71544776,chr2_71544955_71545796,chr4_134019055_134020274	Dlx1,Dlx2,Hes1,Lin28a
GO Biological Process	GO:0007224	smoothened signaling pathway	176	5.11E-03	1.00E+00	3.73E-01	5.84E+00	6.85E-01	4	6.99E-03	4.08E-02	340	1.64E-02	1.00E+00	6.18E-01	5.63E+00	5.33E-01	3	75	1.97E-02	4.00E-02	chr13_63563733_63564766,chr13_63566316_63566849,chr14_46387358_46388080,chr16_30066210_30067176	Bmp4,Hes1,Ptch1
GO Biological Process	GO:0046533	negative regulation of photoreceptor cell differentiation	177	5.18E-03	1.00E+00	3.76E-01	1.89E+01	1.06E-01	2	1.08E-03	2.04E-02	85	1.03E-03	1.00E+00	1.56E-01	4.02E+01	4.97E-02	2	7	1.32E-02	2.86E-01	chr2_71541880_71544776,chr2_71544955_71545796	Dlx1,Dlx2
GO Biological Process	GO:0048818	positive regulation of hair follicle maturation	178	5.28E-03	1.00E+00	3.82E-01	1.87E+01	1.07E-01	2	1.09E-03	2.04E-02	540	3.50E-02	1.00E+00	8.34E-01	2.82E+01	3.55E-02	1	5	6.58E-03	2.00E-01	chr13_53471407_53472168,chr13_53472662_53473247	Msx2
GO Biological Process	GO:0010721	negative regulation of cell development	179	5.47E-03	1.00E+00	3.93E-01	2.44E+00	4.51E+00	11	4.60E-02	1.12E-01	56	3.26E-04	1.00E+00	7.48E-02	4.18E+00	2.15E+00	9	303	5.92E-02	2.97E-02	chr16_30066210_30067176,chr2_174428666_174429601,chr2_71541880_71544776,chr2_71544955_71545796,chr3_89280734_89281464,chr4_134019055_134020274,chr7_126781249_126781424,chr8_26117824_26118019,chr8_26118257_26118822,chr9_55542234_55544237,chr9_55544680_55546400	Ctsz,Dlx1,Dlx2,Efna1,Hes1,Hook3,Isl2,Lin28a,Tbx6
GO Biological Process	GO:0003198	epithelial to mesenchymal transition involved in endocardial cushion formation	180	5.59E-03	1.00E+00	3.99E-01	1.82E+01	1.10E-01	2	1.12E-03	2.04E-02	874	8.20E-02	1.00E+00	1.00E+00	1.17E+01	8.53E-02	1	12	6.58E-03	8.33E-02	chr13_53471407_53472168,chr13_53472662_53473247	Msx2
GO Biological Process	GO:0048701	embryonic cranial skeleton morphogenesis	181	5.60E-03	1.00E+00	3.98E-01	5.69E+00	7.03E-01	4	7.17E-03	4.08E-02	163	4.53E-03	1.00E+00	3.58E-01	8.98E+00	3.34E-01	3	47	1.97E-02	6.38E-02	chr13_40727364_40730800,chr14_46387358_46388080,chr2_71541880_71544776,chr2_71544955_71545796	Bmp4,Dlx2,Tfap2a
GO Biological Process	GO:0071364	cellular response to epidermal growth factor stimulus	182	5.63E-03	1.00E+00	3.98E-01	8.43E+00	3.56E-01	3	3.63E-03	3.06E-02	1581	2.32E-01	1.00E+00	1.00E+00	3.80E+00	2.63E-01	1	37	6.58E-03	2.70E-02	chr17_83920344_83920701,chr17_84184827_84185319,chr17_84185496_84186847	Zfp36l2
GO Biological Process	GO:0001501	skeletal system development	183	5.64E-03	1.00E+00	3.97E-01	2.22E+00	5.86E+00	13	5.98E-02	1.33E-01	12	5.68E-06	7.30E-02	6.09E-03	4.27E+00	3.28E+00	14	462	9.21E-02	3.03E-02	chr10_68276719_68277215,chr11_120186364_120189507,chr11_96352608_96353722,chr13_40727364_40730800,chr13_53471407_53472168,chr13_53472662_53473247,chr14_46387358_46388080,chr15_102982607_102983365,chr2_71541880_71544776,chr2_71544955_71545796,chr4_141326801_141327760,chr5_138992412_138994516,chr7_116032327_116033153	Arid5b,Bmp4,Dlx1,Dlx2,Epha2,Hoxb1,Hoxb2,Hoxc8,Hoxc9,Msx2,Pdgfa,Slc38a10,Sox6,Tfap2a
GO Biological Process	GO:0003180	aortic valve morphogenesis	184	5.65E-03	1.00E+00	3.95E-01	1.81E+01	1.11E-01	2	1.13E-03	2.04E-02	85	1.03E-03	1.00E+00	1.56E-01	4.02E+01	4.97E-02	2	7	1.32E-02	2.86E-01	chr14_46387358_46388080,chr3_89280734_89281464	Bmp4,Efna1
GO Biological Process	GO:0021548	pons development	185	5.67E-03	1.00E+00	3.94E-01	1.80E+01	1.11E-01	2	1.13E-03	2.04E-02	151	3.72E-03	1.00E+00	3.16E-01	2.17E+01	9.24E-02	2	13	1.32E-02	1.54E-01	chr11_96352608_96353722,chr8_84660555_84662042	Cacna1a,Hoxb1
GO Biological Process	GO:0035313	wound healing, spreading of epidermal cells	186	5.70E-03	1.00E+00	3.94E-01	1.80E+01	1.11E-01	2	1.14E-03	2.04E-02	791	6.88E-02	1.00E+00	1.00E+00	1.41E+01	7.10E-02	1	10	6.58E-03	1.00E-01	chr13_53471407_53472168,chr13_53472662_53473247	Msx2
GO Biological Process	GO:0090559	regulation of membrane permeability	187	5.74E-03	1.00E+00	3.95E-01	8.37E+00	3.58E-01	3	3.66E-03	3.06E-02	785	6.79E-02	1.00E+00	1.00E+00	4.69E+00	4.26E-01	2	60	1.32E-02	3.33E-02	chr6_121069244_121070033,chr7_38184529_38185013,chr7_38197297_38198262	Bid,Plekhf1
GO Biological Process	GO:0002009	morphogenesis of an epithelium	188	5.75E-03	1.00E+00	3.93E-01	2.13E+00	6.57E+00	14	6.70E-02	1.43E-01	45	2.37E-04	1.00E+00	6.77E-02	3.39E+00	3.54E+00	12	498	7.89E-02	2.41E-02	chr11_96352608_96353722,chr13_40727364_40730800,chr13_53471407_53472168,chr13_53472662_53473247,chr13_63563733_63564766,chr13_63566316_63566849,chr14_46387358_46388080,chr15_89174182_89175604,chr16_30066210_30067176,chr2_174428666_174429601,chr3_37642698_37643251,chr4_133755923_133757903,chr4_141326801_141327760,chr7_100372146_100372354	Arid1a,Bmp4,C2cd3,Ctsz,Epha2,Hes1,Hoxb2,Msx2,Plxnb2,Ptch1,Spry1,Tfap2a
GO Biological Process	GO:0043063	intercellular bridge organization	189	5.96E-03	1.00E+00	4.06E-01	1.67E+02	5.98E-03	1	6.10E-05	1.02E-02	192	7.10E-03	1.00E+00	4.76E-01	1.41E+02	7.10E-03	1	1	6.58E-03	1.00E+00	chr11_87422538_87423866	Tex14
GO Biological Process	GO:0009798	axis specification	190	5.99E-03	1.00E+00	4.06E-01	4.37E+00	1.14E+00	5	1.17E-02	5.10E-02	166	4.73E-03	1.00E+00	3.66E-01	5.93E+00	6.75E-01	4	95	2.63E-02	4.21E-02	chr13_63563733_63564766,chr13_63566316_63566849,chr14_46387358_46388080,chr7_100372146_100372354,chr7_126781249_126781424	Bmp4,C2cd3,Ptch1,Tbx6
GO Biological Process	GO:0007417	central nervous system development	191	6.08E-03	1.00E+00	4.09E-01	1.78E+00	1.18E+01	21	1.21E-01	2.14E-01	15	8.52E-06	1.10E-01	7.31E-03	3.06E+00	6.54E+00	20	920	1.32E-01	2.17E-02	chr11_96352608_96353722,chr13_40727364_40730800,chr13_63563733_63564766,chr13_63566316_63566849,chr14_46387358_46388080,chr15_89174182_89175604,chr16_30066210_30067176,chr19_42280099_42280665,chr2_71541880_71544776,chr2_71544955_71545796,chr3_50442906_50443889,chr4_133755923_133757903,chr6_121069244_121070033,chr6_39204889_39205411,chr7_100372146_100372354,chr7_116032327_116033153,chr8_26117824_26118019,chr8_26118257_26118822,chr8_84660555_84662042,chr9_55542234_55544237,chr9_55544680_55546400	Arid1a,Bid,Bmp4,C2cd3,Cacna1a,Crtac1,Dlx1,Dlx2,Fancc,Hes1,Hook3,Hoxb1,Hoxb2,Isl2,Kdm7a,Plxnb2,Ptch1,Slc7a11,Sox6,Tfap2a
GO Biological Process	GO:0098869	cellular oxidant detoxification	192	6.10E-03	1.00E+00	4.08E-01	8.19E+00	3.66E-01	3	3.74E-03	3.06E-02	1106	1.15E-01	1.00E+00	1.00E+00	3.43E+00	5.83E-01	2	82	1.32E-02	2.44E-02	chr10_80054157_80054700,chr10_80055087_80056206,chr13_63563733_63564766	Fancc,Gpx4
GO Biological Process	GO:0045901	positive regulation of translational elongation	193	6.15E-03	1.00E+00	4.10E-01	1.62E+02	6.17E-03	1	6.30E-05	1.02E-02	375	2.12E-02	1.00E+00	7.26E-01	4.69E+01	2.13E-02	1	3	6.58E-03	3.33E-01	chr11_69919322_69920053	Eif5a
GO Biological Process	GO:0060444	branching involved in mammary gland duct morphogenesis	194	6.18E-03	1.00E+00	4.10E-01	8.15E+00	3.68E-01	3	3.76E-03	3.06E-02	343	1.68E-02	1.00E+00	6.30E-01	1.01E+01	1.99E-01	2	28	1.32E-02	7.14E-02	chr13_53471407_53472168,chr13_53472662_53473247,chr4_141326801_141327760	Epha2,Msx2
GO Biological Process	GO:1990748	cellular detoxification	195	6.20E-03	1.00E+00	4.09E-01	8.14E+00	3.69E-01	3	3.76E-03	3.06E-02	1119	1.20E-01	1.00E+00	1.00E+00	3.35E+00	5.97E-01	2	84	1.32E-02	2.38E-02	chr10_80054157_80054700,chr10_80055087_80056206,chr13_63563733_63564766	Fancc,Gpx4
GO Biological Process	GO:0060831	smoothened signaling pathway involved in dorsal/ventral neural tube patterning	196	6.21E-03	1.00E+00	4.08E-01	1.72E+01	1.16E-01	2	1.19E-03	2.04E-02	645	4.87E-02	1.00E+00	9.71E-01	2.01E+01	4.97E-02	1	7	6.58E-03	1.43E-01	chr13_63563733_63564766,chr13_63566316_63566849	Ptch1
GO Biological Process	GO:0071397	cellular response to cholesterol	197	6.29E-03	1.00E+00	4.10E-01	1.71E+01	1.17E-01	2	1.19E-03	2.04E-02	831	7.54E-02	1.00E+00	1.00E+00	1.28E+01	7.81E-02	1	11	6.58E-03	9.09E-02	chr13_63563733_63564766,chr13_63566316_63566849	Ptch1
GO Biological Process	GO:0070243	regulation of thymocyte apoptotic process	198	6.55E-03	1.00E+00	4.25E-01	1.67E+01	1.20E-01	2	1.22E-03	2.04E-02	177	5.64E-03	1.00E+00	4.09E-01	1.76E+01	1.14E-01	2	16	1.32E-02	1.25E-01	chr14_46387358_46388080,chr3_89280734_89281464	Bmp4,Efna1
GO Biological Process	GO:0048486	parasympathetic nervous system development	199	6.59E-03	1.00E+00	4.26E-01	7.96E+00	3.77E-01	3	3.85E-03	3.06E-02	17	1.33E-05	1.72E-01	1.01E-02	2.68E+01	1.49E-01	4	21	2.63E-02	1.90E-01	chr11_96352608_96353722,chr13_40727364_40730800,chr16_30066210_30067176	Hes1,Hoxb1,Hoxb2,Tfap2a
GO Biological Process	GO:0007420	brain development	200	6.67E-03	1.00E+00	4.29E-01	1.87E+00	9.61E+00	18	9.80E-02	1.84E-01	11	5.11E-06	6.57E-02	5.97E-03	3.44E+00	5.23E+00	18	736	1.18E-01	2.45E-02	chr11_96352608_96353722,chr13_40727364_40730800,chr13_63563733_63564766,chr13_63566316_63566849,chr14_46387358_46388080,chr15_89174182_89175604,chr16_30066210_30067176,chr19_42280099_42280665,chr2_71541880_71544776,chr2_71544955_71545796,chr3_50442906_50443889,chr4_133755923_133757903,chr6_121069244_121070033,chr6_39204889_39205411,chr7_100372146_100372354,chr8_26117824_26118019,chr8_26118257_26118822,chr8_84660555_84662042	Arid1a,Bid,Bmp4,C2cd3,Cacna1a,Crtac1,Dlx1,Dlx2,Fancc,Hes1,Hook3,Hoxb1,Hoxb2,Kdm7a,Plxnb2,Ptch1,Slc7a11,Tfap2a
GO Biological Process	GO:0071356	cellular response to tumor necrosis factor	201	6.78E-03	1.00E+00	4.34E-01	4.24E+00	1.18E+00	5	1.20E-02	5.10E-02	970	9.43E-02	1.00E+00	1.00E+00	2.78E+00	1.08E+00	3	152	1.97E-02	1.97E-02	chr17_83920344_83920701,chr17_84184827_84185319,chr17_84185496_84186847,chr2_75703196_75704248,chr4_41921366_41921821	Gm21541,Nfe2l2,Zfp36l2
GO Biological Process	GO:0001709	cell fate determination	202	6.84E-03	1.00E+00	4.35E-01	5.37E+00	7.45E-01	4	7.60E-03	4.08E-02	147	3.29E-03	1.00E+00	2.88E-01	1.01E+01	2.98E-01	3	42	1.97E-02	7.14E-02	chr13_63563733_63564766,chr13_63566316_63566849,chr14_46387358_46388080,chr16_30066210_30067176	Bmp4,Hes1,Ptch1
GO Biological Process	GO:0070849	response to epidermal growth factor	203	6.92E-03	1.00E+00	4.38E-01	7.82E+00	3.84E-01	3	3.91E-03	3.06E-02	1639	2.54E-01	1.00E+00	1.00E+00	3.43E+00	2.91E-01	1	41	6.58E-03	2.44E-02	chr17_83920344_83920701,chr17_84184827_84185319,chr17_84185496_84186847	Zfp36l2
GO Biological Process	GO:0090200	positive regulation of release of cytochrome c from mitochondria	204	6.93E-03	1.00E+00	4.37E-01	1.62E+01	1.23E-01	2	1.26E-03	2.04E-02	354	1.80E-02	1.00E+00	6.52E-01	9.71E+00	2.06E-01	2	29	1.32E-02	6.90E-02	chr2_118544289_118545050,chr6_121069244_121070033	Bid,Bmf
GO Biological Process	GO:0098754	detoxification	205	6.94E-03	1.00E+00	4.35E-01	7.81E+00	3.84E-01	3	3.92E-03	3.06E-02	1171	1.32E-01	1.00E+00	1.00E+00	3.16E+00	6.32E-01	2	89	1.32E-02	2.25E-02	chr10_80054157_80054700,chr10_80055087_80056206,chr13_63563733_63564766	Fancc,Gpx4
GO Biological Process	GO:0009953	dorsal/ventral pattern formation	206	6.99E-03	1.00E+00	4.36E-01	4.21E+00	1.19E+00	5	1.21E-02	5.10E-02	172	5.28E-03	1.00E+00	3.94E-01	5.75E+00	6.96E-01	4	98	2.63E-02	4.08E-02	chr11_96352608_96353722,chr12_118847345_118851129,chr13_63563733_63564766,chr13_63566316_63566849,chr14_46387358_46388080	Bmp4,Hoxb2,Ptch1,Sp8
GO Biological Process	GO:0046056	dADP metabolic process	207	7.03E-03	1.00E+00	4.37E-01	1.42E+02	7.05E-03	1	7.20E-05	1.02E-02	294	1.42E-02	1.00E+00	6.19E-01	7.04E+01	1.42E-02	1	2	6.58E-03	5.00E-01	chr14_70580681_70580934	Nudt18
GO Biological Process	GO:0046066	dGDP metabolic process	207	7.03E-03	1.00E+00	4.37E-01	1.42E+02	7.05E-03	1	7.20E-05	1.02E-02	294	1.42E-02	1.00E+00	6.19E-01	7.04E+01	1.42E-02	1	2	6.58E-03	5.00E-01	chr14_70580681_70580934	Nudt18
GO Biological Process	GO:0046496	nicotinamide nucleotide metabolic process	209	7.12E-03	1.00E+00	4.38E-01	5.31E+00	7.53E-01	4	7.69E-03	4.08E-02	1277	1.51E-01	1.00E+00	1.00E+00	2.90E+00	6.89E-01	2	97	1.32E-02	2.06E-02	chr17_83920344_83920701,chr17_84184827_84185319,chr17_84185496_84186847,chr5_135790394_135790983	Haao,Mdh2
GO Biological Process	GO:1903313	positive regulation of mRNA metabolic process	210	7.27E-03	1.00E+00	4.45E-01	7.68E+00	3.91E-01	3	3.99E-03	3.06E-02	1813	3.25E-01	1.00E+00	1.00E+00	2.56E+00	3.91E-01	1	55	6.58E-03	1.82E-02	chr17_83920344_83920701,chr17_84184827_84185319,chr17_84185496_84186847	Zfp36l2
GO Biological Process	GO:0044270	cellular nitrogen compound catabolic process	211	7.29E-03	1.00E+00	4.44E-01	3.54E+00	1.70E+00	6	1.73E-02	6.12E-02	1114	1.18E-01	1.00E+00	1.00E+00	2.14E+00	1.87E+00	4	263	2.63E-02	1.52E-02	chr14_51771546_51772144,chr14_70580681_70580934,chr17_83920344_83920701,chr17_84184827_84185319,chr17_84185496_84186847,chr4_134019055_134020274	Ang4,Lin28a,Nudt18,Zfp36l2
GO Biological Process	GO:0035019	somatic stem cell population maintenance	212	7.30E-03	1.00E+00	4.43E-01	5.27E+00	7.59E-01	4	7.75E-03	4.08E-02	641	4.74E-02	1.00E+00	9.52E-01	5.75E+00	3.48E-01	2	49	1.32E-02	4.08E-02	chr16_30066210_30067176,chr17_83920344_83920701,chr17_84184827_84185319,chr17_84185496_84186847	Hes1,Zfp36l2
GO Biological Process	GO:0070371	ERK1 and ERK2 cascade	213	7.41E-03	1.00E+00	4.47E-01	7.63E+00	3.93E-01	3	4.01E-03	3.06E-02	1346	1.69E-01	1.00E+00	1.00E+00	5.41E+00	1.85E-01	1	26	6.58E-03	3.85E-02	chr17_83920344_83920701,chr17_84184827_84185319,chr17_84185496_84186847	Zfp36l2
GO Biological Process	GO:0032376	positive regulation of cholesterol transport	214	7.45E-03	1.00E+00	4.48E-01	1.56E+01	1.28E-01	2	1.31E-03	2.04E-02	1235	1.45E-01	1.00E+00	1.00E+00	6.40E+00	1.56E-01	1	22	6.58E-03	4.55E-02	chr13_63563733_63564766,chr13_63566316_63566849	Ptch1
GO Biological Process	GO:1902866	regulation of retina development in camera-type eye	215	7.56E-03	1.00E+00	4.52E-01	1.55E+01	1.29E-01	2	1.31E-03	2.04E-02	100	1.37E-03	1.00E+00	1.76E-01	3.52E+01	5.68E-02	2	8	1.32E-02	2.50E-01	chr2_71541880_71544776,chr2_71544955_71545796	Dlx1,Dlx2
GO Biological Process	GO:0010035	response to inorganic substance	216	7.57E-03	1.00E+00	4.51E-01	2.46E+00	4.06E+00	10	4.15E-02	1.02E-01	351	1.78E-02	1.00E+00	6.53E-01	2.43E+00	3.29E+00	8	463	5.26E-02	1.73E-02	chr11_100206147_100206767,chr13_40727364_40730800,chr13_63563733_63564766,chr13_63566316_63566849,chr17_83920344_83920701,chr17_84184827_84185319,chr17_84185496_84186847,chr2_75703196_75704248,chr6_60830285_60830625,chr8_124946584_124947555	Egln1,Fancc,Haao,Krt14,Nfe2l2,Ptch1,Snca,Tfap2a
GO Biological Process	GO:0002043	blood vessel endothelial cell proliferation involved in sprouting angiogenesis	217	7.59E-03	1.00E+00	4.50E-01	1.55E+01	1.29E-01	2	1.32E-03	2.04E-02	85	1.03E-03	1.00E+00	1.56E-01	4.02E+01	4.97E-02	2	7	1.32E-02	2.86E-01	chr14_46387358_46388080,chr4_141326801_141327760	Bmp4,Epha2
GO Biological Process	GO:0003408	optic cup formation involved in camera-type eye development	218	7.71E-03	1.00E+00	4.55E-01	1.29E+02	7.74E-03	1	7.90E-05	1.02E-02	192	7.10E-03	1.00E+00	4.76E-01	1.41E+02	7.10E-03	1	1	6.58E-03	1.00E+00	chr4_133755923_133757903	Arid1a
GO Biological Process	GO:0072524	pyridine-containing compound metabolic process	219	7.81E-03	1.00E+00	4.59E-01	5.17E+00	7.74E-01	4	7.90E-03	4.08E-02	1332	1.64E-01	1.00E+00	1.00E+00	2.76E+00	7.25E-01	2	102	1.32E-02	1.96E-02	chr17_83920344_83920701,chr17_84184827_84185319,chr17_84185496_84186847,chr5_135790394_135790983	Haao,Mdh2
GO Biological Process	GO:0035136	forelimb morphogenesis	220	7.82E-03	1.00E+00	4.57E-01	5.16E+00	7.74E-01	4	7.90E-03	4.08E-02	155	4.01E-03	1.00E+00	3.33E-01	9.38E+00	3.20E-01	3	45	1.97E-02	6.67E-02	chr13_40727364_40730800,chr13_53471407_53472168,chr13_53472662_53473247,chr6_118758397_118758711	Cacna1c,Msx2,Tfap2a
GO Biological Process	GO:0048762	mesenchymal cell differentiation	221	7.95E-03	1.00E+00	4.62E-01	3.08E+00	2.27E+00	7	2.32E-02	7.14E-02	60	3.96E-04	1.00E+00	8.49E-02	6.30E+00	9.52E-01	6	134	3.95E-02	4.48E-02	chr13_40727364_40730800,chr13_53471407_53472168,chr13_53472662_53473247,chr14_46387358_46388080,chr16_30066210_30067176,chr3_37642698_37643251,chr3_89280734_89281464	Bmp4,Efna1,Hes1,Msx2,Spry1,Tfap2a
GO Biological Process	GO:0044802	single-organism membrane organization	222	7.97E-03	1.00E+00	4.62E-01	2.21E+00	5.42E+00	12	5.53E-02	1.22E-01	363	1.91E-02	1.00E+00	6.77E-01	2.14E+00	4.67E+00	10	657	6.58E-02	1.52E-02	chr11_103697567_103698192,chr11_69399728_69400631,chr12_100522666_100523349,chr13_63563733_63564766,chr13_63566316_63566849,chr19_42280099_42280665,chr2_118544289_118545050,chr6_121069244_121070033,chr6_60830285_60830625,chr7_38184529_38185013,chr7_38197297_38198262,chr8_84660555_84662042	Bid,Cacna1a,Golga7b,Gosr2,Plekhf1,Ptch1,Snca,Srp14,Tmem88,Ttc7b
GO Biological Process	GO:0060449	bud elongation involved in lung branching	223	8.12E-03	1.00E+00	4.68E-01	1.50E+01	1.34E-01	2	1.37E-03	2.04E-02	85	1.03E-03	1.00E+00	1.56E-01	4.02E+01	4.97E-02	2	7	1.32E-02	2.86E-01	chr14_46387358_46388080,chr3_37642698_37643251	Bmp4,Spry1
GO Biological Process	GO:0051798	positive regulation of hair follicle development	224	8.12E-03	1.00E+00	4.66E-01	1.49E+01	1.34E-01	2	1.37E-03	2.04E-02	874	8.20E-02	1.00E+00	1.00E+00	1.17E+01	8.53E-02	1	12	6.58E-03	8.33E-02	chr13_53471407_53472168,chr13_53472662_53473247	Msx2
GO Biological Process	GO:0009887	animal organ morphogenesis	225	8.13E-03	1.00E+00	4.65E-01	1.73E+00	1.21E+01	21	1.24E-01	2.14E-01	5	1.26E-06	1.62E-02	3.24E-03	3.22E+00	6.83E+00	22	962	1.45E-01	2.29E-02	chr10_68276719_68277215,chr11_96352608_96353722,chr13_40727364_40730800,chr13_53471407_53472168,chr13_53472662_53473247,chr13_63563733_63564766,chr13_63566316_63566849,chr14_46387358_46388080,chr15_102982607_102983365,chr16_30066210_30067176,chr2_174428666_174429601,chr2_71541880_71544776,chr2_71544955_71545796,chr3_37642698_37643251,chr3_89280734_89281464,chr4_133755923_133757903,chr4_141326801_141327760,chr5_138992412_138994516,chr7_100372146_100372354,chr7_19355987_19356721,chr8_124946584_124947555	Arid1a,Arid5b,Bmp4,C2cd3,Ctsz,Dlx1,Dlx2,Efna1,Egln1,Epha2,Fancc,Hes1,Hoxb1,Hoxb2,Hoxc8,Hoxc9,Msx2,Pdgfa,Ppp1r13l,Ptch1,Spry1,Tfap2a
GO Biological Process	GO:0042635	positive regulation of hair cycle	226	8.44E-03	1.00E+00	4.80E-01	1.47E+01	1.36E-01	2	1.39E-03	2.04E-02	929	8.85E-02	1.00E+00	1.00E+00	1.08E+01	9.24E-02	1	13	6.58E-03	7.69E-02	chr13_53471407_53472168,chr13_53472662_53473247	Msx2
GO Biological Process	GO:0061138	morphogenesis of a branching epithelium	227	8.50E-03	1.00E+00	4.81E-01	2.77E+00	2.88E+00	8	2.94E-02	8.16E-02	136	2.74E-03	1.00E+00	2.59E-01	4.33E+00	1.39E+00	6	195	3.95E-02	3.08E-02	chr13_53471407_53472168,chr13_53472662_53473247,chr13_63563733_63564766,chr13_63566316_63566849,chr14_46387358_46388080,chr2_174428666_174429601,chr3_37642698_37643251,chr4_141326801_141327760	Bmp4,Ctsz,Epha2,Msx2,Ptch1,Spry1
GO Biological Process	GO:0034453	microtubule anchoring	228	8.60E-03	1.00E+00	4.85E-01	1.45E+01	1.38E-01	2	1.41E-03	2.04E-02	1263	1.51E-01	1.00E+00	1.00E+00	6.12E+00	1.63E-01	1	23	6.58E-03	4.35E-02	chr8_26117824_26118019,chr8_26118257_26118822	Hook3
GO Biological Process	GO:0002072	optic cup morphogenesis involved in camera-type eye development	229	8.67E-03	1.00E+00	4.87E-01	1.44E+01	1.38E-01	2	1.41E-03	2.04E-02	85	1.03E-03	1.00E+00	1.56E-01	4.02E+01	4.97E-02	2	7	1.32E-02	2.86E-01	chr13_40727364_40730800,chr4_133755923_133757903	Arid1a,Tfap2a
GO Biological Process	GO:0060235	lens induction in camera-type eye	230	8.67E-03	1.00E+00	4.85E-01	1.44E+01	1.38E-01	2	1.41E-03	2.04E-02	85	1.03E-03	1.00E+00	1.56E-01	4.02E+01	4.97E-02	2	7	1.32E-02	2.86E-01	chr13_40727364_40730800,chr14_46387358_46388080	Bmp4,Tfap2a
GO Biological Process	GO:0006865	amino acid transport	231	8.71E-03	1.00E+00	4.85E-01	5.00E+00	7.99E-01	4	8.16E-03	4.08E-02	184	6.07E-03	1.00E+00	4.24E-01	5.52E+00	7.25E-01	4	102	2.63E-02	3.92E-02	chr11_120186364_120189507,chr3_50442906_50443889,chr4_139309793_139310553,chr8_84660555_84662042	Cacna1a,Pqlc2,Slc38a10,Slc7a11
GO Biological Process	GO:0048755	branching morphogenesis of a nerve	232	8.79E-03	1.00E+00	4.87E-01	1.43E+01	1.39E-01	2	1.42E-03	2.04E-02	540	3.50E-02	1.00E+00	8.34E-01	2.82E+01	3.55E-02	1	5	6.58E-03	2.00E-01	chr2_71541880_71544776,chr2_71544955_71545796	Dlx2
GO Biological Process	GO:0031529	ruffle organization	233	8.80E-03	1.00E+00	4.86E-01	1.43E+01	1.40E-01	2	1.42E-03	2.04E-02	1235	1.45E-01	1.00E+00	1.00E+00	6.40E+00	1.56E-01	1	22	6.58E-03	4.55E-02	chr12_16589553_16589895,chr12_16590033_16592004	Lpin1
GO Biological Process	GO:0021892	cerebral cortex GABAergic interneuron differentiation	234	8.81E-03	1.00E+00	4.84E-01	1.43E+01	1.40E-01	2	1.42E-03	2.04E-02	142	3.16E-03	1.00E+00	2.86E-01	2.35E+01	8.53E-02	2	12	1.32E-02	1.67E-01	chr2_71541880_71544776,chr2_71544955_71545796	Dlx1,Dlx2
GO Biological Process	GO:0022904	respiratory electron transport chain	235	8.82E-03	1.00E+00	4.82E-01	7.15E+00	4.20E-01	3	4.28E-03	3.06E-02	358	1.81E-02	1.00E+00	6.52E-01	5.41E+00	5.54E-01	3	78	1.97E-02	3.85E-02	chr6_121069244_121070033,chr6_60830285_60830625,chr7_140901650_140902605	Bid,Cox8b,Snca
GO Biological Process	GO:0019439	aromatic compound catabolic process	236	9.10E-03	1.00E+00	4.96E-01	3.37E+00	1.78E+00	6	1.81E-02	6.12E-02	1202	1.34E-01	1.00E+00	1.00E+00	2.04E+00	1.96E+00	4	276	2.63E-02	1.45E-02	chr14_51771546_51772144,chr14_70580681_70580934,chr17_83920344_83920701,chr17_84184827_84185319,chr17_84185496_84186847,chr4_134019055_134020274	Ang4,Lin28a,Nudt18,Zfp36l2
GO Biological Process	GO:2001199	negative regulation of dendritic cell differentiation	237	9.11E-03	1.00E+00	4.94E-01	1.09E+02	9.16E-03	1	9.34E-05	1.02E-02	50	2.98E-04	1.00E+00	7.66E-02	7.04E+01	2.84E-02	2	4	1.32E-02	5.00E-01	chr6_48840815_48841662	Tmem176a,Tmem176b
GO Biological Process	GO:0019432	triglyceride biosynthetic process	238	9.13E-03	1.00E+00	4.93E-01	1.41E+01	1.42E-01	2	1.45E-03	2.04E-02	972	9.50E-02	1.00E+00	1.00E+00	1.01E+01	9.95E-02	1	14	6.58E-03	7.14E-02	chr12_16589553_16589895,chr12_16590033_16592004	Lpin1
GO Biological Process	GO:0021754	facial nucleus development	239	9.33E-03	1.00E+00	5.02E-01	1.07E+02	9.37E-03	1	9.57E-05	1.02E-02	294	1.42E-02	1.00E+00	6.19E-01	7.04E+01	1.42E-02	1	2	6.58E-03	5.00E-01	chr11_96352608_96353722	Hoxb1
GO Biological Process	GO:0043433	negative regulation of sequence-specific DNA binding transcription factor activity	240	9.39E-03	1.00E+00	5.03E-01	3.92E+00	1.28E+00	5	1.30E-02	5.10E-02	868	7.68E-02	1.00E+00	1.00E+00	3.04E+00	9.88E-01	3	139	1.97E-02	2.16E-02	chr13_53471407_53472168,chr13_53472662_53473247,chr13_63563733_63564766,chr13_63566316_63566849,chr8_124946584_124947555	Egln1,Msx2,Ptch1
GO Biological Process	GO:0070848	response to growth factor	241	9.39E-03	1.00E+00	5.01E-01	2.16E+00	5.54E+00	12	5.66E-02	1.22E-01	281	1.30E-02	1.00E+00	5.96E-01	2.58E+00	3.10E+00	8	437	5.26E-02	1.83E-02	chr13_53471407_53472168,chr13_53472662_53473247,chr14_46387358_46388080,chr17_83920344_83920701,chr17_84184827_84185319,chr17_84185496_84186847,chr2_71541880_71544776,chr2_71544955_71545796,chr4_141326801_141327760,chr6_60830285_60830625,chr7_116032327_116033153,chr8_84660555_84662042	Bmp4,Dlx1,Epha2,Ier2,Msx2,Snca,Sox6,Zfp36l2
GO Biological Process	GO:0048320	axial mesoderm formation	242	9.43E-03	1.00E+00	5.01E-01	1.06E+02	9.47E-03	1	9.67E-05	1.02E-02	375	2.12E-02	1.00E+00	7.26E-01	4.69E+01	2.13E-02	1	3	6.58E-03	3.33E-01	chr4_141326801_141327760	Epha2
GO Biological Process	GO:0001837	epithelial to mesenchymal transition	243	9.50E-03	1.00E+00	5.03E-01	4.88E+00	8.20E-01	4	8.37E-03	4.08E-02	259	1.02E-02	1.00E+00	5.08E-01	6.70E+00	4.48E-01	3	63	1.97E-02	4.76E-02	chr13_53471407_53472168,chr13_53472662_53473247,chr3_37642698_37643251,chr3_89280734_89281464	Efna1,Msx2,Spry1
GO Biological Process	GO:0006733	oxidoreduction coenzyme metabolic process	244	9.59E-03	1.00E+00	5.05E-01	4.86E+00	8.22E-01	4	8.39E-03	4.08E-02	1445	1.92E-01	1.00E+00	1.00E+00	2.49E+00	8.03E-01	2	113	1.32E-02	1.77E-02	chr17_83920344_83920701,chr17_84184827_84185319,chr17_84185496_84186847,chr5_135790394_135790983	Haao,Mdh2
GO Biological Process	GO:0055086	nucleobase-containing small molecule metabolic process	245	9.61E-03	1.00E+00	5.05E-01	2.52E+00	3.57E+00	9	3.64E-02	9.18E-02	721	5.68E-02	1.00E+00	1.00E+00	2.04E+00	3.42E+00	7	482	4.61E-02	1.45E-02	chr14_70580681_70580934,chr17_83920344_83920701,chr17_84184827_84185319,chr17_84185496_84186847,chr4_141326801_141327760,chr5_135790394_135790983,chr6_121069244_121070033,chr6_60830285_60830625,chr7_140901650_140902605	Bid,Cox8b,Epha2,Haao,Mdh2,Nudt18,Snca
GO Biological Process	GO:0010874	regulation of cholesterol efflux	246	9.62E-03	1.00E+00	5.03E-01	1.37E+01	1.46E-01	2	1.49E-03	2.04E-02	1179	1.33E-01	1.00E+00	1.00E+00	7.04E+00	1.42E-01	1	20	6.58E-03	5.00E-02	chr13_63563733_63564766,chr13_63566316_63566849	Ptch1
GO Biological Process	GO:0045617	negative regulation of keratinocyte differentiation	247	9.68E-03	1.00E+00	5.04E-01	1.36E+01	1.47E-01	2	1.50E-03	2.04E-02	742	6.22E-02	1.00E+00	1.00E+00	1.56E+01	6.39E-02	1	9	6.58E-03	1.11E-01	chr13_53471407_53472168,chr13_53472662_53473247	Msx2
GO Biological Process	GO:0061511	centriole elongation	248	9.71E-03	1.00E+00	5.03E-01	1.03E+02	9.75E-03	1	9.95E-05	1.02E-02	294	1.42E-02	1.00E+00	6.19E-01	7.04E+01	1.42E-02	1	2	6.58E-03	5.00E-01	chr7_100372146_100372354	C2cd3
GO Biological Process	GO:1901069	guanosine-containing compound catabolic process	249	1.01E-02	1.00E+00	5.19E-01	9.89E+01	1.01E-02	1	1.03E-04	1.02E-02	460	2.81E-02	1.00E+00	7.86E-01	3.52E+01	2.84E-02	1	4	6.58E-03	2.50E-01	chr14_70580681_70580934	Nudt18
GO Biological Process	GO:0019725	cellular homeostasis	250	1.03E-02	1.00E+00	5.31E-01	2.06E+00	6.32E+00	13	6.45E-02	1.33E-01	782	6.70E-02	1.00E+00	1.00E+00	1.78E+00	5.04E+00	9	710	5.92E-02	1.27E-02	chr11_69919322_69920053,chr17_83920344_83920701,chr17_84184827_84185319,chr17_84185496_84186847,chr2_75703196_75704248,chr4_134019055_134020274,chr5_134313576_134314029,chr6_118758397_118758711,chr7_38183050_38184271,chr7_38184529_38185013,chr7_38197297_38198262,chr8_124946584_124947555,chr8_84660555_84662042	1600014C10Rik,Cacna1a,Cacna1c,Egln1,Eif5a,Gtf2i,Haao,Lin28a,Nfe2l2
GO Biological Process	GO:0021570	rhombomere 4 development	251	1.04E-02	1.00E+00	5.31E-01	9.60E+01	1.04E-02	1	1.06E-04	1.02E-02	39	1.50E-04	1.00E+00	4.94E-02	9.38E+01	2.13E-02	2	3	1.32E-02	6.67E-01	chr11_96352608_96353722	Hoxb1,Hoxb2
GO Biological Process	GO:0060485	mesenchyme development	252	1.04E-02	1.00E+00	5.31E-01	2.68E+00	2.99E+00	8	3.05E-02	8.16E-02	65	4.84E-04	1.00E+00	9.57E-02	5.08E+00	1.38E+00	7	194	4.61E-02	3.61E-02	chr11_101964638_101965429,chr13_40727364_40730800,chr13_53471407_53472168,chr13_53472662_53473247,chr14_46387358_46388080,chr16_30066210_30067176,chr3_37642698_37643251,chr3_89280734_89281464	Bmp4,Efna1,Hes1,Meox1,Msx2,Spry1,Tfap2a
GO Biological Process	GO:0070166	enamel mineralization	253	1.04E-02	1.00E+00	5.29E-01	1.31E+01	1.52E-01	2	1.56E-03	2.04E-02	791	6.88E-02	1.00E+00	1.00E+00	1.41E+01	7.10E-02	1	10	6.58E-03	1.00E-01	chr13_53471407_53472168,chr13_53472662_53473247	Msx2
GO Biological Process	GO:0030856	regulation of epithelial cell differentiation	254	1.04E-02	1.00E+00	5.27E-01	3.28E+00	1.83E+00	6	1.87E-02	6.12E-02	338	1.62E-02	1.00E+00	6.17E-01	4.14E+00	9.66E-01	4	136	2.63E-02	2.94E-02	chr13_53471407_53472168,chr13_53472662_53473247,chr13_63563733_63564766,chr13_63566316_63566849,chr14_46387358_46388080,chr16_30066210_30067176	Bmp4,Hes1,Msx2,Ptch1
GO Biological Process	GO:0048646	anatomical structure formation involved in morphogenesis	255	1.04E-02	1.00E+00	5.26E-01	1.79E+00	1.01E+01	18	1.03E-01	1.84E-01	69	5.67E-04	1.00E+00	1.06E-01	2.55E+00	6.28E+00	16	884	1.05E-01	1.81E-02	chr10_80055087_80056206,chr11_101964638_101965429,chr11_96352608_96353722,chr13_40727364_40730800,chr13_53471407_53472168,chr13_53472662_53473247,chr13_63563733_63564766,chr13_63566316_63566849,chr14_46387358_46388080,chr14_51771546_51772144,chr15_89174182_89175604,chr3_89280734_89281464,chr4_133755923_133757903,chr4_141326801_141327760,chr5_138992412_138994516,chr7_126781249_126781424,chr8_124946584_124947555,chr8_84660555_84662042	Ang4,Arid1a,Bmp4,Cacna1a,Efna1,Egln1,Epha2,Hoxb1,Meox1,Msx2,Pdgfa,Plxnb2,Ptch1,Sbno2,Tbx6,Tfap2a
GO Biological Process	GO:0046463	acylglycerol biosynthetic process	256	1.04E-02	1.00E+00	5.24E-01	1.31E+01	1.53E-01	2	1.56E-03	2.04E-02	1047	1.08E-01	1.00E+00	1.00E+00	8.80E+00	1.14E-01	1	16	6.58E-03	6.25E-02	chr12_16589553_16589895,chr12_16590033_16592004	Lpin1
GO Biological Process	GO:1903788	positive regulation of glutathione biosynthetic process	257	1.06E-02	1.00E+00	5.30E-01	9.39E+01	1.06E-02	1	1.09E-04	1.02E-02	294	1.42E-02	1.00E+00	6.19E-01	7.04E+01	1.42E-02	1	2	6.58E-03	5.00E-01	chr2_75703196_75704248	Nfe2l2
GO Biological Process	GO:0017148	negative regulation of translation	258	1.07E-02	1.00E+00	5.33E-01	4.71E+00	8.49E-01	4	8.67E-03	4.08E-02	1611	2.39E-01	1.00E+00	1.00E+00	2.15E+00	9.31E-01	2	131	1.32E-02	1.53E-02	chr17_83920344_83920701,chr17_84184827_84185319,chr17_84185496_84186847,chr4_134019055_134020274	Lin28a,Zfp36l2
GO Biological Process	GO:0046223	aflatoxin catabolic process	259	1.07E-02	1.00E+00	5.34E-01	9.26E+01	1.08E-02	1	1.10E-04	1.02E-02	294	1.42E-02	1.00E+00	6.19E-01	7.04E+01	1.42E-02	1	2	6.58E-03	5.00E-01	chr2_75703196_75704248	Nfe2l2
GO Biological Process	GO:0030879	mammary gland development	260	1.08E-02	1.00E+00	5.32E-01	3.25E+00	1.84E+00	6	1.88E-02	6.12E-02	352	1.78E-02	1.00E+00	6.51E-01	4.02E+00	9.95E-01	4	140	2.63E-02	2.86E-02	chr13_53471407_53472168,chr13_53472662_53473247,chr13_63563733_63564766,chr13_63566316_63566849,chr14_46387358_46388080,chr4_141326801_141327760	Bmp4,Epha2,Msx2,Ptch1
GO Biological Process	GO:0051645	Golgi localization	261	1.11E-02	1.00E+00	5.48E-01	1.27E+01	1.58E-01	2	1.61E-03	2.04E-02	972	9.50E-02	1.00E+00	1.00E+00	1.01E+01	9.95E-02	1	14	6.58E-03	7.14E-02	chr8_26117824_26118019,chr8_26118257_26118822	Hook3
GO Biological Process	GO:0006449	regulation of translational termination	262	1.12E-02	1.00E+00	5.48E-01	8.90E+01	1.12E-02	1	1.15E-04	1.02E-02	540	3.50E-02	1.00E+00	8.34E-01	2.82E+01	3.55E-02	1	5	6.58E-03	2.00E-01	chr11_69919322_69920053	Eif5a
GO Biological Process	GO:0003272	endocardial cushion formation	263	1.13E-02	1.00E+00	5.51E-01	1.26E+01	1.59E-01	2	1.62E-03	2.04E-02	1085	1.14E-01	1.00E+00	1.00E+00	8.28E+00	1.21E-01	1	17	6.58E-03	5.88E-02	chr13_53471407_53472168,chr13_53472662_53473247	Msx2
GO Biological Process	GO:0061005	cell differentiation involved in kidney development	264	1.13E-02	1.00E+00	5.50E-01	4.63E+00	8.63E-01	4	8.81E-03	4.08E-02	163	4.53E-03	1.00E+00	3.58E-01	8.98E+00	3.34E-01	3	47	1.97E-02	6.38E-02	chr13_63563733_63564766,chr13_63566316_63566849,chr14_46387358_46388080,chr16_30066210_30067176	Bmp4,Hes1,Ptch1
GO Biological Process	GO:0071679	commissural neuron axon guidance	265	1.13E-02	1.00E+00	5.48E-01	1.26E+01	1.59E-01	2	1.62E-03	2.04E-02	742	6.22E-02	1.00E+00	1.00E+00	1.56E+01	6.39E-02	1	9	6.58E-03	1.11E-01	chr13_63563733_63564766,chr13_63566316_63566849	Ptch1
GO Biological Process	GO:0060683	regulation of branching involved in salivary gland morphogenesis by epithelial-mesenchymal signaling	266	1.13E-02	1.00E+00	5.47E-01	8.78E+01	1.14E-02	1	1.16E-04	1.02E-02	192	7.10E-03	1.00E+00	4.76E-01	1.41E+02	7.10E-03	1	1	6.58E-03	1.00E+00	chr5_138992412_138994516	Pdgfa
GO Biological Process	GO:1990401	embryonic lung development	266	1.13E-02	1.00E+00	5.47E-01	8.78E+01	1.14E-02	1	1.16E-04	1.02E-02	192	7.10E-03	1.00E+00	4.76E-01	1.41E+02	7.10E-03	1	1	6.58E-03	1.00E+00	chr5_138992412_138994516	Pdgfa
GO Biological Process	GO:0044344	cellular response to fibroblast growth factor stimulus	268	1.15E-02	1.00E+00	5.52E-01	4.61E+00	8.68E-01	4	8.86E-03	4.08E-02	910	8.43E-02	1.00E+00	1.00E+00	4.14E+00	4.83E-01	2	68	1.32E-02	2.94E-02	chr17_83920344_83920701,chr17_84184827_84185319,chr17_84185496_84186847,chr6_60830285_60830625	Snca,Zfp36l2
GO Biological Process	GO:0048819	regulation of hair follicle maturation	269	1.15E-02	1.00E+00	5.51E-01	1.24E+01	1.61E-01	2	1.64E-03	2.04E-02	742	6.22E-02	1.00E+00	1.00E+00	1.56E+01	6.39E-02	1	9	6.58E-03	1.11E-01	chr13_53471407_53472168,chr13_53472662_53473247	Msx2
GO Biological Process	GO:0070315	G1 to G0 transition involved in cell differentiation	270	1.16E-02	1.00E+00	5.51E-01	8.59E+01	1.16E-02	1	1.19E-04	1.02E-02	294	1.42E-02	1.00E+00	6.19E-01	7.04E+01	1.42E-02	1	2	6.58E-03	5.00E-01	chr14_21991209_21991649	Zfp503
GO Biological Process	GO:0046511	sphinganine biosynthetic process	271	1.16E-02	1.00E+00	5.50E-01	8.57E+01	1.17E-02	1	1.19E-04	1.02E-02	294	1.42E-02	1.00E+00	6.19E-01	7.04E+01	1.42E-02	1	2	6.58E-03	5.00E-01	chr13_53471407_53472168	Sptlc1
GO Biological Process	GO:0036499	PERK-mediated unfolded protein response	272	1.16E-02	1.00E+00	5.49E-01	8.55E+01	1.17E-02	1	1.19E-04	1.02E-02	375	2.12E-02	1.00E+00	7.26E-01	4.69E+01	2.13E-02	1	3	6.58E-03	3.33E-01	chr2_75703196_75704248	Nfe2l2
GO Biological Process	GO:0014886	transition between slow and fast fiber	273	1.17E-02	1.00E+00	5.49E-01	8.53E+01	1.17E-02	1	1.20E-04	1.02E-02	294	1.42E-02	1.00E+00	6.19E-01	7.04E+01	1.42E-02	1	2	6.58E-03	5.00E-01	chr5_134313576_134314029	Gtf2i
GO Biological Process	GO:0034612	response to tumor necrosis factor	274	1.17E-02	1.00E+00	5.51E-01	3.70E+00	1.35E+00	5	1.38E-02	5.10E-02	1140	1.24E-01	1.00E+00	1.00E+00	2.46E+00	1.22E+00	3	172	1.97E-02	1.74E-02	chr17_83920344_83920701,chr17_84184827_84185319,chr17_84185496_84186847,chr2_75703196_75704248,chr4_41921366_41921821	Gm21541,Nfe2l2,Zfp36l2
GO Biological Process	GO:0001838	embryonic epithelial tube formation	275	1.19E-02	1.00E+00	5.59E-01	3.18E+00	1.89E+00	6	1.93E-02	6.12E-02	156	4.15E-03	1.00E+00	3.42E-01	4.76E+00	1.05E+00	5	148	3.29E-02	3.38E-02	chr13_40727364_40730800,chr13_63563733_63564766,chr13_63566316_63566849,chr14_46387358_46388080,chr15_89174182_89175604,chr4_133755923_133757903	Arid1a,Bmp4,Plxnb2,Ptch1,Tfap2a
GO Biological Process	GO:0032462	regulation of protein homooligomerization	276	1.20E-02	1.00E+00	5.59E-01	1.22E+01	1.64E-01	2	1.68E-03	2.04E-02	261	1.06E-02	1.00E+00	5.20E-01	1.28E+01	1.56E-01	2	22	1.32E-02	9.09E-02	chr2_118544289_118545050,chr6_121069244_121070033	Bid,Bmf
GO Biological Process	GO:0046222	aflatoxin metabolic process	277	1.21E-02	1.00E+00	5.62E-01	8.21E+01	1.22E-02	1	1.24E-04	1.02E-02	375	2.12E-02	1.00E+00	7.26E-01	4.69E+01	2.13E-02	1	3	6.58E-03	3.33E-01	chr2_75703196_75704248	Nfe2l2
GO Biological Process	GO:0048570	notochord morphogenesis	278	1.23E-02	1.00E+00	5.67E-01	1.20E+01	1.66E-01	2	1.69E-03	2.04E-02	131	2.64E-03	1.00E+00	2.60E-01	2.56E+01	7.81E-02	2	11	1.32E-02	1.82E-01	chr3_89280734_89281464,chr4_141326801_141327760	Efna1,Epha2
GO Biological Process	GO:0072175	epithelial tube formation	279	1.26E-02	1.00E+00	5.83E-01	3.14E+00	1.91E+00	6	1.95E-02	6.12E-02	157	4.27E-03	1.00E+00	3.50E-01	4.72E+00	1.06E+00	5	149	3.29E-02	3.36E-02	chr13_40727364_40730800,chr13_63563733_63564766,chr13_63566316_63566849,chr14_46387358_46388080,chr15_89174182_89175604,chr4_133755923_133757903	Arid1a,Bmp4,Plxnb2,Ptch1,Tfap2a
GO Biological Process	GO:2000637	positive regulation of gene silencing by miRNA	280	1.29E-02	1.00E+00	5.91E-01	1.17E+01	1.70E-01	2	1.74E-03	2.04E-02	248	9.64E-03	1.00E+00	5.00E-01	1.34E+01	1.49E-01	2	21	1.32E-02	9.52E-02	chr14_46387358_46388080,chr4_134019055_134020274	Bmp4,Lin28a
GO Biological Process	GO:0048706	embryonic skeletal system development	281	1.30E-02	1.00E+00	5.94E-01	3.12E+00	1.92E+00	6	1.96E-02	6.12E-02	23	4.68E-05	6.02E-01	2.62E-02	7.41E+00	9.45E-01	7	133	4.61E-02	5.26E-02	chr11_96352608_96353722,chr13_40727364_40730800,chr14_46387358_46388080,chr15_102982607_102983365,chr2_71541880_71544776,chr2_71544955_71545796	Bmp4,Dlx1,Dlx2,Hoxb1,Hoxb2,Hoxc9,Tfap2a
GO Biological Process	GO:0060411	cardiac septum morphogenesis	282	1.31E-02	1.00E+00	5.96E-01	3.60E+00	1.39E+00	5	1.42E-02	5.10E-02	107	1.64E-03	1.00E+00	1.98E-01	7.93E+00	5.04E-01	4	71	2.63E-02	5.63E-02	chr13_53471407_53472168,chr13_53472662_53473247,chr14_46387358_46388080,chr16_30066210_30067176,chr8_124946584_124947555	Bmp4,Egln1,Hes1,Msx2
GO Biological Process	GO:0021877	forebrain neuron fate commitment	283	1.31E-02	1.00E+00	5.95E-01	1.16E+01	1.72E-01	2	1.75E-03	2.04E-02	159	4.31E-03	1.00E+00	3.49E-01	2.01E+01	9.95E-02	2	14	1.32E-02	1.43E-01	chr2_71541880_71544776,chr2_71544955_71545796	Dlx1,Dlx2
GO Biological Process	GO:0060148	positive regulation of posttranscriptional gene silencing	284	1.31E-02	1.00E+00	5.93E-01	1.16E+01	1.72E-01	2	1.76E-03	2.04E-02	261	1.06E-02	1.00E+00	5.20E-01	1.28E+01	1.56E-01	2	22	1.32E-02	9.09E-02	chr14_46387358_46388080,chr4_134019055_134020274	Bmp4,Lin28a
GO Biological Process	GO:0017145	stem cell division	285	1.31E-02	1.00E+00	5.93E-01	6.16E+00	4.87E-01	3	4.97E-03	3.06E-02	1630	2.48E-01	1.00E+00	1.00E+00	3.52E+00	2.84E-01	1	40	6.58E-03	2.50E-02	chr17_83920344_83920701,chr17_84184827_84185319,chr17_84185496_84186847	Zfp36l2
GO Biological Process	GO:1903798	regulation of production of miRNAs involved in gene silencing by miRNA	286	1.34E-02	1.00E+00	6.01E-01	1.15E+01	1.74E-01	2	1.77E-03	2.04E-02	169	4.95E-03	1.00E+00	3.77E-01	1.88E+01	1.07E-01	2	15	1.32E-02	1.33E-01	chr14_46387358_46388080,chr4_134019055_134020274	Bmp4,Lin28a
GO Biological Process	GO:0071105	response to interleukin-11	287	1.34E-02	1.00E+00	6.02E-01	7.39E+01	1.35E-02	1	1.38E-04	1.02E-02	294	1.42E-02	1.00E+00	6.19E-01	7.04E+01	1.42E-02	1	2	6.58E-03	5.00E-01	chr10_80055087_80056206	Sbno2
GO Biological Process	GO:0036315	cellular response to sterol	288	1.36E-02	1.00E+00	6.08E-01	1.14E+01	1.76E-01	2	1.79E-03	2.04E-02	929	8.85E-02	1.00E+00	1.00E+00	1.08E+01	9.24E-02	1	13	6.58E-03	7.69E-02	chr13_63563733_63564766,chr13_63566316_63566849	Ptch1
GO Biological Process	GO:0032461	positive regulation of protein oligomerization	289	1.37E-02	1.00E+00	6.08E-01	1.14E+01	1.76E-01	2	1.79E-03	2.04E-02	261	1.06E-02	1.00E+00	5.20E-01	1.28E+01	1.56E-01	2	22	1.32E-02	9.09E-02	chr2_118544289_118545050,chr6_121069244_121070033	Bid,Bmf
GO Biological Process	GO:0070920	regulation of production of small RNA involved in gene silencing by RNA	290	1.38E-02	1.00E+00	6.10E-01	1.13E+01	1.77E-01	2	1.80E-03	2.04E-02	177	5.64E-03	1.00E+00	4.09E-01	1.76E+01	1.14E-01	2	16	1.32E-02	1.25E-01	chr14_46387358_46388080,chr4_134019055_134020274	Bmp4,Lin28a
GO Biological Process	GO:0072097	negative regulation of branch elongation involved in ureteric bud branching by BMP signaling pathway	291	1.38E-02	1.00E+00	6.09E-01	7.20E+01	1.39E-02	1	1.42E-04	1.02E-02	192	7.10E-03	1.00E+00	4.76E-01	1.41E+02	7.10E-03	1	1	6.58E-03	1.00E+00	chr14_46387358_46388080	Bmp4
GO Biological Process	GO:0072200	negative regulation of mesenchymal cell proliferation involved in ureter development	291	1.38E-02	1.00E+00	6.09E-01	7.20E+01	1.39E-02	1	1.42E-04	1.02E-02	192	7.10E-03	1.00E+00	4.76E-01	1.41E+02	7.10E-03	1	1	6.58E-03	1.00E+00	chr14_46387358_46388080	Bmp4
GO Biological Process	GO:0061151	BMP signaling pathway involved in renal system segmentation	291	1.38E-02	1.00E+00	6.09E-01	7.20E+01	1.39E-02	1	1.42E-04	1.02E-02	192	7.10E-03	1.00E+00	4.76E-01	1.41E+02	7.10E-03	1	1	6.58E-03	1.00E+00	chr14_46387358_46388080	Bmp4
GO Biological Process	GO:0055020	positive regulation of cardiac muscle fiber development	291	1.38E-02	1.00E+00	6.09E-01	7.20E+01	1.39E-02	1	1.42E-04	1.02E-02	192	7.10E-03	1.00E+00	4.76E-01	1.41E+02	7.10E-03	1	1	6.58E-03	1.00E+00	chr14_46387358_46388080	Bmp4
GO Biological Process	GO:2000007	negative regulation of metanephric comma-shaped body morphogenesis	291	1.38E-02	1.00E+00	6.09E-01	7.20E+01	1.39E-02	1	1.42E-04	1.02E-02	192	7.10E-03	1.00E+00	4.76E-01	1.41E+02	7.10E-03	1	1	6.58E-03	1.00E+00	chr14_46387358_46388080	Bmp4
GO Biological Process	GO:0071893	BMP signaling pathway involved in nephric duct formation	291	1.38E-02	1.00E+00	6.09E-01	7.20E+01	1.39E-02	1	1.42E-04	1.02E-02	192	7.10E-03	1.00E+00	4.76E-01	1.41E+02	7.10E-03	1	1	6.58E-03	1.00E+00	chr14_46387358_46388080	Bmp4
GO Biological Process	GO:0060503	bud dilation involved in lung branching	291	1.38E-02	1.00E+00	6.09E-01	7.20E+01	1.39E-02	1	1.42E-04	1.02E-02	192	7.10E-03	1.00E+00	4.76E-01	1.41E+02	7.10E-03	1	1	6.58E-03	1.00E+00	chr14_46387358_46388080	Bmp4
GO Biological Process	GO:0072192	ureter epithelial cell differentiation	291	1.38E-02	1.00E+00	6.09E-01	7.20E+01	1.39E-02	1	1.42E-04	1.02E-02	192	7.10E-03	1.00E+00	4.76E-01	1.41E+02	7.10E-03	1	1	6.58E-03	1.00E+00	chr14_46387358_46388080	Bmp4
GO Biological Process	GO:0007500	mesodermal cell fate determination	291	1.38E-02	1.00E+00	6.09E-01	7.20E+01	1.39E-02	1	1.42E-04	1.02E-02	192	7.10E-03	1.00E+00	4.76E-01	1.41E+02	7.10E-03	1	1	6.58E-03	1.00E+00	chr14_46387358_46388080	Bmp4
GO Biological Process	GO:0072101	specification of ureteric bud anterior/posterior symmetry by BMP signaling pathway	291	1.38E-02	1.00E+00	6.09E-01	7.20E+01	1.39E-02	1	1.42E-04	1.02E-02	192	7.10E-03	1.00E+00	4.76E-01	1.41E+02	7.10E-03	1	1	6.58E-03	1.00E+00	chr14_46387358_46388080	Bmp4
GO Biological Process	GO:2000005	negative regulation of metanephric S-shaped body morphogenesis	291	1.38E-02	1.00E+00	6.09E-01	7.20E+01	1.39E-02	1	1.42E-04	1.02E-02	192	7.10E-03	1.00E+00	4.76E-01	1.41E+02	7.10E-03	1	1	6.58E-03	1.00E+00	chr14_46387358_46388080	Bmp4
GO Biological Process	GO:1901964	positive regulation of cell proliferation involved in outflow tract morphogenesis	291	1.38E-02	1.00E+00	6.09E-01	7.20E+01	1.39E-02	1	1.42E-04	1.02E-02	192	7.10E-03	1.00E+00	4.76E-01	1.41E+02	7.10E-03	1	1	6.58E-03	1.00E+00	chr14_46387358_46388080	Bmp4
GO Biological Process	GO:0061155	pulmonary artery endothelial tube morphogenesis	291	1.38E-02	1.00E+00	6.09E-01	7.20E+01	1.39E-02	1	1.42E-04	1.02E-02	192	7.10E-03	1.00E+00	4.76E-01	1.41E+02	7.10E-03	1	1	6.58E-03	1.00E+00	chr14_46387358_46388080	Bmp4
GO Biological Process	GO:0072198	mesenchymal cell proliferation involved in ureter development	291	1.38E-02	1.00E+00	6.09E-01	7.20E+01	1.39E-02	1	1.42E-04	1.02E-02	192	7.10E-03	1.00E+00	4.76E-01	1.41E+02	7.10E-03	1	1	6.58E-03	1.00E+00	chr14_46387358_46388080	Bmp4
GO Biological Process	GO:0061149	BMP signaling pathway involved in ureter morphogenesis	291	1.38E-02	1.00E+00	6.09E-01	7.20E+01	1.39E-02	1	1.42E-04	1.02E-02	192	7.10E-03	1.00E+00	4.76E-01	1.41E+02	7.10E-03	1	1	6.58E-03	1.00E+00	chr14_46387358_46388080	Bmp4
GO Biological Process	GO:0048392	intermediate mesodermal cell differentiation	291	1.38E-02	1.00E+00	6.09E-01	7.20E+01	1.39E-02	1	1.42E-04	1.02E-02	192	7.10E-03	1.00E+00	4.76E-01	1.41E+02	7.10E-03	1	1	6.58E-03	1.00E+00	chr14_46387358_46388080	Bmp4
GO Biological Process	GO:0003333	amino acid transmembrane transport	307	1.39E-02	1.00E+00	5.80E-01	6.04E+00	4.97E-01	3	5.07E-03	3.06E-02	231	7.77E-03	1.00E+00	4.33E-01	7.41E+00	4.05E-01	3	57	1.97E-02	5.26E-02	chr11_120186364_120189507,chr3_50442906_50443889,chr4_139309793_139310553	Pqlc2,Slc38a10,Slc7a11
GO Biological Process	GO:0032355	response to estradiol	308	1.39E-02	1.00E+00	5.79E-01	3.55E+00	1.41E+00	5	1.44E-02	5.10E-02	780	6.68E-02	1.00E+00	1.00E+00	3.22E+00	9.31E-01	3	131	1.97E-02	2.29E-02	chr13_53471407_53472168,chr13_53472662_53473247,chr13_63563733_63564766,chr13_63566316_63566849,chr6_121069244_121070033	Bid,Msx2,Ptch1
GO Biological Process	GO:0009181	purine ribonucleoside diphosphate catabolic process	309	1.40E-02	1.00E+00	5.83E-01	7.09E+01	1.41E-02	1	1.44E-04	1.02E-02	540	3.50E-02	1.00E+00	8.34E-01	2.82E+01	3.55E-02	1	5	6.58E-03	2.00E-01	chr14_70580681_70580934	Nudt18
GO Biological Process	GO:0009407	toxin catabolic process	310	1.40E-02	1.00E+00	5.83E-01	7.07E+01	1.41E-02	1	1.44E-04	1.02E-02	460	2.81E-02	1.00E+00	7.86E-01	3.52E+01	2.84E-02	1	4	6.58E-03	2.50E-01	chr2_75703196_75704248	Nfe2l2
GO Biological Process	GO:1901991	negative regulation of mitotic cell cycle phase transition	311	1.42E-02	1.00E+00	5.85E-01	4.33E+00	9.24E-01	4	9.43E-03	4.08E-02	1468	1.94E-01	1.00E+00	1.00E+00	2.47E+00	8.10E-01	2	114	1.32E-02	1.75E-02	chr11_87422538_87423866,chr17_83920344_83920701,chr17_84184827_84185319,chr17_84185496_84186847	Tex14,Zfp36l2
GO Biological Process	GO:0045665	negative regulation of neuron differentiation	312	1.42E-02	1.00E+00	5.85E-01	2.53E+00	3.16E+00	8	3.23E-02	8.16E-02	73	6.52E-04	1.00E+00	1.15E-01	4.83E+00	1.45E+00	7	204	4.61E-02	3.43E-02	chr16_30066210_30067176,chr2_174428666_174429601,chr2_71541880_71544776,chr2_71544955_71545796,chr3_89280734_89281464,chr7_126781249_126781424,chr9_55542234_55544237,chr9_55544680_55546400	Ctsz,Dlx1,Dlx2,Efna1,Hes1,Isl2,Tbx6
GO Biological Process	GO:0043409	negative regulation of MAPK cascade	313	1.42E-02	1.00E+00	5.85E-01	3.52E+00	1.42E+00	5	1.45E-02	5.10E-02	174	5.32E-03	1.00E+00	3.93E-01	4.48E+00	1.12E+00	5	157	3.29E-02	3.18E-02	chr11_69919322_69920053,chr14_46387358_46388080,chr3_37642698_37643251,chr3_89280734_89281464,chr6_118758397_118758711	Ankrd26,Bmp4,Efna1,Gps2,Spry1
GO Biological Process	GO:0071560	cellular response to transforming growth factor beta stimulus	314	1.43E-02	1.00E+00	5.84E-01	3.05E+00	1.96E+00	6	2.00E-02	6.12E-02	731	5.86E-02	1.00E+00	1.00E+00	3.41E+00	8.81E-01	3	124	1.97E-02	2.42E-02	chr17_83920344_83920701,chr17_84184827_84185319,chr17_84185496_84186847,chr2_71541880_71544776,chr2_71544955_71545796,chr7_116032327_116033153	Dlx1,Sox6,Zfp36l2
GO Biological Process	GO:0045685	regulation of glial cell differentiation	315	1.43E-02	1.00E+00	5.84E-01	4.32E+00	9.27E-01	4	9.46E-03	4.08E-02	79	7.71E-04	1.00E+00	1.26E-01	9.71E+00	4.12E-01	4	58	2.63E-02	6.90E-02	chr16_30066210_30067176,chr2_71541880_71544776,chr2_71544955_71545796,chr4_134019055_134020274	Dlx1,Dlx2,Hes1,Lin28a
GO Biological Process	GO:0048713	regulation of oligodendrocyte differentiation	316	1.43E-02	1.00E+00	5.83E-01	5.96E+00	5.03E-01	3	5.13E-03	3.06E-02	105	1.50E-03	1.00E+00	1.84E-01	1.32E+01	2.27E-01	3	32	1.97E-02	9.38E-02	chr16_30066210_30067176,chr2_71541880_71544776,chr2_71544955_71545796	Dlx1,Dlx2,Hes1
GO Biological Process	GO:0048058	compound eye corneal lens development	317	1.44E-02	1.00E+00	5.82E-01	6.92E+01	1.45E-02	1	1.47E-04	1.02E-02	192	7.10E-03	1.00E+00	4.76E-01	1.41E+02	7.10E-03	1	1	6.58E-03	1.00E+00	chr12_118847345_118851129	Abcb5
GO Biological Process	GO:0090092	regulation of transmembrane receptor protein serine/threonine kinase signaling pathway	318	1.45E-02	1.00E+00	5.88E-01	2.74E+00	2.56E+00	7	2.61E-02	7.14E-02	361	1.85E-02	1.00E+00	6.60E-01	3.29E+00	1.52E+00	5	214	3.29E-02	2.34E-02	chr11_101964638_101965429,chr13_53471407_53472168,chr13_53472662_53473247,chr14_46387358_46388080,chr16_30066210_30067176,chr2_71541880_71544776,chr2_71544955_71545796	Bmp4,Dlx1,Hes1,Msx2,Sost
GO Biological Process	GO:2000767	positive regulation of cytoplasmic translation	319	1.45E-02	1.00E+00	5.86E-01	6.83E+01	1.46E-02	1	1.49E-04	1.02E-02	590	4.19E-02	1.00E+00	9.13E-01	2.35E+01	4.26E-02	1	6	6.58E-03	1.67E-01	chr4_134019055_134020274	Lin28a
GO Biological Process	GO:0045333	cellular respiration	320	1.47E-02	1.00E+00	5.92E-01	4.28E+00	9.35E-01	4	9.54E-03	4.08E-02	372	2.05E-02	1.00E+00	7.07E-01	3.86E+00	1.04E+00	4	146	2.63E-02	2.74E-02	chr5_135790394_135790983,chr6_121069244_121070033,chr6_60830285_60830625,chr7_140901650_140902605	Bid,Cox8b,Mdh2,Snca
GO Biological Process	GO:2001242	regulation of intrinsic apoptotic signaling pathway	321	1.48E-02	1.00E+00	5.93E-01	4.27E+00	9.36E-01	4	9.55E-03	4.08E-02	1004	9.71E-02	1.00E+00	1.00E+00	2.74E+00	1.09E+00	3	154	1.97E-02	1.95E-02	chr2_75703196_75704248,chr6_121069244_121070033,chr7_38184529_38185013,chr7_38197297_38198262	Bid,Nfe2l2,Plekhf1
GO Biological Process	GO:0034249	negative regulation of cellular amide metabolic process	322	1.49E-02	1.00E+00	5.95E-01	4.26E+00	9.38E-01	4	9.57E-03	4.08E-02	1701	2.73E-01	1.00E+00	1.00E+00	1.95E+00	1.02E+00	2	144	1.32E-02	1.39E-02	chr17_83920344_83920701,chr17_84184827_84185319,chr17_84185496_84186847,chr4_134019055_134020274	Lin28a,Zfp36l2
GO Biological Process	GO:1901532	regulation of hematopoietic progenitor cell differentiation	323	1.49E-02	1.00E+00	5.94E-01	1.08E+01	1.84E-01	2	1.88E-03	2.04E-02	271	1.25E-02	1.00E+00	5.93E-01	1.17E+01	1.71E-01	2	24	1.32E-02	8.33E-02	chr16_30066210_30067176,chr2_75703196_75704248	Hes1,Nfe2l2
GO Biological Process	GO:0070233	negative regulation of T cell apoptotic process	324	1.51E-02	1.00E+00	5.99E-01	1.08E+01	1.86E-01	2	1.89E-03	2.04E-02	286	1.35E-02	1.00E+00	6.08E-01	1.13E+01	1.78E-01	2	25	1.32E-02	8.00E-02	chr14_46387358_46388080,chr3_89280734_89281464	Bmp4,Efna1
GO Biological Process	GO:0034250	positive regulation of cellular amide metabolic process	325	1.52E-02	1.00E+00	6.01E-01	4.24E+00	9.44E-01	4	9.63E-03	4.08E-02	265	1.06E-02	1.00E+00	5.17E-01	4.69E+00	8.53E-01	4	120	2.63E-02	3.33E-02	chr11_69919322_69920053,chr2_75703196_75704248,chr3_89280734_89281464,chr4_134019055_134020274	Efna1,Eif5a,Lin28a,Nfe2l2
GO Biological Process	GO:1902037	negative regulation of hematopoietic stem cell differentiation	326	1.52E-02	1.00E+00	6.01E-01	6.51E+01	1.54E-02	1	1.57E-04	1.02E-02	375	2.12E-02	1.00E+00	7.26E-01	4.69E+01	2.13E-02	1	3	6.58E-03	3.33E-01	chr2_75703196_75704248	Nfe2l2
GO Biological Process	GO:0021510	spinal cord development	327	1.53E-02	1.00E+00	6.02E-01	3.46E+00	1.45E+00	5	1.47E-02	5.10E-02	573	3.81E-02	1.00E+00	8.54E-01	4.06E+00	7.39E-01	3	104	1.97E-02	2.88E-02	chr13_63563733_63564766,chr13_63566316_63566849,chr8_84660555_84662042,chr9_55542234_55544237,chr9_55544680_55546400	Cacna1a,Isl2,Ptch1
GO Biological Process	GO:0010948	negative regulation of cell cycle process	328	1.57E-02	1.00E+00	6.15E-01	3.44E+00	1.45E+00	5	1.48E-02	5.10E-02	1260	1.50E-01	1.00E+00	1.00E+00	2.25E+00	1.34E+00	3	188	1.97E-02	1.60E-02	chr11_87422538_87423866,chr14_46387358_46388080,chr17_83920344_83920701,chr17_84184827_84185319,chr17_84185496_84186847	Bmp4,Tex14,Zfp36l2
GO Biological Process	GO:1903401	L-lysine transmembrane transport	329	1.57E-02	1.00E+00	6.13E-01	6.33E+01	1.58E-02	1	1.61E-04	1.02E-02	460	2.81E-02	1.00E+00	7.86E-01	3.52E+01	2.84E-02	1	4	6.58E-03	2.50E-01	chr4_139309793_139310553	Pqlc2
GO Biological Process	GO:1901988	negative regulation of cell cycle phase transition	330	1.58E-02	1.00E+00	6.16E-01	4.19E+00	9.55E-01	4	9.75E-03	4.08E-02	1529	2.15E-01	1.00E+00	1.00E+00	2.31E+00	8.67E-01	2	122	1.32E-02	1.64E-02	chr11_87422538_87423866,chr17_83920344_83920701,chr17_84184827_84185319,chr17_84185496_84186847	Tex14,Zfp36l2
GO Biological Process	GO:0060994	regulation of transcription from RNA polymerase II promoter involved in kidney development	331	1.60E-02	1.00E+00	6.20E-01	6.22E+01	1.61E-02	1	1.64E-04	1.02E-02	294	1.42E-02	1.00E+00	6.19E-01	7.04E+01	1.42E-02	1	2	6.58E-03	5.00E-01	chr14_46387358_46388080	Bmp4
GO Biological Process	GO:0002089	lens morphogenesis in camera-type eye	332	1.60E-02	1.00E+00	6.18E-01	5.72E+00	5.24E-01	3	5.35E-03	3.06E-02	81	8.11E-04	1.00E+00	1.29E-01	1.62E+01	1.85E-01	3	26	1.97E-02	1.15E-01	chr13_40727364_40730800,chr14_46387358_46388080,chr4_141326801_141327760	Bmp4,Epha2,Tfap2a
GO Biological Process	GO:0003151	outflow tract morphogenesis	333	1.61E-02	1.00E+00	6.21E-01	3.42E+00	1.46E+00	5	1.49E-02	5.10E-02	112	1.82E-03	1.00E+00	2.09E-01	7.71E+00	5.19E-01	4	73	2.63E-02	5.48E-02	chr13_40727364_40730800,chr13_53471407_53472168,chr13_53472662_53473247,chr14_46387358_46388080,chr16_30066210_30067176	Bmp4,Hes1,Msx2,Tfap2a
GO Biological Process	GO:0021569	rhombomere 3 development	334	1.62E-02	1.00E+00	6.23E-01	6.13E+01	1.63E-02	1	1.67E-04	1.02E-02	460	2.81E-02	1.00E+00	7.86E-01	3.52E+01	2.84E-02	1	4	6.58E-03	2.50E-01	chr11_96352608_96353722	Hoxb2
GO Biological Process	GO:1903707	negative regulation of hemopoiesis	335	1.64E-02	1.00E+00	6.28E-01	3.40E+00	1.47E+00	5	1.50E-02	5.10E-02	72	6.47E-04	1.00E+00	1.15E-01	5.75E+00	1.04E+00	6	147	3.95E-02	4.08E-02	chr14_46387358_46388080,chr16_30066210_30067176,chr2_75703196_75704248,chr4_41921366_41921821,chr6_48840815_48841662	Bmp4,Gm21541,Hes1,Nfe2l2,Tmem176a,Tmem176b
GO Biological Process	GO:0060502	epithelial cell proliferation involved in lung morphogenesis	336	1.64E-02	1.00E+00	6.26E-01	6.06E+01	1.65E-02	1	1.68E-04	1.02E-02	375	2.12E-02	1.00E+00	7.26E-01	4.69E+01	2.13E-02	1	3	6.58E-03	3.33E-01	chr14_46387358_46388080	Bmp4
GO Biological Process	GO:0071559	response to transforming growth factor beta	337	1.64E-02	1.00E+00	6.26E-01	2.96E+00	2.03E+00	6	2.07E-02	6.12E-02	738	6.20E-02	1.00E+00	1.00E+00	3.32E+00	9.02E-01	3	127	1.97E-02	2.36E-02	chr17_83920344_83920701,chr17_84184827_84185319,chr17_84185496_84186847,chr2_71541880_71544776,chr2_71544955_71545796,chr7_116032327_116033153	Dlx1,Sox6,Zfp36l2
GO Biological Process	GO:0072203	cell proliferation involved in metanephros development	338	1.65E-02	1.00E+00	6.29E-01	1.03E+01	1.95E-01	2	1.99E-03	2.04E-02	742	6.22E-02	1.00E+00	1.00E+00	1.56E+01	6.39E-02	1	9	6.58E-03	1.11E-01	chr13_63563733_63564766,chr13_63566316_63566849	Ptch1
GO Biological Process	GO:0090287	regulation of cellular response to growth factor stimulus	339	1.65E-02	1.00E+00	6.27E-01	2.46E+00	3.25E+00	8	3.32E-02	8.16E-02	245	9.03E-03	1.00E+00	4.74E-01	3.38E+00	1.78E+00	6	250	3.95E-02	2.40E-02	chr11_101964638_101965429,chr13_53471407_53472168,chr13_53472662_53473247,chr14_46387358_46388080,chr16_30066210_30067176,chr2_71541880_71544776,chr2_71544955_71545796,chr3_37642698_37643251	Bmp4,Dlx1,Hes1,Msx2,Sost,Spry1
GO Biological Process	GO:0034505	tooth mineralization	340	1.65E-02	1.00E+00	6.26E-01	1.03E+01	1.95E-01	2	1.99E-03	2.04E-02	972	9.50E-02	1.00E+00	1.00E+00	1.01E+01	9.95E-02	1	14	6.58E-03	7.14E-02	chr13_53471407_53472168,chr13_53472662_53473247	Msx2
GO Biological Process	GO:0042476	odontogenesis	341	1.67E-02	1.00E+00	6.28E-01	3.39E+00	1.48E+00	5	1.51E-02	5.10E-02	189	6.95E-03	1.00E+00	4.73E-01	5.31E+00	7.53E-01	4	106	2.63E-02	3.77E-02	chr13_53471407_53472168,chr13_53472662_53473247,chr14_46387358_46388080,chr2_71541880_71544776,chr2_71544955_71545796	Bmp4,Dlx1,Dlx2,Msx2
GO Biological Process	GO:0031335	regulation of sulfur amino acid metabolic process	342	1.68E-02	1.00E+00	6.33E-01	5.89E+01	1.70E-02	1	1.73E-04	1.02E-02	294	1.42E-02	1.00E+00	6.19E-01	7.04E+01	1.42E-02	1	2	6.58E-03	5.00E-01	chr8_84660555_84662042	Cacna1a
GO Biological Process	GO:0031065	positive regulation of histone deacetylation	343	1.69E-02	1.00E+00	6.33E-01	1.02E+01	1.97E-01	2	2.01E-03	2.04E-02	1179	1.33E-01	1.00E+00	1.00E+00	7.04E+00	1.42E-01	1	20	6.58E-03	5.00E-02	chr12_16589553_16589895,chr12_16590033_16592004	Lpin1
GO Biological Process	GO:0043065	positive regulation of apoptotic process	344	1.71E-02	1.00E+00	6.39E-01	2.07E+00	5.31E+00	11	5.41E-02	1.12E-01	348	1.73E-02	1.00E+00	6.39E-01	2.29E+00	3.92E+00	9	552	5.92E-02	1.63E-02	chr11_69919322_69920053,chr13_40727364_40730800,chr13_53471407_53472168,chr13_53472662_53473247,chr14_46387358_46388080,chr2_118544289_118545050,chr2_174428666_174429601,chr6_121069244_121070033,chr6_60830285_60830625,chr7_38184529_38185013,chr7_38197297_38198262	Bid,Bmf,Bmp4,Ctsz,Eif5a,Msx2,Plekhf1,Snca,Tfap2a
GO Biological Process	GO:0033365	protein localization to organelle	345	1.71E-02	1.00E+00	6.38E-01	2.29E+00	3.93E+00	9	4.01E-02	9.18E-02	518	3.04E-02	1.00E+00	7.55E-01	2.20E+00	3.64E+00	8	513	5.26E-02	1.56E-02	chr11_103697567_103698192,chr14_46387358_46388080,chr16_30066210_30067176,chr2_118544289_118545050,chr6_121069244_121070033,chr7_100372146_100372354,chr7_116032327_116033153,chr8_26117824_26118019,chr8_26118257_26118822	Bid,Bmp4,C2cd3,Gm4353,Gosr2,Hes1,Hook3,Srp14
GO Biological Process	GO:0071705	nitrogen compound transport	346	1.72E-02	1.00E+00	6.40E-01	2.44E+00	3.28E+00	8	3.35E-02	8.16E-02	357	1.80E-02	1.00E+00	6.49E-01	2.43E+00	3.30E+00	8	464	5.26E-02	1.72E-02	chr11_120186364_120189507,chr11_69919322_69920053,chr3_50442906_50443889,chr4_139309793_139310553,chr5_142815895_142816475,chr6_118758397_118758711,chr7_116032327_116033153,chr8_84660555_84662042	Cacna1a,Cacna1c,Eif5a,Gm4353,Pqlc2,Slc29a4,Slc38a10,Slc7a11
GO Biological Process	GO:0043488	regulation of mRNA stability	347	1.74E-02	1.00E+00	6.45E-01	5.54E+00	5.42E-01	3	5.53E-03	3.06E-02	1998	4.02E-01	1.00E+00	1.00E+00	1.95E+00	5.12E-01	1	72	6.58E-03	1.39E-02	chr17_83920344_83920701,chr17_84184827_84185319,chr17_84185496_84186847	Zfp36l2
GO Biological Process	GO:0022612	gland morphogenesis	348	1.74E-02	1.00E+00	6.44E-01	2.92E+00	2.06E+00	6	2.10E-02	6.12E-02	276	1.26E-02	1.00E+00	5.85E-01	4.47E+00	8.95E-01	4	126	2.63E-02	3.17E-02	chr13_53471407_53472168,chr13_53472662_53473247,chr13_63563733_63564766,chr13_63566316_63566849,chr14_46387358_46388080,chr4_141326801_141327760	Bmp4,Epha2,Msx2,Ptch1
GO Biological Process	GO:0043068	positive regulation of programmed cell death	349	1.75E-02	1.00E+00	6.46E-01	2.07E+00	5.33E+00	11	5.43E-02	1.12E-01	359	1.82E-02	1.00E+00	6.53E-01	2.27E+00	3.96E+00	9	557	5.92E-02	1.62E-02	chr11_69919322_69920053,chr13_40727364_40730800,chr13_53471407_53472168,chr13_53472662_53473247,chr14_46387358_46388080,chr2_118544289_118545050,chr2_174428666_174429601,chr6_121069244_121070033,chr6_60830285_60830625,chr7_38184529_38185013,chr7_38197297_38198262	Bid,Bmf,Bmp4,Ctsz,Eif5a,Msx2,Plekhf1,Snca,Tfap2a
GO Biological Process	GO:0019637	organophosphate metabolic process	350	1.75E-02	1.00E+00	6.44E-01	2.07E+00	5.33E+00	11	5.43E-02	1.12E-01	920	8.55E-02	1.00E+00	1.00E+00	1.70E+00	5.31E+00	9	747	5.92E-02	1.20E-02	chr12_100522666_100523349,chr13_53471407_53472168,chr14_70580681_70580934,chr17_83920344_83920701,chr17_84184827_84185319,chr17_84185496_84186847,chr4_141326801_141327760,chr5_135790394_135790983,chr6_121069244_121070033,chr6_60830285_60830625,chr7_140901650_140902605	Bid,Cox8b,Epha2,Haao,Mdh2,Nudt18,Snca,Sptlc1,Ttc7b
GO Biological Process	GO:0031128	developmental induction	351	1.77E-02	1.00E+00	6.47E-01	5.51E+00	5.45E-01	3	5.56E-03	3.06E-02	111	1.79E-03	1.00E+00	2.07E-01	1.24E+01	2.42E-01	3	34	1.97E-02	8.82E-02	chr13_40727364_40730800,chr14_46387358_46388080,chr3_37642698_37643251	Bmp4,Spry1,Tfap2a
GO Biological Process	GO:0009913	epidermal cell differentiation	352	1.77E-02	1.00E+00	6.48E-01	3.33E+00	1.50E+00	5	1.53E-02	5.10E-02	520	3.09E-02	1.00E+00	7.63E-01	3.39E+00	1.18E+00	4	166	2.63E-02	2.41E-02	chr13_40727364_40730800,chr13_63563733_63564766,chr13_63566316_63566849,chr16_30066210_30067176,chr4_141326801_141327760	Epha2,Hes1,Ptch1,Tfap2a
GO Biological Process	GO:2000054	negative regulation of Wnt signaling pathway involved in dorsal/ventral axis specification	353	1.78E-02	1.00E+00	6.49E-01	5.57E+01	1.80E-02	1	1.83E-04	1.02E-02	294	1.42E-02	1.00E+00	6.19E-01	7.04E+01	1.42E-02	1	2	6.58E-03	5.00E-01	chr11_101964638_101965429	Sost
GO Biological Process	GO:0060900	embryonic camera-type eye formation	354	1.80E-02	1.00E+00	6.55E-01	9.80E+00	2.04E-01	2	2.08E-03	2.04E-02	131	2.64E-03	1.00E+00	2.60E-01	2.56E+01	7.81E-02	2	11	1.32E-02	1.82E-01	chr13_40727364_40730800,chr4_133755923_133757903	Arid1a,Tfap2a
GO Biological Process	GO:0043616	keratinocyte proliferation	355	1.82E-02	1.00E+00	6.58E-01	9.76E+00	2.05E-01	2	2.09E-03	2.04E-02	972	9.50E-02	1.00E+00	1.00E+00	1.01E+01	9.95E-02	1	14	6.58E-03	7.14E-02	chr13_63563733_63564766,chr13_63566316_63566849	Ptch1
GO Biological Process	GO:2001198	regulation of dendritic cell differentiation	356	1.84E-02	1.00E+00	6.64E-01	5.39E+01	1.86E-02	1	1.89E-04	1.02E-02	77	7.38E-04	1.00E+00	1.23E-01	4.69E+01	4.26E-02	2	6	1.32E-02	3.33E-01	chr6_48840815_48841662	Tmem176a,Tmem176b
GO Biological Process	GO:0003148	outflow tract septum morphogenesis	357	1.89E-02	1.00E+00	6.79E-01	5.37E+00	5.59E-01	3	5.70E-03	3.06E-02	333	1.57E-02	1.00E+00	6.05E-01	1.04E+01	1.92E-01	2	27	1.32E-02	7.41E-02	chr13_53471407_53472168,chr13_53472662_53473247,chr14_46387358_46388080	Bmp4,Msx2
GO Biological Process	GO:0071787	endoplasmic reticulum tubular network assembly	358	1.89E-02	1.00E+00	6.80E-01	5.23E+01	1.91E-02	1	1.95E-04	1.02E-02	460	2.81E-02	1.00E+00	7.86E-01	3.52E+01	2.84E-02	1	4	6.58E-03	2.50E-01	chr19_7421912_7423664	Rtn3
GO Biological Process	GO:0031076	embryonic camera-type eye development	359	1.90E-02	1.00E+00	6.79E-01	5.36E+00	5.60E-01	3	5.71E-03	3.06E-02	139	2.86E-03	1.00E+00	2.65E-01	1.06E+01	2.84E-01	3	40	1.97E-02	7.50E-02	chr13_40727364_40730800,chr4_133755923_133757903,chr7_19355987_19356721	Arid1a,Ppp1r13l,Tfap2a
GO Biological Process	GO:0030278	regulation of ossification	360	1.90E-02	1.00E+00	6.79E-01	2.59E+00	2.70E+00	7	2.76E-02	7.14E-02	327	1.45E-02	1.00E+00	5.71E-01	3.50E+00	1.43E+00	5	201	3.29E-02	2.49E-02	chr11_101964638_101965429,chr13_40727364_40730800,chr13_53471407_53472168,chr13_53472662_53473247,chr13_63563733_63564766,chr13_63566316_63566849,chr14_46387358_46388080	Bmp4,Msx2,Ptch1,Sost,Tfap2a
GO Biological Process	GO:0045836	positive regulation of meiotic nuclear division	361	1.91E-02	1.00E+00	6.80E-01	9.51E+00	2.10E-01	2	2.15E-03	2.04E-02	1047	1.08E-01	1.00E+00	1.00E+00	8.80E+00	1.14E-01	1	16	6.58E-03	6.25E-02	chr13_53471407_53472168,chr13_53472662_53473247	Msx2
GO Biological Process	GO:0072359	circulatory system development	362	1.92E-02	1.00E+00	6.80E-01	1.68E+00	1.07E+01	18	1.09E-01	1.84E-01	67	5.40E-04	1.00E+00	1.04E-01	2.56E+00	6.25E+00	16	880	1.05E-01	1.82E-02	chr13_40727364_40730800,chr13_53471407_53472168,chr13_53472662_53473247,chr13_63563733_63564766,chr13_63566316_63566849,chr14_46387358_46388080,chr14_51771546_51772144,chr16_30066210_30067176,chr3_37642698_37643251,chr3_89280734_89281464,chr4_133755923_133757903,chr4_141326801_141327760,chr5_138992412_138994516,chr6_118758397_118758711,chr7_100372146_100372354,chr7_116032327_116033153,chr7_19355987_19356721,chr8_124946584_124947555	Ang4,Arid1a,Bmp4,C2cd3,Cacna1c,Efna1,Egln1,Epha2,Hes1,Msx2,Pdgfa,Ppp1r13l,Ptch1,Sox6,Spry1,Tfap2a
GO Biological Process	GO:0051100	negative regulation of binding	363	1.92E-02	1.00E+00	6.80E-01	3.26E+00	1.53E+00	5	1.56E-02	5.10E-02	352	1.78E-02	1.00E+00	6.51E-01	4.02E+00	9.95E-01	4	140	2.63E-02	2.86E-02	chr11_87422538_87423866,chr13_53471407_53472168,chr13_53472662_53473247,chr19_42280099_42280665,chr2_174428666_174429601	Crtac1,Ctsz,Msx2,Tex14
GO Biological Process	GO:0097154	GABAergic neuron differentiation	364	1.92E-02	1.00E+00	6.79E-01	9.48E+00	2.11E-01	2	2.15E-03	2.04E-02	169	4.95E-03	1.00E+00	3.77E-01	1.88E+01	1.07E-01	2	15	1.32E-02	1.33E-01	chr2_71541880_71544776,chr2_71544955_71545796	Dlx1,Dlx2
GO Biological Process	GO:0006667	sphinganine metabolic process	365	2.01E-02	1.00E+00	7.07E-01	4.94E+01	2.03E-02	1	2.07E-04	1.02E-02	375	2.12E-02	1.00E+00	7.26E-01	4.69E+01	2.13E-02	1	3	6.58E-03	3.33E-01	chr13_53471407_53472168	Sptlc1
GO Biological Process	GO:0002520	immune system development	366	2.02E-02	1.00E+00	7.11E-01	1.95E+00	6.17E+00	12	6.29E-02	1.22E-01	283	1.32E-02	1.00E+00	5.98E-01	2.17E+00	5.07E+00	11	714	7.24E-02	1.54E-02	chr10_68276719_68277215,chr10_80055087_80056206,chr11_101964638_101965429,chr14_46387358_46388080,chr16_30066210_30067176,chr17_83920344_83920701,chr17_84184827_84185319,chr17_84185496_84186847,chr4_141326801_141327760,chr4_88779584_88779910,chr6_118758397_118758711,chr7_116032327_116033153	Bmp4,Cacna1c,Epha2,Gm13272,Hes1,Ifnz,Meox1,Rtkn2,Sbno2,Sox6,Zfp36l2
GO Biological Process	GO:0060940	epithelial to mesenchymal transition involved in cardiac fibroblast development	367	2.05E-02	1.00E+00	7.19E-01	4.82E+01	2.07E-02	1	2.12E-04	1.02E-02	294	1.42E-02	1.00E+00	6.19E-01	7.04E+01	1.42E-02	1	2	6.58E-03	5.00E-01	chr3_37642698_37643251	Spry1
GO Biological Process	GO:0003409	optic cup structural organization	368	2.06E-02	1.00E+00	7.19E-01	4.81E+01	2.08E-02	1	2.12E-04	1.02E-02	192	7.10E-03	1.00E+00	4.76E-01	1.41E+02	7.10E-03	1	1	6.58E-03	1.00E+00	chr13_40727364_40730800	Tfap2a
GO Biological Process	GO:1901701	cellular response to oxygen-containing compound	369	2.07E-02	1.00E+00	7.20E-01	1.78E+00	8.45E+00	15	8.62E-02	1.53E-01	337	1.62E-02	1.00E+00	6.17E-01	2.02E+00	5.93E+00	12	835	7.89E-02	1.44E-02	chr10_80055087_80056206,chr12_16589553_16589895,chr12_16590033_16592004,chr13_53471407_53472168,chr13_53472662_53473247,chr13_63563733_63564766,chr13_63566316_63566849,chr17_35076056_35076989,chr17_83920344_83920701,chr17_84184827_84185319,chr17_84185496_84186847,chr2_75703196_75704248,chr4_134019055_134020274,chr6_36388037_36388580,chr8_84660555_84662042	Cacna1a,Chrm2,Fancc,Lin28a,Lpin1,Ly6g6d,Ly6g6e,Msx2,Nfe2l2,Ptch1,Sbno2,Zfp36l2
GO Biological Process	GO:0000956	nuclear-transcribed mRNA catabolic process	370	2.10E-02	1.00E+00	7.30E-01	5.15E+00	5.82E-01	3	5.94E-03	3.06E-02	2150	5.00E-01	1.00E+00	1.00E+00	1.45E+00	6.89E-01	1	97	6.58E-03	1.03E-02	chr17_83920344_83920701,chr17_84184827_84185319,chr17_84185496_84186847	Zfp36l2
GO Biological Process	GO:0097186	amelogenesis	371	2.10E-02	1.00E+00	7.28E-01	9.03E+00	2.21E-01	2	2.26E-03	2.04E-02	1145	1.27E-01	1.00E+00	1.00E+00	7.41E+00	1.35E-01	1	19	6.58E-03	5.26E-02	chr13_53471407_53472168,chr13_53472662_53473247	Msx2
GO Biological Process	GO:0070723	response to cholesterol	372	2.13E-02	1.00E+00	7.37E-01	8.96E+00	2.23E-01	2	2.28E-03	2.04E-02	1145	1.27E-01	1.00E+00	1.00E+00	7.41E+00	1.35E-01	1	19	6.58E-03	5.26E-02	chr13_63563733_63564766,chr13_63566316_63566849	Ptch1
GO Biological Process	GO:0042733	embryonic digit morphogenesis	373	2.16E-02	1.00E+00	7.43E-01	3.81E+00	1.05E+00	4	1.07E-02	4.08E-02	291	1.36E-02	1.00E+00	6.01E-01	6.03E+00	4.97E-01	3	70	1.97E-02	4.29E-02	chr13_53471407_53472168,chr13_53472662_53473247,chr14_46387358_46388080,chr7_100372146_100372354	Bmp4,C2cd3,Msx2
GO Biological Process	GO:0060441	epithelial tube branching involved in lung morphogenesis	374	2.16E-02	1.00E+00	7.42E-01	5.10E+00	5.89E-01	3	6.01E-03	3.06E-02	105	1.50E-03	1.00E+00	1.84E-01	1.32E+01	2.27E-01	3	32	1.97E-02	9.38E-02	chr14_46387358_46388080,chr2_174428666_174429601,chr3_37642698_37643251	Bmp4,Ctsz,Spry1
GO Biological Process	GO:0060675	ureteric bud morphogenesis	375	2.16E-02	1.00E+00	7.42E-01	3.80E+00	1.05E+00	4	1.07E-02	4.08E-02	231	7.77E-03	1.00E+00	4.33E-01	7.41E+00	4.05E-01	3	57	1.97E-02	5.26E-02	chr13_63563733_63564766,chr13_63566316_63566849,chr14_46387358_46388080,chr16_30066210_30067176	Bmp4,Hes1,Ptch1
GO Biological Process	GO:0009191	ribonucleoside diphosphate catabolic process	376	2.17E-02	1.00E+00	7.42E-01	4.56E+01	2.19E-02	1	2.24E-04	1.02E-02	694	5.55E-02	1.00E+00	1.00E+00	1.76E+01	5.68E-02	1	8	6.58E-03	1.25E-01	chr14_70580681_70580934	Nudt18
GO Biological Process	GO:2000137	negative regulation of cell proliferation involved in heart morphogenesis	377	2.19E-02	1.00E+00	7.46E-01	4.52E+01	2.21E-02	1	2.26E-04	1.02E-02	294	1.42E-02	1.00E+00	6.19E-01	7.04E+01	1.42E-02	1	2	6.58E-03	5.00E-01	chr14_46387358_46388080	Bmp4
GO Biological Process	GO:0045746	negative regulation of Notch signaling pathway	378	2.20E-02	1.00E+00	7.47E-01	8.82E+00	2.27E-01	2	2.31E-03	2.04E-02	428	2.29E-02	1.00E+00	6.89E-01	8.53E+00	2.34E-01	2	33	1.32E-02	6.06E-02	chr2_71541880_71544776,chr2_71544955_71545796	Dlx1,Dlx2
GO Biological Process	GO:0010665	regulation of cardiac muscle cell apoptotic process	379	2.25E-02	1.00E+00	7.63E-01	8.71E+00	2.30E-01	2	2.34E-03	2.04E-02	343	1.68E-02	1.00E+00	6.30E-01	1.01E+01	1.99E-01	2	28	1.32E-02	7.14E-02	chr11_69919322_69920053,chr2_75703196_75704248	Eif5a,Nfe2l2
GO Biological Process	GO:0061053	somite development	380	2.27E-02	1.00E+00	7.67E-01	3.75E+00	1.07E+00	4	1.09E-02	4.08E-02	433	2.41E-02	1.00E+00	7.17E-01	4.85E+00	6.18E-01	3	87	1.97E-02	3.45E-02	chr11_101964638_101965429,chr13_63563733_63564766,chr13_63566316_63566849,chr7_126781249_126781424	Meox1,Ptch1,Tbx6
GO Biological Process	GO:0006417	regulation of translation	381	2.27E-02	1.00E+00	7.65E-01	2.75E+00	2.18E+00	6	2.23E-02	6.12E-02	1513	2.10E-01	1.00E+00	1.00E+00	1.70E+00	2.35E+00	4	331	2.63E-02	1.21E-02	chr11_69919322_69920053,chr14_46387358_46388080,chr17_83920344_83920701,chr17_84184827_84185319,chr17_84185496_84186847,chr4_134019055_134020274	Bmp4,Eif5a,Lin28a,Zfp36l2
GO Biological Process	GO:0061024	membrane organization	382	2.29E-02	1.00E+00	7.70E-01	1.91E+00	6.28E+00	12	6.41E-02	1.22E-01	629	4.34E-02	1.00E+00	8.86E-01	1.86E+00	5.36E+00	10	755	6.58E-02	1.32E-02	chr11_103697567_103698192,chr11_69399728_69400631,chr12_100522666_100523349,chr13_63563733_63564766,chr13_63566316_63566849,chr19_42280099_42280665,chr2_118544289_118545050,chr6_121069244_121070033,chr6_60830285_60830625,chr7_38184529_38185013,chr7_38197297_38198262,chr8_84660555_84662042	Bid,Cacna1a,Golga7b,Gosr2,Plekhf1,Ptch1,Snca,Srp14,Tmem88,Ttc7b
GO Biological Process	GO:0061351	neural precursor cell proliferation	383	2.31E-02	1.00E+00	7.74E-01	3.73E+00	1.07E+00	4	1.09E-02	4.08E-02	366	1.94E-02	1.00E+00	6.81E-01	5.28E+00	5.68E-01	3	80	1.97E-02	3.75E-02	chr14_21991209_21991649,chr15_89174182_89175604,chr8_26117824_26118019,chr8_26118257_26118822	Hook3,Plxnb2,Zfp503
GO Biological Process	GO:0010039	response to iron ion	384	2.32E-02	1.00E+00	7.76E-01	8.57E+00	2.33E-01	2	2.38E-03	2.04E-02	422	2.16E-02	1.00E+00	6.59E-01	8.80E+00	2.27E-01	2	32	1.32E-02	6.25E-02	chr13_40727364_40730800,chr6_60830285_60830625	Snca,Tfap2a
GO Biological Process	GO:0003205	cardiac chamber development	385	2.32E-02	1.00E+00	7.76E-01	2.48E+00	2.82E+00	7	2.88E-02	7.14E-02	113	1.84E-03	1.00E+00	2.09E-01	4.69E+00	1.28E+00	6	180	3.95E-02	3.33E-02	chr13_53471407_53472168,chr13_53472662_53473247,chr14_46387358_46388080,chr16_30066210_30067176,chr4_133755923_133757903,chr7_19355987_19356721,chr8_124946584_124947555	Arid1a,Bmp4,Egln1,Hes1,Msx2,Ppp1r13l
GO Biological Process	GO:0009155	purine deoxyribonucleotide catabolic process	386	2.33E-02	1.00E+00	7.77E-01	4.24E+01	2.36E-02	1	2.41E-04	1.02E-02	645	4.87E-02	1.00E+00	9.71E-01	2.01E+01	4.97E-02	1	7	6.58E-03	1.43E-01	chr14_70580681_70580934	Nudt18
GO Biological Process	GO:0010662	regulation of striated muscle cell apoptotic process	387	2.34E-02	1.00E+00	7.78E-01	8.52E+00	2.35E-01	2	2.40E-03	2.04E-02	354	1.80E-02	1.00E+00	6.52E-01	9.71E+00	2.06E-01	2	29	1.32E-02	6.90E-02	chr11_69919322_69920053,chr2_75703196_75704248	Eif5a,Nfe2l2
GO Biological Process	GO:0035148	tube formation	388	2.35E-02	1.00E+00	7.78E-01	2.73E+00	2.20E+00	6	2.25E-02	6.12E-02	188	6.55E-03	1.00E+00	4.48E-01	4.27E+00	1.17E+00	5	165	3.29E-02	3.03E-02	chr13_40727364_40730800,chr13_63563733_63564766,chr13_63566316_63566849,chr14_46387358_46388080,chr15_89174182_89175604,chr4_133755923_133757903	Arid1a,Bmp4,Plxnb2,Ptch1,Tfap2a
GO Biological Process	GO:0080144	amino acid homeostasis	389	2.35E-02	1.00E+00	7.77E-01	4.20E+01	2.38E-02	1	2.43E-04	1.02E-02	294	1.42E-02	1.00E+00	6.19E-01	7.04E+01	1.42E-02	1	2	6.58E-03	5.00E-01	chr4_139309793_139310553	Pqlc2
GO Biological Process	GO:0032374	regulation of cholesterol transport	390	2.36E-02	1.00E+00	7.78E-01	8.48E+00	2.36E-01	2	2.41E-03	2.04E-02	1661	2.59E-01	1.00E+00	1.00E+00	3.35E+00	2.98E-01	1	42	6.58E-03	2.38E-02	chr13_63563733_63564766,chr13_63566316_63566849	Ptch1
GO Biological Process	GO:0006342	chromatin silencing	391	2.36E-02	1.00E+00	7.76E-01	4.92E+00	6.09E-01	3	6.22E-03	3.06E-02	677	5.09E-02	1.00E+00	9.67E-01	3.61E+00	8.31E-01	3	117	1.97E-02	2.56E-02	chr11_120186364_120189507,chr4_133755923_133757903,chr5_142815895_142816475	Arid1a,Bahcc1,Tnrc18
GO Biological Process	GO:0051306	mitotic sister chromatid separation	392	2.37E-02	1.00E+00	7.79E-01	4.16E+01	2.40E-02	1	2.45E-04	1.02E-02	375	2.12E-02	1.00E+00	7.26E-01	4.69E+01	2.13E-02	1	3	6.58E-03	3.33E-01	chr11_87422538_87423866	Tex14
GO Biological Process	GO:0002076	osteoblast development	393	2.38E-02	1.00E+00	7.80E-01	8.44E+00	2.37E-01	2	2.42E-03	2.04E-02	1145	1.27E-01	1.00E+00	1.00E+00	7.41E+00	1.35E-01	1	19	6.58E-03	5.26E-02	chr13_53471407_53472168,chr13_53472662_53473247	Msx2
GO Biological Process	GO:0016331	morphogenesis of embryonic epithelium	394	2.41E-02	1.00E+00	7.86E-01	2.71E+00	2.21E+00	6	2.26E-02	6.12E-02	230	7.77E-03	1.00E+00	4.34E-01	4.09E+00	1.22E+00	5	172	3.29E-02	2.91E-02	chr13_40727364_40730800,chr13_63563733_63564766,chr13_63566316_63566849,chr14_46387358_46388080,chr15_89174182_89175604,chr4_133755923_133757903	Arid1a,Bmp4,Plxnb2,Ptch1,Tfap2a
GO Biological Process	GO:0032870	cellular response to hormone stimulus	395	2.42E-02	1.00E+00	7.88E-01	2.05E+00	4.88E+00	10	4.98E-02	1.02E-01	634	4.42E-02	1.00E+00	8.96E-01	2.17E+00	3.23E+00	7	455	4.61E-02	1.54E-02	chr11_101964638_101965429,chr11_69919322_69920053,chr12_16589553_16589895,chr12_16590033_16592004,chr14_46387358_46388080,chr17_83920344_83920701,chr17_84184827_84185319,chr17_84185496_84186847,chr2_75703196_75704248,chr4_133755923_133757903	Arid1a,Bmp4,Eif5a,Lpin1,Nfe2l2,Sost,Zfp36l2
GO Biological Process	GO:2000678	negative regulation of transcription regulatory region DNA binding	396	2.43E-02	1.00E+00	7.88E-01	8.36E+00	2.39E-01	2	2.44E-03	2.04E-02	1179	1.33E-01	1.00E+00	1.00E+00	7.04E+00	1.42E-01	1	20	6.58E-03	5.00E-02	chr13_53471407_53472168,chr13_53472662_53473247	Msx2
GO Biological Process	GO:0009134	nucleoside diphosphate catabolic process	397	2.43E-02	1.00E+00	7.88E-01	4.06E+01	2.46E-02	1	2.51E-04	1.02E-02	742	6.22E-02	1.00E+00	1.00E+00	1.56E+01	6.39E-02	1	9	6.58E-03	1.11E-01	chr14_70580681_70580934	Nudt18
GO Biological Process	GO:0006482	protein demethylation	398	2.44E-02	1.00E+00	7.89E-01	8.33E+00	2.40E-01	2	2.45E-03	2.04E-02	422	2.16E-02	1.00E+00	6.59E-01	8.80E+00	2.27E-01	2	32	1.32E-02	6.25E-02	chr6_39204889_39205411,chr7_100372146_100372354	Kdm7a,Ppme1
GO Biological Process	GO:0003206	cardiac chamber morphogenesis	399	2.47E-02	1.00E+00	7.95E-01	2.69E+00	2.23E+00	6	2.27E-02	6.12E-02	138	2.80E-03	1.00E+00	2.61E-01	5.21E+00	9.59E-01	5	135	3.29E-02	3.70E-02	chr13_53471407_53472168,chr13_53472662_53473247,chr14_46387358_46388080,chr16_30066210_30067176,chr7_19355987_19356721,chr8_124946584_124947555	Bmp4,Egln1,Hes1,Msx2,Ppp1r13l
GO Biological Process	GO:0035116	embryonic hindlimb morphogenesis	400	2.47E-02	1.00E+00	7.93E-01	4.84E+00	6.20E-01	3	6.33E-03	3.06E-02	437	2.42E-02	1.00E+00	7.13E-01	8.28E+00	2.42E-01	2	34	1.32E-02	5.88E-02	chr13_53471407_53472168,chr13_53472662_53473247,chr14_46387358_46388080	Bmp4,Msx2
GO Biological Process	GO:0055114	oxidation-reduction process	401	2.49E-02	1.00E+00	7.99E-01	1.89E+00	6.36E+00	12	6.49E-02	1.22E-01	1308	1.59E-01	1.00E+00	1.00E+00	1.44E+00	6.95E+00	10	978	6.58E-02	1.02E-02	chr10_80054157_80054700,chr10_80055087_80056206,chr17_83920344_83920701,chr17_84184827_84185319,chr17_84185496_84186847,chr4_139309793_139310553,chr5_135790394_135790983,chr6_121069244_121070033,chr6_39204889_39205411,chr6_60830285_60830625,chr7_140901650_140902605,chr8_124946584_124947555	Akr7a5,Bid,Cox8b,Egln1,Gpx4,Haao,Kdm7a,Mdh2,Mical3,Snca
GO Biological Process	GO:0072171	mesonephric tubule morphogenesis	402	2.51E-02	1.00E+00	8.01E-01	3.63E+00	1.10E+00	4	1.12E-02	4.08E-02	239	8.15E-03	1.00E+00	4.39E-01	7.28E+00	4.12E-01	3	58	1.97E-02	5.17E-02	chr13_63563733_63564766,chr13_63566316_63566849,chr14_46387358_46388080,chr16_30066210_30067176	Bmp4,Hes1,Ptch1
GO Biological Process	GO:0061106	negative regulation of stomach neuroendocrine cell differentiation	403	2.51E-02	1.00E+00	8.00E-01	3.94E+01	2.54E-02	1	2.59E-04	1.02E-02	192	7.10E-03	1.00E+00	4.76E-01	1.41E+02	7.10E-03	1	1	6.58E-03	1.00E+00	chr16_30066210_30067176	Hes1
GO Biological Process	GO:2000227	negative regulation of pancreatic A cell differentiation	403	2.51E-02	1.00E+00	8.00E-01	3.94E+01	2.54E-02	1	2.59E-04	1.02E-02	192	7.10E-03	1.00E+00	4.76E-01	1.41E+02	7.10E-03	1	1	6.58E-03	1.00E+00	chr16_30066210_30067176	Hes1
GO Biological Process	GO:0009954	proximal/distal pattern formation	405	2.52E-02	1.00E+00	8.01E-01	4.80E+00	6.25E-01	3	6.38E-03	3.06E-02	114	1.95E-03	1.00E+00	2.20E-01	1.21E+01	2.49E-01	3	35	1.97E-02	8.57E-02	chr12_118847345_118851129,chr2_71541880_71544776,chr2_71544955_71545796	Dlx1,Dlx2,Sp8
GO Biological Process	GO:0043487	regulation of RNA stability	406	2.52E-02	1.00E+00	8.00E-01	4.80E+00	6.25E-01	3	6.38E-03	3.06E-02	2067	4.43E-01	1.00E+00	1.00E+00	1.72E+00	5.83E-01	1	82	6.58E-03	1.22E-02	chr17_83920344_83920701,chr17_84184827_84185319,chr17_84185496_84186847	Zfp36l2
GO Biological Process	GO:0095500	acetylcholine receptor signaling pathway	407	2.53E-02	1.00E+00	7.98E-01	8.18E+00	2.45E-01	2	2.50E-03	2.04E-02	47	2.65E-04	1.00E+00	7.26E-02	2.35E+01	1.28E-01	3	18	1.97E-02	1.67E-01	chr17_35076056_35076989,chr6_36388037_36388580	Chrm2,Ly6g6d,Ly6g6e
GO Biological Process	GO:0021506	anterior neuropore closure	408	2.53E-02	1.00E+00	7.97E-01	3.90E+01	2.56E-02	1	2.61E-04	1.02E-02	294	1.42E-02	1.00E+00	6.19E-01	7.04E+01	1.42E-02	1	2	6.58E-03	5.00E-01	chr13_40727364_40730800	Tfap2a
GO Biological Process	GO:1905039	carboxylic acid transmembrane transport	409	2.53E-02	1.00E+00	7.95E-01	4.79E+00	6.26E-01	3	6.39E-03	3.06E-02	330	1.47E-02	1.00E+00	5.71E-01	5.86E+00	5.12E-01	3	72	1.97E-02	4.17E-02	chr11_120186364_120189507,chr3_50442906_50443889,chr4_139309793_139310553	Pqlc2,Slc38a10,Slc7a11
GO Biological Process	GO:0021953	central nervous system neuron differentiation	410	2.53E-02	1.00E+00	7.94E-01	2.27E+00	3.53E+00	8	3.60E-02	8.16E-02	135	2.67E-03	1.00E+00	2.54E-01	4.35E+00	1.38E+00	6	194	3.95E-02	3.09E-02	chr13_40727364_40730800,chr13_63563733_63564766,chr13_63566316_63566849,chr2_71541880_71544776,chr2_71544955_71545796,chr8_84660555_84662042,chr9_55542234_55544237,chr9_55544680_55546400	Cacna1a,Dlx1,Dlx2,Isl2,Ptch1,Tfap2a
GO Biological Process	GO:0045744	negative regulation of G-protein coupled receptor protein signaling pathway	411	2.57E-02	1.00E+00	8.03E-01	8.11E+00	2.47E-01	2	2.52E-03	2.04E-02	447	2.70E-02	1.00E+00	7.76E-01	7.82E+00	2.56E-01	2	36	1.32E-02	5.56E-02	chr17_35076056_35076989,chr6_60830285_60830625	Ly6g6e,Snca
GO Biological Process	GO:0045022	early endosome to late endosome transport	412	2.57E-02	1.00E+00	8.03E-01	8.10E+00	2.47E-01	2	2.52E-03	2.04E-02	1235	1.45E-01	1.00E+00	1.00E+00	6.40E+00	1.56E-01	1	22	6.58E-03	4.55E-02	chr8_26117824_26118019,chr8_26118257_26118822	Hook3
GO Biological Process	GO:0035574	histone H4-K20 demethylation	413	2.58E-02	1.00E+00	8.03E-01	3.83E+01	2.61E-02	1	2.67E-04	1.02E-02	294	1.42E-02	1.00E+00	6.19E-01	7.04E+01	1.42E-02	1	2	6.58E-03	5.00E-01	chr6_39204889_39205411	Kdm7a
GO Biological Process	GO:2000978	negative regulation of forebrain neuron differentiation	414	2.61E-02	1.00E+00	8.11E-01	3.78E+01	2.65E-02	1	2.70E-04	1.02E-02	294	1.42E-02	1.00E+00	6.19E-01	7.04E+01	1.42E-02	1	2	6.58E-03	5.00E-01	chr16_30066210_30067176	Hes1
GO Biological Process	GO:0031122	cytoplasmic microtubule organization	415	2.61E-02	1.00E+00	8.10E-01	8.03E+00	2.49E-01	2	2.54E-03	2.04E-02	1721	2.80E-01	1.00E+00	1.00E+00	3.06E+00	3.27E-01	1	46	6.58E-03	2.17E-02	chr8_26117824_26118019,chr8_26118257_26118822	Hook3
GO Biological Process	GO:0002088	lens development in camera-type eye	416	2.63E-02	1.00E+00	8.12E-01	3.58E+00	1.12E+00	4	1.14E-02	4.08E-02	104	1.48E-03	1.00E+00	1.83E-01	8.16E+00	4.90E-01	4	69	2.63E-02	5.80E-02	chr13_40727364_40730800,chr14_46387358_46388080,chr3_50442906_50443889,chr4_141326801_141327760	Bmp4,Epha2,Slc7a11,Tfap2a
GO Biological Process	GO:2000053	regulation of Wnt signaling pathway involved in dorsal/ventral axis specification	417	2.63E-02	1.00E+00	8.10E-01	3.75E+01	2.66E-02	1	2.72E-04	1.02E-02	375	2.12E-02	1.00E+00	7.26E-01	4.69E+01	2.13E-02	1	3	6.58E-03	3.33E-01	chr11_101964638_101965429	Sost
GO Biological Process	GO:0008333	endosome to lysosome transport	418	2.64E-02	1.00E+00	8.12E-01	7.99E+00	2.50E-01	2	2.56E-03	2.04E-02	1661	2.59E-01	1.00E+00	1.00E+00	3.35E+00	2.98E-01	1	42	6.58E-03	2.38E-02	chr8_26117824_26118019,chr8_26118257_26118822	Hook3
GO Biological Process	GO:0045667	regulation of osteoblast differentiation	419	2.64E-02	1.00E+00	8.10E-01	3.00E+00	1.67E+00	5	1.70E-02	5.10E-02	686	5.30E-02	1.00E+00	9.94E-01	3.55E+00	8.45E-01	3	119	1.97E-02	2.52E-02	chr13_53471407_53472168,chr13_53472662_53473247,chr13_63563733_63564766,chr13_63566316_63566849,chr14_46387358_46388080	Bmp4,Msx2,Ptch1
GO Biological Process	GO:0090312	positive regulation of protein deacetylation	420	2.65E-02	1.00E+00	8.13E-01	7.96E+00	2.51E-01	2	2.56E-03	2.04E-02	1346	1.69E-01	1.00E+00	1.00E+00	5.41E+00	1.85E-01	1	26	6.58E-03	3.85E-02	chr12_16589553_16589895,chr12_16590033_16592004	Lpin1
GO Biological Process	GO:0045814	negative regulation of gene expression, epigenetic	421	2.67E-02	1.00E+00	8.14E-01	4.69E+00	6.39E-01	3	6.52E-03	3.06E-02	723	5.75E-02	1.00E+00	1.00E+00	3.43E+00	8.74E-01	3	123	1.97E-02	2.44E-02	chr11_120186364_120189507,chr4_133755923_133757903,chr5_142815895_142816475	Arid1a,Bahcc1,Tnrc18
GO Biological Process	GO:0031063	regulation of histone deacetylation	422	2.67E-02	1.00E+00	8.15E-01	7.93E+00	2.52E-01	2	2.57E-03	2.04E-02	1449	1.93E-01	1.00E+00	1.00E+00	4.69E+00	2.13E-01	1	30	6.58E-03	3.33E-02	chr12_16589553_16589895,chr12_16590033_16592004	Lpin1
GO Biological Process	GO:0021623	oculomotor nerve formation	423	2.68E-02	1.00E+00	8.15E-01	3.68E+01	2.72E-02	1	2.77E-04	1.02E-02	294	1.42E-02	1.00E+00	6.19E-01	7.04E+01	1.42E-02	1	2	6.58E-03	5.00E-01	chr13_40727364_40730800	Tfap2a
GO Biological Process	GO:0072095	regulation of branch elongation involved in ureteric bud branching	424	2.69E-02	1.00E+00	8.14E-01	3.67E+01	2.72E-02	1	2.78E-04	1.02E-02	460	2.81E-02	1.00E+00	7.86E-01	3.52E+01	2.84E-02	1	4	6.58E-03	2.50E-01	chr14_46387358_46388080	Bmp4
GO Biological Process	GO:0097421	liver regeneration	425	2.73E-02	1.00E+00	8.25E-01	7.85E+00	2.55E-01	2	2.60E-03	2.04E-02	1565	2.27E-01	1.00E+00	1.00E+00	3.91E+00	2.56E-01	1	36	6.58E-03	2.78E-02	chr13_63563733_63564766,chr13_63566316_63566849	Ptch1
GO Biological Process	GO:0071495	cellular response to endogenous stimulus	426	2.76E-02	1.00E+00	8.32E-01	1.64E+00	1.04E+01	17	1.06E-01	1.73E-01	565	3.50E-02	1.00E+00	7.98E-01	1.80E+00	6.65E+00	12	936	7.89E-02	1.28E-02	chr11_101964638_101965429,chr11_69919322_69920053,chr12_16589553_16589895,chr12_16590033_16592004,chr13_53471407_53472168,chr13_53472662_53473247,chr14_46387358_46388080,chr17_83920344_83920701,chr17_84184827_84185319,chr17_84185496_84186847,chr2_71541880_71544776,chr2_71544955_71545796,chr2_75703196_75704248,chr4_133755923_133757903,chr6_60830285_60830625,chr7_116032327_116033153,chr8_84660555_84662042	Arid1a,Bmp4,Cacna1a,Dlx1,Eif5a,Lpin1,Msx2,Nfe2l2,Snca,Sost,Sox6,Zfp36l2
GO Biological Process	GO:0033077	T cell differentiation in thymus	427	2.76E-02	1.00E+00	8.33E-01	4.63E+00	6.48E-01	3	6.61E-03	3.06E-02	1857	3.44E-01	1.00E+00	1.00E+00	2.39E+00	4.19E-01	1	59	6.58E-03	1.69E-02	chr17_83920344_83920701,chr17_84184827_84185319,chr17_84185496_84186847	Zfp36l2
GO Biological Process	GO:1905314	semi-lunar valve development	428	2.77E-02	1.00E+00	8.31E-01	7.79E+00	2.57E-01	2	2.62E-03	2.04E-02	186	6.36E-03	1.00E+00	4.40E-01	1.66E+01	1.21E-01	2	17	1.32E-02	1.18E-01	chr14_46387358_46388080,chr3_89280734_89281464	Bmp4,Efna1
GO Biological Process	GO:1903706	regulation of hemopoiesis	429	2.77E-02	1.00E+00	8.30E-01	2.23E+00	3.59E+00	8	3.66E-02	8.16E-02	362	1.86E-02	1.00E+00	6.61E-01	2.61E+00	2.69E+00	7	378	4.61E-02	1.85E-02	chr14_46387358_46388080,chr16_30066210_30067176,chr17_83920344_83920701,chr17_84184827_84185319,chr17_84185496_84186847,chr2_75703196_75704248,chr4_41921366_41921821,chr6_48840815_48841662	Bmp4,Gm21541,Hes1,Nfe2l2,Tmem176a,Tmem176b,Zfp36l2
GO Biological Process	GO:0072210	metanephric nephron development	430	2.79E-02	1.00E+00	8.33E-01	4.61E+00	6.50E-01	3	6.63E-03	3.06E-02	114	1.95E-03	1.00E+00	2.20E-01	1.21E+01	2.49E-01	3	35	1.97E-02	8.57E-02	chr13_40727364_40730800,chr14_46387358_46388080,chr16_30066210_30067176	Bmp4,Hes1,Tfap2a
GO Biological Process	GO:1901722	regulation of cell proliferation involved in kidney development	431	2.82E-02	1.00E+00	8.42E-01	7.70E+00	2.60E-01	2	2.65E-03	2.04E-02	159	4.31E-03	1.00E+00	3.49E-01	2.01E+01	9.95E-02	2	14	1.32E-02	1.43E-01	chr14_46387358_46388080,chr4_134019055_134020274	Bmp4,Lin28a
GO Biological Process	GO:0043524	negative regulation of neuron apoptotic process	432	2.83E-02	1.00E+00	8.43E-01	2.94E+00	1.70E+00	5	1.73E-02	5.10E-02	421	2.14E-02	1.00E+00	6.53E-01	3.80E+00	1.05E+00	4	148	2.63E-02	2.70E-02	chr13_40727364_40730800,chr2_71541880_71544776,chr2_71544955_71545796,chr6_60830285_60830625,chr8_84660555_84662042	Cacna1a,Dlx1,Snca,Tfap2a
GO Biological Process	GO:0032364	oxygen homeostasis	433	2.84E-02	1.00E+00	8.43E-01	3.47E+01	2.88E-02	1	2.94E-04	1.02E-02	540	3.50E-02	1.00E+00	8.34E-01	2.82E+01	3.55E-02	1	5	6.58E-03	2.00E-01	chr8_124946584_124947555	Egln1
GO Biological Process	GO:0098927	vesicle-mediated transport between endosomal compartments	434	2.85E-02	1.00E+00	8.44E-01	7.66E+00	2.61E-01	2	2.66E-03	2.04E-02	1287	1.57E-01	1.00E+00	1.00E+00	5.86E+00	1.71E-01	1	24	6.58E-03	4.17E-02	chr8_26117824_26118019,chr8_26118257_26118822	Hook3
GO Biological Process	GO:0006638	neutral lipid metabolic process	435	2.86E-02	1.00E+00	8.45E-01	4.57E+00	6.57E-01	3	6.70E-03	3.06E-02	1106	1.15E-01	1.00E+00	1.00E+00	3.43E+00	5.83E-01	2	82	1.32E-02	2.44E-02	chr12_16589553_16589895,chr12_16590033_16592004,chr6_60830285_60830625	Lpin1,Snca
GO Biological Process	GO:0014056	regulation of acetylcholine secretion, neurotransmission	436	2.86E-02	1.00E+00	8.43E-01	3.45E+01	2.90E-02	1	2.96E-04	1.02E-02	460	2.81E-02	1.00E+00	7.86E-01	3.52E+01	2.84E-02	1	4	6.58E-03	2.50E-01	chr8_84660555_84662042	Cacna1a
GO Biological Process	GO:0051647	nucleus localization	437	2.86E-02	1.00E+00	8.42E-01	7.64E+00	2.62E-01	2	2.67E-03	2.04E-02	1402	1.81E-01	1.00E+00	1.00E+00	5.03E+00	1.99E-01	1	28	6.58E-03	3.57E-02	chr8_26117824_26118019,chr8_26118257_26118822	Hook3
GO Biological Process	GO:0010506	regulation of autophagy	438	2.87E-02	1.00E+00	8.41E-01	2.93E+00	1.71E+00	5	1.74E-02	5.10E-02	815	6.93E-02	1.00E+00	1.00E+00	2.59E+00	1.54E+00	4	217	2.63E-02	1.84E-02	chr13_53471407_53472168,chr2_118544289_118545050,chr6_60830285_60830625,chr7_38184529_38185013,chr7_38197297_38198262	Bmf,Plekhf1,Snca,Sptlc1
GO Biological Process	GO:0002011	morphogenesis of an epithelial sheet	439	2.87E-02	1.00E+00	8.41E-01	4.56E+00	6.58E-01	3	6.71E-03	3.06E-02	691	5.46E-02	1.00E+00	1.00E+00	5.31E+00	3.77E-01	2	53	1.32E-02	3.77E-02	chr11_96352608_96353722,chr13_53471407_53472168,chr13_53472662_53473247	Hoxb2,Msx2
GO Biological Process	GO:2001053	regulation of mesenchymal cell apoptotic process	440	2.87E-02	1.00E+00	8.40E-01	7.62E+00	2.62E-01	2	2.68E-03	2.04E-02	972	9.50E-02	1.00E+00	1.00E+00	1.01E+01	9.95E-02	1	14	6.58E-03	7.14E-02	chr13_53471407_53472168,chr13_53472662_53473247	Msx2
GO Biological Process	GO:0001759	organ induction	441	2.88E-02	1.00E+00	8.41E-01	7.61E+00	2.63E-01	2	2.68E-03	2.04E-02	241	8.76E-03	1.00E+00	4.67E-01	1.41E+01	1.42E-01	2	20	1.32E-02	1.00E-01	chr14_46387358_46388080,chr3_37642698_37643251	Bmp4,Spry1
GO Biological Process	GO:0021895	cerebral cortex neuron differentiation	442	2.90E-02	1.00E+00	8.44E-01	7.58E+00	2.64E-01	2	2.69E-03	2.04E-02	271	1.25E-02	1.00E+00	5.93E-01	1.17E+01	1.71E-01	2	24	1.32E-02	8.33E-02	chr2_71541880_71544776,chr2_71544955_71545796	Dlx1,Dlx2
GO Biological Process	GO:0090199	regulation of release of cytochrome c from mitochondria	443	2.90E-02	1.00E+00	8.43E-01	7.58E+00	2.64E-01	2	2.69E-03	2.04E-02	625	4.23E-02	1.00E+00	8.71E-01	6.12E+00	3.27E-01	2	46	1.32E-02	4.35E-02	chr2_118544289_118545050,chr6_121069244_121070033	Bid,Bmf
GO Biological Process	GO:0006402	mRNA catabolic process	444	2.92E-02	1.00E+00	8.44E-01	4.53E+00	6.62E-01	3	6.75E-03	3.06E-02	2214	5.54E-01	1.00E+00	1.00E+00	1.25E+00	8.03E-01	1	113	6.58E-03	8.85E-03	chr17_83920344_83920701,chr17_84184827_84185319,chr17_84185496_84186847	Zfp36l2
GO Biological Process	GO:0051797	regulation of hair follicle development	445	2.94E-02	1.00E+00	8.50E-01	7.53E+00	2.66E-01	2	2.71E-03	2.04E-02	1235	1.45E-01	1.00E+00	1.00E+00	6.40E+00	1.56E-01	1	22	6.58E-03	4.55E-02	chr13_53471407_53472168,chr13_53472662_53473247	Msx2
GO Biological Process	GO:0040029	regulation of gene expression, epigenetic	446	2.95E-02	1.00E+00	8.49E-01	3.45E+00	1.16E+00	4	1.18E-02	4.08E-02	790	6.84E-02	1.00E+00	1.00E+00	2.61E+00	1.53E+00	4	216	2.63E-02	1.85E-02	chr11_120186364_120189507,chr4_133755923_133757903,chr4_134019055_134020274,chr5_142815895_142816475	Arid1a,Bahcc1,Lin28a,Tnrc18
GO Biological Process	GO:0021520	spinal cord motor neuron cell fate specification	447	2.95E-02	1.00E+00	8.48E-01	7.52E+00	2.66E-01	2	2.71E-03	2.04E-02	929	8.85E-02	1.00E+00	1.00E+00	1.08E+01	9.24E-02	1	13	6.58E-03	7.69E-02	chr9_55542234_55544237,chr9_55544680_55546400	Isl2
GO Biological Process	GO:0051446	positive regulation of meiotic cell cycle	448	2.96E-02	1.00E+00	8.48E-01	7.51E+00	2.66E-01	2	2.72E-03	2.04E-02	1235	1.45E-01	1.00E+00	1.00E+00	6.40E+00	1.56E-01	1	22	6.58E-03	4.55E-02	chr13_53471407_53472168,chr13_53472662_53473247	Msx2
GO Biological Process	GO:0021571	rhombomere 5 development	449	2.96E-02	1.00E+00	8.47E-01	3.33E+01	3.00E-02	1	3.06E-04	1.02E-02	460	2.81E-02	1.00E+00	7.86E-01	3.52E+01	2.84E-02	1	4	6.58E-03	2.50E-01	chr11_96352608_96353722	Hoxb1
GO Biological Process	GO:1905144	response to acetylcholine	450	2.97E-02	1.00E+00	8.49E-01	7.49E+00	2.67E-01	2	2.73E-03	2.04E-02	55	3.13E-04	1.00E+00	7.33E-02	2.22E+01	1.35E-01	3	19	1.97E-02	1.58E-01	chr17_35076056_35076989,chr6_36388037_36388580	Chrm2,Ly6g6d,Ly6g6e
GO Biological Process	GO:0044319	wound healing, spreading of cells	451	2.98E-02	1.00E+00	8.50E-01	7.47E+00	2.68E-01	2	2.73E-03	2.04E-02	1315	1.63E-01	1.00E+00	1.00E+00	5.63E+00	1.78E-01	1	25	6.58E-03	4.00E-02	chr13_53471407_53472168,chr13_53472662_53473247	Msx2
GO Biological Process	GO:0090184	positive regulation of kidney development	452	3.02E-02	1.00E+00	8.58E-01	4.47E+00	6.71E-01	3	6.84E-03	3.06E-02	149	3.52E-03	1.00E+00	3.04E-01	9.82E+00	3.05E-01	3	43	1.97E-02	6.98E-02	chr14_46387358_46388080,chr4_134019055_134020274,chr5_138992412_138994516	Bmp4,Lin28a,Pdgfa
GO Biological Process	GO:0090504	epiboly	453	3.03E-02	1.00E+00	8.60E-01	7.41E+00	2.70E-01	2	2.75E-03	2.04E-02	1346	1.69E-01	1.00E+00	1.00E+00	5.41E+00	1.85E-01	1	26	6.58E-03	3.85E-02	chr13_53471407_53472168,chr13_53472662_53473247	Msx2
GO Biological Process	GO:2000974	negative regulation of pro-B cell differentiation	454	3.06E-02	1.00E+00	8.68E-01	3.21E+01	3.11E-02	1	3.18E-04	1.02E-02	375	2.12E-02	1.00E+00	7.26E-01	4.69E+01	2.13E-02	1	3	6.58E-03	3.33E-01	chr16_30066210_30067176	Hes1
GO Biological Process	GO:0021750	vestibular nucleus development	455	3.08E-02	1.00E+00	8.70E-01	3.20E+01	3.12E-02	1	3.19E-04	1.02E-02	294	1.42E-02	1.00E+00	6.19E-01	7.04E+01	1.42E-02	1	2	6.58E-03	5.00E-01	chr8_84660555_84662042	Cacna1a
GO Biological Process	GO:0010942	positive regulation of cell death	456	3.08E-02	1.00E+00	8.68E-01	1.89E+00	5.81E+00	11	5.93E-02	1.12E-01	504	2.85E-02	1.00E+00	7.28E-01	2.10E+00	4.28E+00	9	603	5.92E-02	1.49E-02	chr11_69919322_69920053,chr13_40727364_40730800,chr13_53471407_53472168,chr13_53472662_53473247,chr14_46387358_46388080,chr2_118544289_118545050,chr2_174428666_174429601,chr6_121069244_121070033,chr6_60830285_60830625,chr7_38184529_38185013,chr7_38197297_38198262	Bid,Bmf,Bmp4,Ctsz,Eif5a,Msx2,Plekhf1,Snca,Tfap2a
GO Biological Process	GO:0051216	cartilage development	457	3.08E-02	1.00E+00	8.67E-01	2.56E+00	2.35E+00	6	2.40E-02	6.12E-02	508	2.91E-02	1.00E+00	7.38E-01	3.45E+00	1.16E+00	4	163	2.63E-02	2.45E-02	chr13_53471407_53472168,chr13_53472662_53473247,chr14_46387358_46388080,chr2_71541880_71544776,chr2_71544955_71545796,chr7_116032327_116033153	Bmp4,Dlx2,Msx2,Sox6
GO Biological Process	GO:0021590	cerebellum maturation	458	3.10E-02	1.00E+00	8.70E-01	3.18E+01	3.15E-02	1	3.21E-04	1.02E-02	460	2.81E-02	1.00E+00	7.86E-01	3.52E+01	2.84E-02	1	4	6.58E-03	2.50E-01	chr8_84660555_84662042	Cacna1a
GO Biological Process	GO:1904504	positive regulation of lipophagy	459	3.11E-02	1.00E+00	8.71E-01	3.17E+01	3.16E-02	1	3.22E-04	1.02E-02	540	3.50E-02	1.00E+00	8.34E-01	2.82E+01	3.55E-02	1	5	6.58E-03	2.00E-01	chr13_53471407_53472168	Sptlc1
GO Biological Process	GO:0010587	miRNA catabolic process	460	3.12E-02	1.00E+00	8.71E-01	3.16E+01	3.16E-02	1	3.23E-04	1.02E-02	460	2.81E-02	1.00E+00	7.86E-01	3.52E+01	2.84E-02	1	4	6.58E-03	2.50E-01	chr4_134019055_134020274	Lin28a
GO Biological Process	GO:0030857	negative regulation of epithelial cell differentiation	461	3.14E-02	1.00E+00	8.77E-01	4.40E+00	6.82E-01	3	6.96E-03	3.06E-02	527	3.28E-02	1.00E+00	8.00E-01	7.04E+00	2.84E-01	2	40	1.32E-02	5.00E-02	chr13_53471407_53472168,chr13_53472662_53473247,chr16_30066210_30067176	Hes1,Msx2
GO Biological Process	GO:0001935	endothelial cell proliferation	462	3.15E-02	1.00E+00	8.76E-01	7.25E+00	2.76E-01	2	2.81E-03	2.04E-02	248	9.64E-03	1.00E+00	5.00E-01	1.34E+01	1.49E-01	2	21	1.32E-02	9.52E-02	chr14_46387358_46388080,chr4_141326801_141327760	Bmp4,Epha2
GO Biological Process	GO:0033628	regulation of cell adhesion mediated by integrin	463	3.17E-02	1.00E+00	8.79E-01	7.23E+00	2.77E-01	2	2.82E-03	2.04E-02	499	2.84E-02	1.00E+00	7.32E-01	7.61E+00	2.63E-01	2	37	1.32E-02	5.41E-02	chr3_89280734_89281464,chr4_141326801_141327760	Efna1,Epha2
GO Biological Process	GO:0043523	regulation of neuron apoptotic process	464	3.18E-02	1.00E+00	8.80E-01	2.54E+00	2.37E+00	6	2.41E-02	6.12E-02	347	1.69E-02	1.00E+00	6.26E-01	3.37E+00	1.48E+00	5	209	3.29E-02	2.39E-02	chr13_40727364_40730800,chr2_174428666_174429601,chr2_71541880_71544776,chr2_71544955_71545796,chr6_60830285_60830625,chr8_84660555_84662042	Cacna1a,Ctsz,Dlx1,Snca,Tfap2a
GO Biological Process	GO:0071407	cellular response to organic cyclic compound	465	3.19E-02	1.00E+00	8.83E-01	1.96E+00	5.11E+00	10	5.21E-02	1.02E-01	1110	1.16E-01	1.00E+00	1.00E+00	1.81E+00	3.32E+00	6	467	3.95E-02	1.28E-02	chr13_53471407_53472168,chr13_53472662_53473247,chr13_63563733_63564766,chr13_63566316_63566849,chr14_46387358_46388080,chr17_83920344_83920701,chr17_84184827_84185319,chr17_84185496_84186847,chr4_133755923_133757903,chr4_134019055_134020274	Arid1a,Bmp4,Lin28a,Msx2,Ptch1,Zfp36l2
GO Biological Process	GO:0019509	L-methionine biosynthetic process from methylthioadenosine	466	3.19E-02	1.00E+00	8.81E-01	3.08E+01	3.25E-02	1	3.31E-04	1.02E-02	540	3.50E-02	1.00E+00	8.34E-01	2.82E+01	3.55E-02	1	5	6.58E-03	2.00E-01	chr5_100067158_100068139	Enoph1
GO Biological Process	GO:0021558	trochlear nerve development	467	3.21E-02	1.00E+00	8.83E-01	3.07E+01	3.26E-02	1	3.32E-04	1.02E-02	375	2.12E-02	1.00E+00	7.26E-01	4.69E+01	2.13E-02	1	3	6.58E-03	3.33E-01	chr16_30066210_30067176	Hes1
GO Biological Process	GO:0071363	cellular response to growth factor stimulus	468	3.25E-02	1.00E+00	8.94E-01	1.95E+00	5.13E+00	10	5.23E-02	1.02E-01	828	7.48E-02	1.00E+00	1.00E+00	2.04E+00	2.93E+00	6	413	3.95E-02	1.45E-02	chr13_53471407_53472168,chr13_53472662_53473247,chr14_46387358_46388080,chr17_83920344_83920701,chr17_84184827_84185319,chr17_84185496_84186847,chr2_71541880_71544776,chr2_71544955_71545796,chr6_60830285_60830625,chr7_116032327_116033153	Bmp4,Dlx1,Msx2,Snca,Sox6,Zfp36l2
GO Biological Process	GO:0036314	response to sterol	469	3.27E-02	1.00E+00	8.97E-01	7.10E+00	2.82E-01	2	2.87E-03	2.04E-02	1211	1.39E-01	1.00E+00	1.00E+00	6.70E+00	1.49E-01	1	21	6.58E-03	4.76E-02	chr13_63563733_63564766,chr13_63566316_63566849	Ptch1
GO Biological Process	GO:0035051	cardiocyte differentiation	470	3.28E-02	1.00E+00	8.97E-01	2.83E+00	1.77E+00	5	1.80E-02	5.10E-02	118	2.08E-03	1.00E+00	2.26E-01	5.59E+00	8.95E-01	5	126	3.29E-02	3.97E-02	chr14_46387358_46388080,chr16_30066210_30067176,chr3_37642698_37643251,chr4_133755923_133757903,chr7_116032327_116033153	Arid1a,Bmp4,Hes1,Sox6,Spry1
GO Biological Process	GO:1902475	L-alpha-amino acid transmembrane transport	471	3.28E-02	1.00E+00	8.95E-01	7.09E+00	2.82E-01	2	2.88E-03	2.04E-02	368	2.04E-02	1.00E+00	7.12E-01	9.08E+00	2.20E-01	2	31	1.32E-02	6.45E-02	chr3_50442906_50443889,chr4_139309793_139310553	Pqlc2,Slc7a11
GO Biological Process	GO:0001657	ureteric bud development	472	3.33E-02	1.00E+00	9.08E-01	2.81E+00	1.78E+00	5	1.81E-02	5.10E-02	165	4.55E-03	1.00E+00	3.55E-01	5.99E+00	6.68E-01	4	94	2.63E-02	4.26E-02	chr13_63563733_63564766,chr13_63566316_63566849,chr14_46387358_46388080,chr16_30066210_30067176,chr3_37642698_37643251	Bmp4,Hes1,Ptch1,Spry1
GO Biological Process	GO:0060964	regulation of gene silencing by miRNA	473	3.34E-02	1.00E+00	9.07E-01	7.03E+00	2.85E-01	2	2.90E-03	2.04E-02	428	2.29E-02	1.00E+00	6.89E-01	8.53E+00	2.34E-01	2	33	1.32E-02	6.06E-02	chr14_46387358_46388080,chr4_134019055_134020274	Bmp4,Lin28a
GO Biological Process	GO:1903825	organic acid transmembrane transport	474	3.34E-02	1.00E+00	9.06E-01	4.29E+00	6.99E-01	3	7.13E-03	3.06E-02	425	2.20E-02	1.00E+00	6.67E-01	5.03E+00	5.97E-01	3	84	1.97E-02	3.57E-02	chr11_120186364_120189507,chr3_50442906_50443889,chr4_139309793_139310553	Pqlc2,Slc38a10,Slc7a11
GO Biological Process	GO:0042593	glucose homeostasis	475	3.35E-02	1.00E+00	9.07E-01	2.81E+00	1.78E+00	5	1.82E-02	5.10E-02	285	1.34E-02	1.00E+00	6.05E-01	3.57E+00	1.40E+00	5	197	3.29E-02	2.54E-02	chr13_63563733_63564766,chr13_63566316_63566849,chr4_134019055_134020274,chr6_118758397_118758711,chr8_84660555_84662042	Ankrd26,Cacna1a,Cacna1c,Lin28a,Ptch1
GO Biological Process	GO:0048319	axial mesoderm morphogenesis	476	3.35E-02	1.00E+00	9.05E-01	2.94E+01	3.41E-02	1	3.48E-04	1.02E-02	590	4.19E-02	1.00E+00	9.13E-01	2.35E+01	4.26E-02	1	6	6.58E-03	1.67E-01	chr4_141326801_141327760	Epha2
GO Biological Process	GO:0060939	epicardium-derived cardiac fibroblast cell development	477	3.35E-02	1.00E+00	9.04E-01	2.93E+01	3.41E-02	1	3.48E-04	1.02E-02	375	2.12E-02	1.00E+00	7.26E-01	4.69E+01	2.13E-02	1	3	6.58E-03	3.33E-01	chr3_37642698_37643251	Spry1
GO Biological Process	GO:0072164	mesonephric tubule development	478	3.36E-02	1.00E+00	9.03E-01	2.81E+00	1.78E+00	5	1.82E-02	5.10E-02	166	4.73E-03	1.00E+00	3.66E-01	5.93E+00	6.75E-01	4	95	2.63E-02	4.21E-02	chr13_63563733_63564766,chr13_63566316_63566849,chr14_46387358_46388080,chr16_30066210_30067176,chr3_37642698_37643251	Bmp4,Hes1,Ptch1,Spry1
GO Biological Process	GO:0048863	stem cell differentiation	479	3.37E-02	1.00E+00	9.05E-01	2.50E+00	2.40E+00	6	2.45E-02	6.12E-02	157	4.27E-03	1.00E+00	3.50E-01	4.72E+00	1.06E+00	5	149	3.29E-02	3.36E-02	chr11_101964638_101965429,chr13_40727364_40730800,chr13_53471407_53472168,chr13_53472662_53473247,chr16_30066210_30067176,chr4_134019055_134020274	Hes1,Lin28a,Meox1,Msx2,Tfap2a
GO Biological Process	GO:0072012	glomerulus vasculature development	480	3.38E-02	1.00E+00	9.04E-01	6.98E+00	2.86E-01	2	2.92E-03	2.04E-02	234	7.92E-03	1.00E+00	4.35E-01	1.48E+01	1.35E-01	2	19	1.32E-02	1.05E-01	chr14_46387358_46388080,chr16_30066210_30067176	Bmp4,Hes1
GO Biological Process	GO:0009108	coenzyme biosynthetic process	481	3.40E-02	1.00E+00	9.10E-01	4.26E+00	7.04E-01	3	7.18E-03	3.06E-02	2098	4.67E-01	1.00E+00	1.00E+00	1.60E+00	6.25E-01	1	88	6.58E-03	1.14E-02	chr17_83920344_83920701,chr17_84184827_84185319,chr17_84185496_84186847	Haao
GO Biological Process	GO:0090100	positive regulation of transmembrane receptor protein serine/threonine kinase signaling pathway	482	3.45E-02	1.00E+00	9.20E-01	3.28E+00	1.22E+00	4	1.24E-02	4.08E-02	573	3.81E-02	1.00E+00	8.54E-01	4.06E+00	7.39E-01	3	104	1.97E-02	2.88E-02	chr13_53471407_53472168,chr13_53472662_53473247,chr14_46387358_46388080,chr16_30066210_30067176	Bmp4,Hes1,Msx2
GO Biological Process	GO:0070172	positive regulation of tooth mineralization	483	3.46E-02	1.00E+00	9.20E-01	2.84E+01	3.52E-02	1	3.59E-04	1.02E-02	590	4.19E-02	1.00E+00	9.13E-01	2.35E+01	4.26E-02	1	6	6.58E-03	1.67E-01	chr13_40727364_40730800	Tfap2a
GO Biological Process	GO:0048749	compound eye development	484	3.46E-02	1.00E+00	9.19E-01	2.84E+01	3.52E-02	1	3.59E-04	1.02E-02	294	1.42E-02	1.00E+00	6.19E-01	7.04E+01	1.42E-02	1	2	6.58E-03	5.00E-01	chr12_118847345_118851129	Abcb5
GO Biological Process	GO:0030514	negative regulation of BMP signaling pathway	485	3.46E-02	1.00E+00	9.17E-01	4.23E+00	7.08E-01	3	7.23E-03	3.06E-02	682	5.28E-02	1.00E+00	9.95E-01	5.41E+00	3.69E-01	2	52	1.32E-02	3.85E-02	chr11_101964638_101965429,chr2_71541880_71544776,chr2_71544955_71545796	Dlx1,Sost
GO Biological Process	GO:0007034	vacuolar transport	486	3.49E-02	1.00E+00	9.25E-01	4.22E+00	7.11E-01	3	7.26E-03	3.06E-02	1416	1.84E-01	1.00E+00	1.00E+00	2.56E+00	7.81E-01	2	110	1.32E-02	1.82E-02	chr11_103697567_103698192,chr8_26117824_26118019,chr8_26118257_26118822	Gosr2,Hook3
GO Biological Process	GO:0042116	macrophage activation	487	3.50E-02	1.00E+00	9.23E-01	6.85E+00	2.92E-01	2	2.98E-03	2.04E-02	428	2.29E-02	1.00E+00	6.89E-01	8.53E+00	2.34E-01	2	33	1.32E-02	6.06E-02	chr10_80055087_80056206,chr6_60830285_60830625	Sbno2,Snca
GO Biological Process	GO:0040020	regulation of meiotic nuclear division	488	3.52E-02	1.00E+00	9.26E-01	6.83E+00	2.93E-01	2	2.99E-03	2.04E-02	1532	2.15E-01	1.00E+00	1.00E+00	4.14E+00	2.42E-01	1	34	6.58E-03	2.94E-02	chr13_53471407_53472168,chr13_53472662_53473247	Msx2
GO Biological Process	GO:0008219	cell death	489	3.56E-02	1.00E+00	9.37E-01	1.74E+00	7.48E+00	13	7.63E-02	1.33E-01	432	2.34E-02	1.00E+00	6.98E-01	1.92E+00	6.26E+00	12	881	7.89E-02	1.36E-02	chr11_69919322_69920053,chr19_7421912_7423664,chr2_118544289_118545050,chr4_141326801_141327760,chr4_88779584_88779910,chr6_121069244_121070033,chr6_60830285_60830625,chr7_19355987_19356721,chr7_38183050_38184271,chr7_38184529_38185013,chr7_38197297_38198262,chr7_6706261_6706761,chr8_84660555_84662042	1600014C10Rik,Bid,Bmf,Cacna1a,Eif5a,Epha2,Ifnz,Peg3,Plekhf1,Ppp1r13l,Rtn3,Snca
GO Biological Process	GO:0033088	negative regulation of immature T cell proliferation in thymus	490	3.61E-02	1.00E+00	9.47E-01	2.72E+01	3.67E-02	1	3.75E-04	1.02E-02	540	3.50E-02	1.00E+00	8.34E-01	2.82E+01	3.55E-02	1	5	6.58E-03	2.00E-01	chr14_46387358_46388080	Bmp4
GO Biological Process	GO:0060147	regulation of posttranscriptional gene silencing	491	3.62E-02	1.00E+00	9.49E-01	6.71E+00	2.98E-01	2	3.04E-03	2.04E-02	447	2.70E-02	1.00E+00	7.76E-01	7.82E+00	2.56E-01	2	36	1.32E-02	5.56E-02	chr14_46387358_46388080,chr4_134019055_134020274	Bmp4,Lin28a
GO Biological Process	GO:0060966	regulation of gene silencing by RNA	491	3.62E-02	1.00E+00	9.49E-01	6.71E+00	2.98E-01	2	3.04E-03	2.04E-02	447	2.70E-02	1.00E+00	7.76E-01	7.82E+00	2.56E-01	2	36	1.32E-02	5.56E-02	chr14_46387358_46388080,chr4_134019055_134020274	Bmp4,Lin28a
GO Biological Process	GO:0071396	cellular response to lipid	493	3.63E-02	1.00E+00	9.47E-01	1.91E+00	5.22E+00	10	5.33E-02	1.02E-01	1081	1.13E-01	1.00E+00	1.00E+00	1.82E+00	3.29E+00	6	463	3.95E-02	1.30E-02	chr10_80055087_80056206,chr13_53471407_53472168,chr13_53472662_53473247,chr13_63563733_63564766,chr13_63566316_63566849,chr14_46387358_46388080,chr17_83920344_83920701,chr17_84184827_84185319,chr17_84185496_84186847,chr4_133755923_133757903	Arid1a,Bmp4,Msx2,Ptch1,Sbno2,Zfp36l2
GO Biological Process	GO:0018230	peptidyl-L-cysteine S-palmitoylation	494	3.63E-02	1.00E+00	9.46E-01	2.70E+01	3.70E-02	1	3.78E-04	1.02E-02	590	4.19E-02	1.00E+00	9.13E-01	2.35E+01	4.26E-02	1	6	6.58E-03	1.67E-01	chr19_42280099_42280665	Golga7b
GO Biological Process	GO:0046512	sphingosine biosynthetic process	495	3.63E-02	1.00E+00	9.44E-01	2.70E+01	3.70E-02	1	3.78E-04	1.02E-02	694	5.55E-02	1.00E+00	1.00E+00	1.76E+01	5.68E-02	1	8	6.58E-03	1.25E-01	chr13_53471407_53472168	Sptlc1
GO Biological Process	GO:0016482	cytosolic transport	496	3.64E-02	1.00E+00	9.44E-01	4.15E+00	7.23E-01	3	7.38E-03	3.06E-02	1470	1.97E-01	1.00E+00	1.00E+00	2.45E+00	8.17E-01	2	115	1.32E-02	1.74E-02	chr11_103697567_103698192,chr8_26117824_26118019,chr8_26118257_26118822	Gosr2,Hook3
GO Biological Process	GO:0006344	maintenance of chromatin silencing	497	3.70E-02	1.00E+00	9.57E-01	2.65E+01	3.77E-02	1	3.84E-04	1.02E-02	460	2.81E-02	1.00E+00	7.86E-01	3.52E+01	2.84E-02	1	4	6.58E-03	2.50E-01	chr4_133755923_133757903	Arid1a
GO Biological Process	GO:0060644	mammary gland epithelial cell differentiation	498	3.71E-02	1.00E+00	9.57E-01	6.63E+00	3.02E-01	2	3.08E-03	2.04E-02	1085	1.14E-01	1.00E+00	1.00E+00	8.28E+00	1.21E-01	1	17	6.58E-03	5.88E-02	chr13_63563733_63564766,chr13_63566316_63566849	Ptch1
GO Biological Process	GO:1903826	arginine transmembrane transport	499	3.71E-02	1.00E+00	9.55E-01	2.65E+01	3.78E-02	1	3.85E-04	1.02E-02	540	3.50E-02	1.00E+00	8.34E-01	2.82E+01	3.55E-02	1	5	6.58E-03	2.00E-01	chr4_139309793_139310553	Pqlc2
GO Biological Process	GO:0009636	response to toxic substance	500	3.72E-02	1.00E+00	9.58E-01	3.20E+00	1.25E+00	4	1.28E-02	4.08E-02	1375	1.72E-01	1.00E+00	1.00E+00	2.10E+00	1.43E+00	3	201	1.97E-02	1.49E-02	chr10_80054157_80054700,chr10_80055087_80056206,chr13_63563733_63564766,chr3_50442906_50443889	Fancc,Gpx4,Slc7a11
GO Cellular Component	GO:0034451	centriolar satellite	1	2.75E-04	4.50E-01	4.50E-01	2.44E+01	1.23E-01	3	1.26E-03	3.06E-02	6	1.35E-02	1.00E+00	1.00E+00	1.13E+01	1.78E-01	2	25	1.32E-02	8.00E-02	chr7_100372146_100372354,chr8_26117824_26118019,chr8_26118257_26118822	C2cd3,Hook3
GO Cellular Component	GO:0070695	FHF complex	2	5.59E-04	9.12E-01	4.56E-01	5.89E+01	3.40E-02	2	3.47E-04	2.04E-02	17	3.50E-02	1.00E+00	1.00E+00	2.82E+01	3.55E-02	1	5	6.58E-03	2.00E-01	chr8_26117824_26118019,chr8_26118257_26118822	Hook3
GO Cellular Component	GO:0005677	chromatin silencing complex	3	6.81E-04	1.00E+00	3.71E-01	5.33E+01	3.75E-02	2	3.83E-04	2.04E-02	1	1.37E-03	1.00E+00	1.00E+00	3.52E+01	5.68E-02	2	8	1.32E-02	2.50E-01	chr11_120186364_120189507,chr5_142815895_142816475	Bahcc1,Tnrc18
GO Cellular Component	GO:0005635	nuclear envelope	4	1.30E-03	1.00E+00	5.33E-01	3.16E+00	3.17E+00	10	3.23E-02	1.02E-01	5	1.24E-02	1.00E+00	1.00E+00	2.60E+00	3.08E+00	8	433	5.26E-02	1.85E-02	chr10_80054157_80054700,chr10_80055087_80056206,chr11_69919322_69920053,chr12_16589553_16589895,chr12_16590033_16592004,chr17_35836387_35836777,chr5_142815895_142816475,chr6_48840815_48841662,chr6_60830285_60830625,chr7_116032327_116033153	Eif5a,Gm4353,Gpx4,Lpin1,Snca,Tmem176b,Tnrc18,Tubb5
GO Cellular Component	GO:0030496	midbody	5	1.64E-03	1.00E+00	5.36E-01	4.82E+00	1.25E+00	6	1.27E-02	6.12E-02	3	5.91E-03	1.00E+00	1.00E+00	4.37E+00	1.14E+00	5	161	3.29E-02	3.11E-02	chr11_87422538_87423866,chr13_63563733_63564766,chr13_63566316_63566849,chr5_111006204_111007025,chr5_99728733_99729813,chr6_121069244_121070033	Mical3,Ptch1,Rasgef1b,Tex14,Ttc28
GO Cellular Component	GO:0031966	mitochondrial membrane	6	2.62E-03	1.00E+00	7.12E-01	2.87E+00	3.48E+00	10	3.56E-02	1.02E-01	110	2.64E-01	1.00E+00	1.00E+00	1.39E+00	4.32E+00	6	608	3.95E-02	9.87E-03	chr10_80054157_80054700,chr10_80055087_80056206,chr12_16589553_16589895,chr12_16590033_16592004,chr5_135790394_135790983,chr6_121069244_121070033,chr7_140901650_140902605,chr7_38183050_38184271,chr7_38184529_38185013,chr7_38197297_38198262	1600014C10Rik,Bid,Cox8b,Gpx4,Lpin1,Mdh2
GO Cellular Component	GO:0030897	HOPS complex	7	2.74E-03	1.00E+00	6.39E-01	2.62E+01	7.62E-02	2	7.78E-04	2.04E-02	47	8.85E-02	1.00E+00	1.00E+00	1.08E+01	9.24E-02	1	13	6.58E-03	7.69E-02	chr8_26117824_26118019,chr8_26118257_26118822	Hook3
GO Cellular Component	GO:0044294	dendritic growth cone	8	3.27E-03	1.00E+00	6.68E-01	2.39E+01	8.36E-02	2	8.53E-04	2.04E-02	17	3.50E-02	1.00E+00	1.00E+00	2.82E+01	3.55E-02	1	5	6.58E-03	2.00E-01	chr13_63563733_63564766,chr13_63566316_63566849	Ptch1
GO Cellular Component	GO:0005740	mitochondrial envelope	9	3.96E-03	1.00E+00	7.18E-01	2.71E+00	3.69E+00	10	3.77E-02	1.02E-01	126	3.21E-01	1.00E+00	1.00E+00	1.29E+00	4.65E+00	6	654	3.95E-02	9.17E-03	chr10_80054157_80054700,chr10_80055087_80056206,chr12_16589553_16589895,chr12_16590033_16592004,chr5_135790394_135790983,chr6_121069244_121070033,chr7_140901650_140902605,chr7_38183050_38184271,chr7_38184529_38185013,chr7_38197297_38198262	1600014C10Rik,Bid,Cox8b,Gpx4,Lpin1,Mdh2
GO Cellular Component	GO:0002178	palmitoyltransferase complex	10	5.06E-03	1.00E+00	8.27E-01	1.91E+01	1.05E-01	2	1.07E-03	2.04E-02	2	3.16E-03	1.00E+00	1.00E+00	2.35E+01	8.53E-02	2	12	1.32E-02	1.67E-01	chr13_53471407_53472168,chr19_42280099_42280665	Golga7b,Sptlc1
GO Cellular Component	GO:0000125	PCAF complex	11	6.08E-03	1.00E+00	9.03E-01	1.64E+02	6.10E-03	1	6.23E-05	1.02E-02	17	3.50E-02	1.00E+00	1.00E+00	2.82E+01	3.55E-02	1	5	6.58E-03	2.00E-01	chr4_132269780_132270306	Taf12
GO Cellular Component	GO:0044292	dendrite terminus	12	8.83E-03	1.00E+00	1.00E+00	1.43E+01	1.40E-01	2	1.43E-03	2.04E-02	45	8.20E-02	1.00E+00	1.00E+00	1.17E+01	8.53E-02	1	12	6.58E-03	8.33E-02	chr13_63563733_63564766,chr13_63566316_63566849	Ptch1
GO Cellular Component	GO:0035339	SPOTS complex	13	9.43E-03	1.00E+00	1.00E+00	1.06E+02	9.47E-03	1	9.66E-05	1.02E-02	17	3.50E-02	1.00E+00	1.00E+00	2.82E+01	3.55E-02	1	5	6.58E-03	2.00E-01	chr13_53471407_53472168	Sptlc1
GO Cellular Component	GO:0032021	NELF complex	14	1.20E-02	1.00E+00	1.00E+00	8.27E+01	1.21E-02	1	1.23E-04	1.02E-02	12	2.81E-02	1.00E+00	1.00E+00	3.52E+01	2.84E-02	1	4	6.58E-03	2.50E-01	chr2_174428666_174429601	Nelfcd
GO Cellular Component	GO:0031965	nuclear membrane	15	1.50E-02	1.00E+00	1.00E+00	3.02E+00	1.99E+00	6	2.03E-02	6.12E-02	29	5.30E-02	1.00E+00	1.00E+00	2.47E+00	2.02E+00	5	285	3.29E-02	1.75E-02	chr12_16589553_16589895,chr12_16590033_16592004,chr5_142815895_142816475,chr6_48840815_48841662,chr6_60830285_60830625,chr7_116032327_116033153	Gm4353,Lpin1,Snca,Tmem176b,Tnrc18
GO Cellular Component	GO:0045298	tubulin complex	16	1.63E-02	1.00E+00	1.00E+00	6.08E+01	1.65E-02	1	1.68E-04	1.02E-02	12	2.81E-02	1.00E+00	1.00E+00	3.52E+01	2.84E-02	1	4	6.58E-03	2.50E-01	chr17_35836387_35836777	Tubb5
GO Cellular Component	GO:0000242	pericentriolar material	17	1.68E-02	1.00E+00	1.00E+00	1.02E+01	1.96E-01	2	2.00E-03	2.04E-02	71	1.33E-01	1.00E+00	1.00E+00	7.04E+00	1.42E-01	1	20	6.58E-03	5.00E-02	chr8_26117824_26118019,chr8_26118257_26118822	Hook3
GO Cellular Component	GO:0005642	annulate lamellae	18	2.09E-02	1.00E+00	1.00E+00	4.73E+01	2.12E-02	1	2.16E-04	1.02E-02	17	3.50E-02	1.00E+00	1.00E+00	2.82E+01	3.55E-02	1	5	6.58E-03	2.00E-01	chr11_69919322_69920053	Eif5a
GO Cellular Component	GO:0045171	intercellular bridge	19	2.16E-02	1.00E+00	1.00E+00	8.91E+00	2.25E-01	2	2.29E-03	2.04E-02	22	3.91E-02	1.00E+00	1.00E+00	6.40E+00	3.13E-01	2	44	1.32E-02	4.55E-02	chr11_87422538_87423866,chr7_19355987_19356721	Ppp1r13l,Tex14
GO Cellular Component	GO:0044429	mitochondrial part	20	2.19E-02	1.00E+00	1.00E+00	2.08E+00	4.80E+00	10	4.89E-02	1.02E-01	206	6.09E-01	1.00E+00	1.00E+00	9.50E-01	6.32E+00	6	889	3.95E-02	6.75E-03	chr10_80054157_80054700,chr10_80055087_80056206,chr12_16589553_16589895,chr12_16590033_16592004,chr5_135790394_135790983,chr6_121069244_121070033,chr7_140901650_140902605,chr7_38183050_38184271,chr7_38184529_38185013,chr7_38197297_38198262	1600014C10Rik,Bid,Cox8b,Gpx4,Lpin1,Mdh2
GO Cellular Component	GO:0002095	caveolar macromolecular signaling complex	21	2.21E-02	1.00E+00	1.00E+00	4.48E+01	2.23E-02	1	2.28E-04	1.02E-02	4	7.10E-03	1.00E+00	1.00E+00	1.41E+02	7.10E-03	1	1	6.58E-03	1.00E+00	chr6_118758397_118758711	Cacna1c
GO Cellular Component	GO:0005683	U7 snRNP	22	2.25E-02	1.00E+00	1.00E+00	4.39E+01	2.28E-02	1	2.32E-04	1.02E-02	30	5.55E-02	1.00E+00	1.00E+00	1.76E+01	5.68E-02	1	8	6.58E-03	1.25E-01	chr6_86372003_86372198	Snrpg
GO Cellular Component	GO:0030529	intracellular ribonucleoprotein complex	23	2.47E-02	1.00E+00	1.00E+00	2.04E+00	4.89E+00	10	4.99E-02	1.02E-01	107	2.56E-01	1.00E+00	1.00E+00	1.33E+00	6.02E+00	8	848	5.26E-02	9.43E-03	chr10_78414857_78415065,chr17_35836387_35836777,chr17_83920344_83920701,chr17_84184827_84185319,chr17_84185496_84186847,chr2_118544289_118545050,chr4_134019055_134020274,chr6_60830285_60830625,chr6_86372003_86372198,chr7_82869018_82869904	Lin28a,Mex3b,Rrp1,Snca,Snrpg,Srp14,Tubb5,Zfp36l2
GO Cellular Component	GO:1990904	ribonucleoprotein complex	24	2.48E-02	1.00E+00	1.00E+00	2.04E+00	4.90E+00	10	5.00E-02	1.02E-01	108	2.58E-01	1.00E+00	1.00E+00	1.32E+00	6.04E+00	8	850	5.26E-02	9.41E-03	chr10_78414857_78415065,chr17_35836387_35836777,chr17_83920344_83920701,chr17_84184827_84185319,chr17_84185496_84186847,chr2_118544289_118545050,chr4_134019055_134020274,chr6_60830285_60830625,chr6_86372003_86372198,chr7_82869018_82869904	Lin28a,Mex3b,Rrp1,Snca,Snrpg,Srp14,Tubb5,Zfp36l2
GO Cellular Component	GO:0036464	cytoplasmic ribonucleoprotein granule	25	2.51E-02	1.00E+00	1.00E+00	3.63E+00	1.10E+00	4	1.12E-02	4.08E-02	23	4.11E-02	1.00E+00	1.00E+00	3.09E+00	1.29E+00	4	182	2.63E-02	2.20E-02	chr17_35836387_35836777,chr4_134019055_134020274,chr6_86372003_86372198,chr7_82869018_82869904	Lin28a,Mex3b,Snrpg,Tubb5
GO Cellular Component	GO:0090568	nuclear transcriptional repressor complex	26	2.69E-02	1.00E+00	1.00E+00	7.90E+00	2.53E-01	2	2.58E-03	2.04E-02	9	2.16E-02	1.00E+00	1.00E+00	8.80E+00	2.27E-01	2	32	1.32E-02	6.25E-02	chr11_120186364_120189507,chr5_142815895_142816475	Bahcc1,Tnrc18
GO Cellular Component	GO:0035770	ribonucleoprotein granule	27	2.79E-02	1.00E+00	1.00E+00	3.51E+00	1.14E+00	4	1.16E-02	4.08E-02	28	4.91E-02	1.00E+00	1.00E+00	2.92E+00	1.37E+00	4	193	2.63E-02	2.07E-02	chr17_35836387_35836777,chr4_134019055_134020274,chr6_86372003_86372198,chr7_82869018_82869904	Lin28a,Mex3b,Snrpg,Tubb5
GO Cellular Component	GO:0005786	signal recognition particle, endoplasmic reticulum targeting	28	2.97E-02	1.00E+00	1.00E+00	3.32E+01	3.02E-02	1	3.08E-04	1.02E-02	30	5.55E-02	1.00E+00	1.00E+00	1.76E+01	5.68E-02	1	8	6.58E-03	1.25E-01	chr2_118544289_118545050	Srp14
GO Cellular Component	GO:0005791	rough endoplasmic reticulum	29	3.39E-02	1.00E+00	1.00E+00	4.27E+00	7.03E-01	3	7.17E-03	3.06E-02	7	1.47E-02	1.00E+00	1.00E+00	5.86E+00	5.12E-01	3	72	1.97E-02	4.17E-02	chr3_50442906_50443889,chr4_134019055_134020274,chr6_60830285_60830625	Lin28a,Slc7a11,Snca
GO Cellular Component	GO:0030688	preribosome, small subunit precursor	30	3.41E-02	1.00E+00	1.00E+00	2.88E+01	3.47E-02	1	3.54E-04	1.02E-02	37	6.88E-02	1.00E+00	1.00E+00	1.41E+01	7.10E-02	1	10	6.58E-03	1.00E-01	chr10_78414857_78415065	Rrp1
GO Cellular Component	GO:0034709	methylosome	31	3.59E-02	1.00E+00	1.00E+00	2.74E+01	3.66E-02	1	3.73E-04	1.02E-02	53	9.50E-02	1.00E+00	1.00E+00	1.01E+01	9.95E-02	1	14	6.58E-03	7.14E-02	chr6_86372003_86372198	Snrpg
GO Cellular Component	GO:0048500	signal recognition particle	32	3.98E-02	1.00E+00	1.00E+00	2.46E+01	4.06E-02	1	4.14E-04	1.02E-02	40	7.54E-02	1.00E+00	1.00E+00	1.28E+01	7.81E-02	1	11	6.58E-03	9.09E-02	chr2_118544289_118545050	Srp14
GO Cellular Component	GO:0005736	DNA-directed RNA polymerase I complex	33	4.05E-02	1.00E+00	1.00E+00	2.42E+01	4.14E-02	1	4.22E-04	1.02E-02	47	8.85E-02	1.00E+00	1.00E+00	1.08E+01	9.24E-02	1	13	6.58E-03	7.69E-02	chr7_19355987_19356721	Cd3eap
GO Cellular Component	GO:0030914	STAGA complex	34	4.45E-02	1.00E+00	1.00E+00	2.20E+01	4.55E-02	1	4.65E-04	1.02E-02	47	8.85E-02	1.00E+00	1.00E+00	1.08E+01	9.24E-02	1	13	6.58E-03	7.69E-02	chr4_132269780_132270306	Taf12
GO Cellular Component	GO:0005801	cis-Golgi network	35	4.69E-02	1.00E+00	1.00E+00	5.82E+00	3.44E-01	2	3.51E-03	2.04E-02	109	2.59E-01	1.00E+00	1.00E+00	3.35E+00	2.98E-01	1	42	6.58E-03	2.38E-02	chr8_26117824_26118019,chr8_26118257_26118822	Hook3
GO Cellular Component	GO:0044295	axonal growth cone	36	4.71E-02	1.00E+00	1.00E+00	5.80E+00	3.45E-01	2	3.52E-03	2.04E-02	76	1.45E-01	1.00E+00	1.00E+00	6.40E+00	1.56E-01	1	22	6.58E-03	4.55E-02	chr13_63563733_63564766,chr13_63566316_63566849	Ptch1
GO Cellular Component	GO:0031092	platelet alpha granule membrane	37	4.74E-02	1.00E+00	1.00E+00	2.06E+01	4.86E-02	1	4.96E-04	1.02E-02	8	2.12E-02	1.00E+00	1.00E+00	4.69E+01	2.13E-02	1	3	6.58E-03	3.33E-01	chr6_60830285_60830625	Snca
GO Cellular Component	GO:0055029	nuclear DNA-directed RNA polymerase complex	38	5.02E-02	1.00E+00	1.00E+00	3.64E+00	8.24E-01	3	8.41E-03	3.06E-02	34	6.44E-02	1.00E+00	1.00E+00	3.27E+00	9.16E-01	3	129	1.97E-02	2.33E-02	chr13_69770884_69771496,chr4_132269780_132270306,chr7_19355987_19356721	Cd3eap,Med10,Taf12
GO Cellular Component	GO:0000428	DNA-directed RNA polymerase complex	39	5.03E-02	1.00E+00	1.00E+00	3.64E+00	8.25E-01	3	8.42E-03	3.06E-02	35	6.56E-02	1.00E+00	1.00E+00	3.25E+00	9.24E-01	3	130	1.97E-02	2.31E-02	chr13_69770884_69771496,chr4_132269780_132270306,chr7_19355987_19356721	Cd3eap,Med10,Taf12
GO Cellular Component	GO:0005891	voltage-gated calcium channel complex	40	5.05E-02	1.00E+00	1.00E+00	5.58E+00	3.58E-01	2	3.66E-03	2.04E-02	11	2.56E-02	1.00E+00	1.00E+00	8.04E+00	2.49E-01	2	35	1.32E-02	5.71E-02	chr6_118758397_118758711,chr8_84660555_84662042	Cacna1a,Cacna1c
GO Cellular Component	GO:0030880	RNA polymerase complex	41	5.09E-02	1.00E+00	1.00E+00	3.62E+00	8.29E-01	3	8.46E-03	3.06E-02	36	6.80E-02	1.00E+00	1.00E+00	3.20E+00	9.38E-01	3	132	1.97E-02	2.27E-02	chr13_69770884_69771496,chr4_132269780_132270306,chr7_19355987_19356721	Cd3eap,Med10,Taf12
GO Cellular Component	GO:0005813	centrosome	42	5.09E-02	1.00E+00	1.00E+00	2.09E+00	3.35E+00	7	3.41E-02	7.14E-02	81	1.62E-01	1.00E+00	1.00E+00	1.64E+00	3.67E+00	6	516	3.95E-02	1.16E-02	chr13_40727364_40730800,chr2_75703196_75704248,chr5_111006204_111007025,chr6_118758397_118758711,chr7_100372146_100372354,chr8_26117824_26118019,chr8_26118257_26118822	Ankrd26,C2cd3,Hook3,Nfe2l2,Tfap2a,Ttc28
GO Cellular Component	GO:0044613	nuclear pore central transport channel	43	5.47E-02	1.00E+00	1.00E+00	1.78E+01	5.63E-02	1	5.74E-04	1.02E-02	24	4.19E-02	1.00E+00	1.00E+00	2.35E+01	4.26E-02	1	6	6.58E-03	1.67E-01	chr7_116032327_116033153	Gm4353
GO Cellular Component	GO:0043186	P granule	44	5.50E-02	1.00E+00	1.00E+00	1.77E+01	5.65E-02	1	5.77E-04	1.02E-02	69	1.27E-01	1.00E+00	1.00E+00	7.41E+00	1.35E-01	1	19	6.58E-03	5.26E-02	chr6_86372003_86372198	Snrpg
GO Cellular Component	GO:0000124	SAGA complex	45	5.93E-02	1.00E+00	1.00E+00	1.64E+01	6.11E-02	1	6.23E-04	1.02E-02	40	7.54E-02	1.00E+00	1.00E+00	1.28E+01	7.81E-02	1	11	6.58E-03	9.09E-02	chr4_132269780_132270306	Taf12
GO Cellular Component	GO:0005687	U4 snRNP	46	6.29E-02	1.00E+00	1.00E+00	1.54E+01	6.49E-02	1	6.62E-04	1.02E-02	40	7.54E-02	1.00E+00	1.00E+00	1.28E+01	7.81E-02	1	11	6.58E-03	9.09E-02	chr6_86372003_86372198	Snrpg
GO Cellular Component	GO:0044615	nuclear pore nuclear basket	47	6.33E-02	1.00E+00	1.00E+00	1.53E+01	6.53E-02	1	6.67E-04	1.02E-02	27	4.87E-02	1.00E+00	1.00E+00	2.01E+01	4.97E-02	1	7	6.58E-03	1.43E-01	chr7_116032327_116033153	Gm4353
GO Cellular Component	GO:0070847	core mediator complex	48	6.39E-02	1.00E+00	1.00E+00	1.52E+01	6.60E-02	1	6.73E-04	1.02E-02	24	4.19E-02	1.00E+00	1.00E+00	2.35E+01	4.26E-02	1	6	6.58E-03	1.67E-01	chr13_69770884_69771496	Med10
GO Cellular Component	GO:0033276	transcription factor TFTC complex	49	6.64E-02	1.00E+00	1.00E+00	1.46E+01	6.87E-02	1	7.01E-04	1.02E-02	59	1.01E-01	1.00E+00	1.00E+00	9.38E+00	1.07E-01	1	15	6.58E-03	6.67E-02	chr4_132269780_132270306	Taf12
GO Cellular Component	GO:0005901	caveola	50	6.83E-02	1.00E+00	1.00E+00	3.20E+00	9.37E-01	3	9.56E-03	3.06E-02	66	1.15E-01	1.00E+00	1.00E+00	3.43E+00	5.83E-01	2	82	1.32E-02	2.44E-02	chr13_63563733_63564766,chr13_63566316_63566849,chr6_118758397_118758711	Cacna1c,Ptch1
GO Cellular Component	GO:0030426	growth cone	51	7.07E-02	1.00E+00	1.00E+00	2.27E+00	2.20E+00	5	2.25E-02	5.10E-02	15	3.09E-02	1.00E+00	1.00E+00	3.39E+00	1.18E+00	4	166	2.63E-02	2.41E-02	chr13_63563733_63564766,chr13_63566316_63566849,chr19_42280099_42280665,chr2_174428666_174429601,chr6_60830285_60830625	Crtac1,Ctsz,Ptch1,Snca
GO Cellular Component	GO:0017053	transcriptional repressor complex	52	7.12E-02	1.00E+00	1.00E+00	3.14E+00	9.54E-01	3	9.74E-03	3.06E-02	10	2.41E-02	1.00E+00	1.00E+00	4.85E+00	6.18E-01	3	87	1.97E-02	3.45E-02	chr11_120186364_120189507,chr11_69919322_69920053,chr5_142815895_142816475	Bahcc1,Gps2,Tnrc18
GO Cellular Component	GO:0030427	site of polarized growth	53	7.55E-02	1.00E+00	1.00E+00	2.22E+00	2.25E+00	5	2.29E-02	5.10E-02	16	3.39E-02	1.00E+00	1.00E+00	3.29E+00	1.21E+00	4	171	2.63E-02	2.34E-02	chr13_63563733_63564766,chr13_63566316_63566849,chr19_42280099_42280665,chr2_174428666_174429601,chr6_60830285_60830625	Crtac1,Ctsz,Ptch1,Snca
GO Cellular Component	GO:0005643	nuclear pore	54	7.99E-02	1.00E+00	1.00E+00	4.29E+00	4.67E-01	2	4.76E-03	2.04E-02	44	8.01E-02	1.00E+00	1.00E+00	4.27E+00	4.69E-01	2	66	1.32E-02	3.03E-02	chr11_69919322_69920053,chr7_116032327_116033153	Eif5a,Gm4353
GO Cellular Component	GO:0034719	SMN-Sm protein complex	55	8.01E-02	1.00E+00	1.00E+00	1.20E+01	8.34E-02	1	8.51E-04	1.02E-02	62	1.14E-01	1.00E+00	1.00E+00	8.28E+00	1.21E-01	1	17	6.58E-03	5.88E-02	chr6_86372003_86372198	Snrpg
GO Cellular Component	GO:0032280	symmetric synapse	56	8.07E-02	1.00E+00	1.00E+00	1.19E+01	8.41E-02	1	8.58E-04	1.02E-02	12	2.81E-02	1.00E+00	1.00E+00	3.52E+01	2.84E-02	1	4	6.58E-03	2.50E-01	chr6_36388037_36388580	Chrm2
GO Cellular Component	GO:1990454	L-type voltage-gated calcium channel complex	57	8.11E-02	1.00E+00	1.00E+00	1.18E+01	8.46E-02	1	8.63E-04	1.02E-02	24	4.19E-02	1.00E+00	1.00E+00	2.35E+01	4.26E-02	1	6	6.58E-03	1.67E-01	chr6_118758397_118758711	Cacna1c
GO Cellular Component	GO:0099023	tethering complex	58	8.14E-02	1.00E+00	1.00E+00	4.24E+00	4.72E-01	2	4.81E-03	2.04E-02	146	3.85E-01	1.00E+00	1.00E+00	2.07E+00	4.83E-01	1	68	6.58E-03	1.47E-02	chr8_26117824_26118019,chr8_26118257_26118822	Hook3
GO Cellular Component	GO:0017059	serine C-palmitoyltransferase complex	59	8.28E-02	1.00E+00	1.00E+00	1.16E+01	8.64E-02	1	8.82E-04	1.02E-02	33	6.22E-02	1.00E+00	1.00E+00	1.56E+01	6.39E-02	1	9	6.58E-03	1.11E-01	chr13_53471407_53472168	Sptlc1
GO Cellular Component	GO:0043240	Fanconi anaemia nuclear complex	60	8.35E-02	1.00E+00	1.00E+00	1.15E+01	8.72E-02	1	8.89E-04	1.02E-02	53	9.50E-02	1.00E+00	1.00E+00	1.01E+01	9.95E-02	1	14	6.58E-03	7.14E-02	chr13_63563733_63564766	Fancc
GO Cellular Component	GO:0071004	U2-type prespliceosome	61	8.44E-02	1.00E+00	1.00E+00	1.13E+01	8.82E-02	1	9.00E-04	1.02E-02	62	1.14E-01	1.00E+00	1.00E+00	8.28E+00	1.21E-01	1	17	6.58E-03	5.88E-02	chr6_86372003_86372198	Snrpg
GO Cellular Component	GO:0071564	npBAF complex	62	8.56E-02	1.00E+00	1.00E+00	1.12E+01	8.95E-02	1	9.13E-04	1.02E-02	45	8.20E-02	1.00E+00	1.00E+00	1.17E+01	8.53E-02	1	12	6.58E-03	8.33E-02	chr4_133755923_133757903	Arid1a
GO Cellular Component	GO:0071011	precatalytic spliceosome	63	9.26E-02	1.00E+00	1.00E+00	1.03E+01	9.71E-02	1	9.91E-04	1.02E-02	88	1.87E-01	1.00E+00	1.00E+00	4.85E+00	2.06E-01	1	29	6.58E-03	3.45E-02	chr6_86372003_86372198	Snrpg
GO Cellular Component	GO:0044853	plasma membrane raft	64	9.42E-02	1.00E+00	1.00E+00	2.78E+00	1.08E+00	3	1.10E-02	3.06E-02	80	1.59E-01	1.00E+00	1.00E+00	2.82E+00	7.10E-01	2	100	1.32E-02	2.00E-02	chr13_63563733_63564766,chr13_63566316_63566849,chr6_118758397_118758711	Cacna1c,Ptch1
GO Cellular Component	GO:0042175	nuclear outer membrane-endoplasmic reticulum membrane network	65	9.52E-02	1.00E+00	1.00E+00	1.60E+00	6.25E+00	10	6.38E-02	1.02E-01	122	3.07E-01	1.00E+00	1.00E+00	1.25E+00	6.38E+00	8	898	5.26E-02	8.91E-03	chr11_103697567_103698192,chr11_69919322_69920053,chr12_16589553_16589895,chr12_16590033_16592004,chr13_53471407_53472168,chr16_5254419_5255117,chr19_7421912_7423664,chr6_60830285_60830625,chr8_26117824_26118019,chr8_26118257_26118822	Alg1,Eif5a,Gosr2,Lpin1,Rnf170,Rtn3,Snca,Sptlc1
GO Cellular Component	GO:0000932	P-body	66	9.55E-02	1.00E+00	1.00E+00	3.86E+00	5.19E-01	2	5.29E-03	2.04E-02	61	1.09E-01	1.00E+00	1.00E+00	3.56E+00	5.61E-01	2	79	1.32E-02	2.53E-02	chr4_134019055_134020274,chr7_82869018_82869904	Lin28a,Mex3b
GO Cellular Component	GO:0005686	U2 snRNP	67	9.55E-02	1.00E+00	1.00E+00	9.97E+00	1.00E-01	1	1.02E-03	1.02E-02	71	1.33E-01	1.00E+00	1.00E+00	7.04E+00	1.42E-01	1	20	6.58E-03	5.00E-02	chr6_86372003_86372198	Snrpg
GO Cellular Component	GO:0005689	U12-type spliceosomal complex	68	9.81E-02	1.00E+00	1.00E+00	9.69E+00	1.03E-01	1	1.05E-03	1.02E-02	83	1.69E-01	1.00E+00	1.00E+00	5.41E+00	1.85E-01	1	26	6.58E-03	3.85E-02	chr6_86372003_86372198	Snrpg
GO Cellular Component	GO:0045095	keratin filament	69	9.88E-02	1.00E+00	1.00E+00	9.62E+00	1.04E-01	1	1.06E-03	1.02E-02	193	5.54E-01	1.00E+00	1.00E+00	1.25E+00	8.03E-01	1	113	6.58E-03	8.85E-03	chr11_100206147_100206767	Krt14
GO Cellular Component	GO:0005682	U5 snRNP	70	1.01E-01	1.00E+00	1.00E+00	9.43E+00	1.06E-01	1	1.08E-03	1.02E-02	74	1.39E-01	1.00E+00	1.00E+00	6.70E+00	1.49E-01	1	21	6.58E-03	4.76E-02	chr6_86372003_86372198	Snrpg
GO Cellular Component	GO:0071010	prespliceosome	71	1.01E-01	1.00E+00	1.00E+00	9.42E+00	1.06E-01	1	1.08E-03	1.02E-02	76	1.45E-01	1.00E+00	1.00E+00	6.40E+00	1.56E-01	1	22	6.58E-03	4.55E-02	chr6_86372003_86372198	Snrpg
GO Cellular Component	GO:0016234	inclusion body	72	1.03E-01	1.00E+00	1.00E+00	3.70E+00	5.41E-01	2	5.52E-03	2.04E-02	58	9.95E-02	1.00E+00	1.00E+00	3.75E+00	5.33E-01	2	75	1.32E-02	2.67E-02	chr15_102982607_102983365,chr6_60830285_60830625	Hoxc9,Snca
GO Cellular Component	GO:0016580	Sin3 complex	73	1.05E-01	1.00E+00	1.00E+00	9.05E+00	1.10E-01	1	1.13E-03	1.02E-02	53	9.50E-02	1.00E+00	1.00E+00	1.01E+01	9.95E-02	1	14	6.58E-03	7.14E-02	chr6_148944839_148945663	Fam60a
GO Cellular Component	GO:0030687	preribosome, large subunit precursor	74	1.06E-01	1.00E+00	1.00E+00	8.97E+00	1.11E-01	1	1.14E-03	1.02E-02	83	1.69E-01	1.00E+00	1.00E+00	5.41E+00	1.85E-01	1	26	6.58E-03	3.85E-02	chr10_78414857_78415065	Rrp1
GO Cellular Component	GO:0070461	SAGA-type complex	75	1.07E-01	1.00E+00	1.00E+00	8.88E+00	1.13E-01	1	1.15E-03	1.02E-02	83	1.69E-01	1.00E+00	1.00E+00	5.41E+00	1.85E-01	1	26	6.58E-03	3.85E-02	chr4_132269780_132270306	Taf12
GO Cellular Component	GO:0044450	microtubule organizing center part	76	1.10E-01	1.00E+00	1.00E+00	2.60E+00	1.15E+00	3	1.18E-02	3.06E-02	127	3.23E-01	1.00E+00	1.00E+00	1.73E+00	1.16E+00	2	163	1.32E-02	1.23E-02	chr7_100372146_100372354,chr8_26117824_26118019,chr8_26118257_26118822	C2cd3,Hook3
GO Cellular Component	GO:0005685	U1 snRNP	77	1.11E-01	1.00E+00	1.00E+00	8.53E+00	1.17E-01	1	1.20E-03	1.02E-02	74	1.39E-01	1.00E+00	1.00E+00	6.70E+00	1.49E-01	1	21	6.58E-03	4.76E-02	chr6_86372003_86372198	Snrpg
GO Cellular Component	GO:0034704	calcium channel complex	78	1.16E-01	1.00E+00	1.00E+00	3.42E+00	5.84E-01	2	5.96E-03	2.04E-02	32	5.64E-02	1.00E+00	1.00E+00	5.21E+00	3.84E-01	2	54	1.32E-02	3.70E-02	chr6_118758397_118758711,chr8_84660555_84662042	Cacna1a,Cacna1c
GO Cellular Component	GO:0016514	SWI/SNF complex	79	1.24E-01	1.00E+00	1.00E+00	7.56E+00	1.32E-01	1	1.35E-03	1.02E-02	47	8.85E-02	1.00E+00	1.00E+00	1.08E+01	9.24E-02	1	13	6.58E-03	7.69E-02	chr4_133755923_133757903	Arid1a
GO Cellular Component	GO:0070822	Sin3-type complex	80	1.27E-01	1.00E+00	1.00E+00	7.40E+00	1.35E-01	1	1.38E-03	1.02E-02	62	1.14E-01	1.00E+00	1.00E+00	8.28E+00	1.21E-01	1	17	6.58E-03	5.88E-02	chr6_148944839_148945663	Fam60a
GO Cellular Component	GO:1990023	mitotic spindle midzone	81	1.32E-01	1.00E+00	1.00E+00	7.09E+00	1.41E-01	1	1.44E-03	1.02E-02	47	8.85E-02	1.00E+00	1.00E+00	1.08E+01	9.24E-02	1	13	6.58E-03	7.69E-02	chr5_111006204_111007025	Ttc28
GO Cellular Component	GO:0031258	lamellipodium membrane	82	1.34E-01	1.00E+00	1.00E+00	6.93E+00	1.44E-01	1	1.47E-03	1.02E-02	78	1.51E-01	1.00E+00	1.00E+00	6.12E+00	1.63E-01	1	23	6.58E-03	4.35E-02	chr4_141326801_141327760	Epha2
GO Cellular Component	GO:0005751	mitochondrial respiratory chain complex IV	83	1.35E-01	1.00E+00	1.00E+00	6.92E+00	1.45E-01	1	1.48E-03	1.02E-02	62	1.14E-01	1.00E+00	1.00E+00	8.28E+00	1.21E-01	1	17	6.58E-03	5.88E-02	chr7_140901650_140902605	Cox8b
GO Cellular Component	GO:0031091	platelet alpha granule	84	1.36E-01	1.00E+00	1.00E+00	6.86E+00	1.46E-01	1	1.49E-03	1.02E-02	60	1.08E-01	1.00E+00	1.00E+00	8.80E+00	1.14E-01	1	16	6.58E-03	6.25E-02	chr6_60830285_60830625	Snca
GO Cellular Component	GO:0031968	organelle outer membrane	85	1.42E-01	1.00E+00	1.00E+00	2.31E+00	1.30E+00	3	1.33E-02	3.06E-02	145	3.84E-01	1.00E+00	1.00E+00	1.51E+00	1.33E+00	2	187	1.32E-02	1.07E-02	chr12_16589553_16589895,chr12_16590033_16592004,chr6_60830285_60830625	Lpin1,Snca
GO Cellular Component	GO:0005789	endoplasmic reticulum membrane	86	1.47E-01	1.00E+00	1.00E+00	1.50E+00	6.00E+00	9	6.13E-02	9.18E-02	161	4.33E-01	1.00E+00	1.00E+00	1.12E+00	6.24E+00	7	878	4.61E-02	7.97E-03	chr11_103697567_103698192,chr11_69919322_69920053,chr12_16589553_16589895,chr12_16590033_16592004,chr13_53471407_53472168,chr16_5254419_5255117,chr19_7421912_7423664,chr8_26117824_26118019,chr8_26118257_26118822	Alg1,Eif5a,Gosr2,Lpin1,Rnf170,Rtn3,Sptlc1
GO Cellular Component	GO:0016591	DNA-directed RNA polymerase II, holoenzyme	87	1.50E-01	1.00E+00	1.00E+00	2.93E+00	6.83E-01	2	6.97E-03	2.04E-02	86	1.71E-01	1.00E+00	1.00E+00	2.68E+00	7.46E-01	2	105	1.32E-02	1.90E-02	chr13_69770884_69771496,chr4_132269780_132270306	Med10,Taf12
GO Cellular Component	GO:0097526	spliceosomal tri-snRNP complex	88	1.50E-01	1.00E+00	1.00E+00	6.17E+00	1.62E-01	1	1.65E-03	1.02E-02	90	1.98E-01	1.00E+00	1.00E+00	4.54E+00	2.20E-01	1	31	6.58E-03	3.23E-02	chr6_86372003_86372198	Snrpg
GO Cellular Component	GO:0045277	respiratory chain complex IV	89	1.53E-01	1.00E+00	1.00E+00	6.04E+00	1.66E-01	1	1.69E-03	1.02E-02	71	1.33E-01	1.00E+00	1.00E+00	7.04E+00	1.42E-01	1	20	6.58E-03	5.00E-02	chr7_140901650_140902605	Cox8b
GO Cellular Component	GO:0012507	ER to Golgi transport vesicle membrane	90	1.54E-01	1.00E+00	1.00E+00	5.98E+00	1.67E-01	1	1.71E-03	1.02E-02	82	1.63E-01	1.00E+00	1.00E+00	5.63E+00	1.78E-01	1	25	6.58E-03	4.00E-02	chr11_103697567_103698192	Gosr2
GO Cellular Component	GO:0071565	nBAF complex	91	1.56E-01	1.00E+00	1.00E+00	5.89E+00	1.70E-01	1	1.73E-03	1.02E-02	53	9.50E-02	1.00E+00	1.00E+00	1.01E+01	9.95E-02	1	14	6.58E-03	7.14E-02	chr4_133755923_133757903	Arid1a
GO Cellular Component	GO:0005773	vacuole	92	1.65E-01	1.00E+00	1.00E+00	1.63E+00	3.69E+00	6	3.77E-02	6.12E-02	151	3.96E-01	1.00E+00	1.00E+00	1.21E+00	4.13E+00	5	581	3.29E-02	8.61E-03	chr2_174428666_174429601,chr4_139309793_139310553,chr5_100067158_100068139,chr7_38184529_38185013,chr7_38197297_38198262,chr7_6706261_6706761	Ctsz,Peg3,Plekhf1,Pqlc2,Tmem150c
GO Cellular Component	GO:0090544	BAF-type complex	93	1.70E-01	1.00E+00	1.00E+00	5.38E+00	1.86E-01	1	1.90E-03	1.02E-02	67	1.20E-01	1.00E+00	1.00E+00	7.82E+00	1.28E-01	1	18	6.58E-03	5.56E-02	chr4_133755923_133757903	Arid1a
GO Cellular Component	GO:0005669	transcription factor TFIID complex	94	1.72E-01	1.00E+00	1.00E+00	5.29E+00	1.89E-01	1	1.93E-03	1.02E-02	97	2.27E-01	1.00E+00	1.00E+00	3.91E+00	2.56E-01	1	36	6.58E-03	2.78E-02	chr4_132269780_132270306	Taf12
GO Cellular Component	GO:0005743	mitochondrial inner membrane	95	1.75E-01	1.00E+00	1.00E+00	1.84E+00	2.18E+00	4	2.22E-02	4.08E-02	196	5.66E-01	1.00E+00	1.00E+00	1.02E+00	2.94E+00	3	414	1.97E-02	7.25E-03	chr10_80054157_80054700,chr10_80055087_80056206,chr5_135790394_135790983,chr7_140901650_140902605	Cox8b,Gpx4,Mdh2
GO Cellular Component	GO:0070069	cytochrome complex	96	1.79E-01	1.00E+00	1.00E+00	5.07E+00	1.97E-01	1	2.01E-03	1.02E-02	92	2.04E-01	1.00E+00	1.00E+00	4.40E+00	2.27E-01	1	32	6.58E-03	3.13E-02	chr7_140901650_140902605	Cox8b
GO Cellular Component	GO:0005641	nuclear envelope lumen	97	1.82E-01	1.00E+00	1.00E+00	4.97E+00	2.01E-01	1	2.05E-03	1.02E-02	47	8.85E-02	1.00E+00	1.00E+00	1.08E+01	9.24E-02	1	13	6.58E-03	7.69E-02	chr17_35836387_35836777	Tubb5
GO Cellular Component	GO:0005815	microtubule organizing center	98	1.90E-01	1.00E+00	1.00E+00	1.49E+00	4.70E+00	7	4.79E-02	7.14E-02	132	3.47E-01	1.00E+00	1.00E+00	1.25E+00	4.80E+00	6	675	3.95E-02	8.89E-03	chr13_40727364_40730800,chr2_75703196_75704248,chr5_111006204_111007025,chr6_118758397_118758711,chr7_100372146_100372354,chr8_26117824_26118019,chr8_26118257_26118822	Ankrd26,C2cd3,Hook3,Nfe2l2,Tfap2a,Ttc28
GO Cellular Component	GO:0005640	nuclear outer membrane	99	1.94E-01	1.00E+00	1.00E+00	4.65E+00	2.15E-01	1	2.19E-03	1.02E-02	78	1.51E-01	1.00E+00	1.00E+00	6.12E+00	1.63E-01	1	23	6.58E-03	4.35E-02	chr6_60830285_60830625	Snca
GO Cellular Component	GO:0097431	mitotic spindle pole	100	2.05E-01	1.00E+00	1.00E+00	4.36E+00	2.29E-01	1	2.34E-03	1.02E-02	87	1.75E-01	1.00E+00	1.00E+00	5.21E+00	1.92E-01	1	27	6.58E-03	3.70E-02	chr5_111006204_111007025	Ttc28
GO Cellular Component	GO:0005764	lysosome	101	2.08E-01	1.00E+00	1.00E+00	1.59E+00	3.15E+00	5	3.21E-02	5.10E-02	168	4.55E-01	1.00E+00	1.00E+00	1.16E+00	3.45E+00	4	486	2.63E-02	8.23E-03	chr2_174428666_174429601,chr4_139309793_139310553,chr5_100067158_100068139,chr7_38184529_38185013,chr7_38197297_38198262	Ctsz,Plekhf1,Pqlc2,Tmem150c
GO Cellular Component	GO:0015030	Cajal body	102	2.18E-01	1.00E+00	1.00E+00	4.08E+00	2.45E-01	1	2.50E-03	1.02E-02	119	3.05E-01	1.00E+00	1.00E+00	2.76E+00	3.62E-01	1	51	6.58E-03	1.96E-02	chr11_101658299_101659257	Rdm1
GO Cellular Component	GO:0005667	transcription factor complex	103	2.19E-01	1.00E+00	1.00E+00	1.48E+00	4.05E+00	6	4.13E-02	6.12E-02	68	1.25E-01	1.00E+00	1.00E+00	1.90E+00	2.64E+00	5	371	3.29E-02	1.35E-02	chr12_16589553_16589895,chr12_16590033_16592004,chr13_40727364_40730800,chr13_69770884_69771496,chr4_132269780_132270306,chr7_116032327_116033153	Lpin1,Med10,Sox6,Taf12,Tfap2a
GO Cellular Component	GO:0030134	ER to Golgi transport vesicle	104	2.25E-01	1.00E+00	1.00E+00	3.93E+00	2.55E-01	1	2.60E-03	1.02E-02	102	2.38E-01	1.00E+00	1.00E+00	3.70E+00	2.70E-01	1	38	6.58E-03	2.63E-02	chr11_103697567_103698192	Gosr2
GO Cellular Component	GO:0019866	organelle inner membrane	105	2.31E-01	1.00E+00	1.00E+00	1.63E+00	2.45E+00	4	2.50E-02	4.08E-02	215	6.48E-01	1.00E+00	1.00E+00	9.04E-01	3.32E+00	3	467	1.97E-02	6.42E-03	chr10_80054157_80054700,chr10_80055087_80056206,chr5_135790394_135790983,chr7_140901650_140902605	Cox8b,Gpx4,Mdh2
GO Cellular Component	GO:0051233	spindle midzone	106	2.38E-01	1.00E+00	1.00E+00	3.69E+00	2.71E-01	1	2.76E-03	1.02E-02	92	2.04E-01	1.00E+00	1.00E+00	4.40E+00	2.27E-01	1	32	6.58E-03	3.13E-02	chr5_111006204_111007025	Ttc28
GO Cellular Component	GO:0097525	spliceosomal snRNP complex	107	2.39E-01	1.00E+00	1.00E+00	3.67E+00	2.73E-01	1	2.78E-03	1.02E-02	138	3.62E-01	1.00E+00	1.00E+00	2.23E+00	4.48E-01	1	63	6.58E-03	1.59E-02	chr6_86372003_86372198	Snrpg
GO Cellular Component	GO:0032592	integral component of mitochondrial membrane	108	2.44E-01	1.00E+00	1.00E+00	3.58E+00	2.79E-01	1	2.85E-03	1.02E-02	138	3.62E-01	1.00E+00	1.00E+00	2.23E+00	4.48E-01	1	63	6.58E-03	1.59E-02	chr6_121069244_121070033	Bid
GO Cellular Component	GO:0005684	U2-type spliceosomal complex	109	2.44E-01	1.00E+00	1.00E+00	3.58E+00	2.79E-01	1	2.85E-03	1.02E-02	106	2.54E-01	1.00E+00	1.00E+00	3.43E+00	2.91E-01	1	41	6.58E-03	2.44E-02	chr6_86372003_86372198	Snrpg
GO Cellular Component	GO:0031301	integral component of organelle membrane	110	2.45E-01	1.00E+00	1.00E+00	2.11E+00	9.49E-01	2	9.68E-03	2.04E-02	127	3.23E-01	1.00E+00	1.00E+00	1.73E+00	1.16E+00	2	163	1.32E-02	1.23E-02	chr4_139309793_139310553,chr6_121069244_121070033	Bid,Pqlc2
GO Cellular Component	GO:0098573	intrinsic component of mitochondrial membrane	111	2.46E-01	1.00E+00	1.00E+00	3.54E+00	2.82E-01	1	2.88E-03	1.02E-02	140	3.71E-01	1.00E+00	1.00E+00	2.17E+00	4.62E-01	1	65	6.58E-03	1.54E-02	chr6_121069244_121070033	Bid
GO Cellular Component	GO:0016592	mediator complex	112	2.48E-01	1.00E+00	1.00E+00	3.51E+00	2.85E-01	1	2.90E-03	1.02E-02	97	2.27E-01	1.00E+00	1.00E+00	3.91E+00	2.56E-01	1	36	6.58E-03	2.78E-02	chr13_69770884_69771496	Med10
GO Cellular Component	GO:0032279	asymmetric synapse	113	2.52E-01	1.00E+00	1.00E+00	1.48E+00	3.39E+00	5	3.46E-02	5.10E-02	38	7.31E-02	1.00E+00	1.00E+00	2.55E+00	1.57E+00	4	221	2.63E-02	1.81E-02	chr13_63563733_63564766,chr13_63566316_63566849,chr19_57119757_57120427,chr6_118758397_118758711,chr6_36388037_36388580	Ablim1,Cacna1c,Chrm2,Ptch1
GO Cellular Component	GO:0016235	aggresome	114	2.53E-01	1.00E+00	1.00E+00	3.44E+00	2.91E-01	1	2.97E-03	1.02E-02	97	2.27E-01	1.00E+00	1.00E+00	3.91E+00	2.56E-01	1	36	6.58E-03	2.78E-02	chr15_102982607_102983365	Hoxc9
GO Cellular Component	GO:0010494	cytoplasmic stress granule	115	2.54E-01	1.00E+00	1.00E+00	3.42E+00	2.92E-01	1	2.98E-03	1.02E-02	111	2.70E-01	1.00E+00	1.00E+00	3.20E+00	3.13E-01	1	44	6.58E-03	2.27E-02	chr4_134019055_134020274	Lin28a
GO Cellular Component	GO:0098589	membrane region	116	2.56E-01	1.00E+00	1.00E+00	1.47E+00	3.41E+00	5	3.48E-02	5.10E-02	114	2.88E-01	1.00E+00	1.00E+00	1.47E+00	2.71E+00	4	382	2.63E-02	1.05E-02	chr11_69919322_69920053,chr13_63563733_63564766,chr13_63566316_63566849,chr17_35836387_35836777,chr6_118758397_118758711	Cacna1c,Eif5a,Ptch1,Tubb5
GO Cellular Component	GO:0098984	neuron to neuron synapse	117	2.58E-01	1.00E+00	1.00E+00	1.46E+00	3.42E+00	5	3.49E-02	5.10E-02	39	7.50E-02	1.00E+00	1.00E+00	2.52E+00	1.58E+00	4	223	2.63E-02	1.79E-02	chr13_63563733_63564766,chr13_63566316_63566849,chr19_57119757_57120427,chr6_118758397_118758711,chr6_36388037_36388580	Ablim1,Cacna1c,Chrm2,Ptch1
GO Cellular Component	GO:0031300	intrinsic component of organelle membrane	118	2.63E-01	1.00E+00	1.00E+00	2.01E+00	9.96E-01	2	1.02E-02	2.04E-02	134	3.54E-01	1.00E+00	1.00E+00	1.61E+00	1.24E+00	2	175	1.32E-02	1.14E-02	chr4_139309793_139310553,chr6_121069244_121070033	Bid,Pqlc2
GO Cellular Component	GO:0030532	small nuclear ribonucleoprotein complex	119	2.65E-01	1.00E+00	1.00E+00	3.25E+00	3.08E-01	1	3.14E-03	1.02E-02	147	3.89E-01	1.00E+00	1.00E+00	2.04E+00	4.90E-01	1	69	6.58E-03	1.45E-02	chr6_86372003_86372198	Snrpg
GO Cellular Component	GO:0099738	cell cortex region	120	2.69E-01	1.00E+00	1.00E+00	3.19E+00	3.13E-01	1	3.20E-03	1.02E-02	92	2.04E-01	1.00E+00	1.00E+00	4.40E+00	2.27E-01	1	32	6.58E-03	3.13E-02	chr2_174428666_174429601	Ctsz
GO Cellular Component	GO:0044455	mitochondrial membrane part	121	2.77E-01	1.00E+00	1.00E+00	1.93E+00	1.03E+00	2	1.05E-02	2.04E-02	157	4.19E-01	1.00E+00	1.00E+00	1.40E+00	1.43E+00	2	201	1.32E-02	9.95E-03	chr6_121069244_121070033,chr7_140901650_140902605	Bid,Cox8b
GO Cellular Component	GO:0031201	SNARE complex	122	2.86E-01	1.00E+00	1.00E+00	2.97E+00	3.37E-01	1	3.44E-03	1.02E-02	117	2.95E-01	1.00E+00	1.00E+00	2.87E+00	3.48E-01	1	49	6.58E-03	2.04E-02	chr11_103697567_103698192	Gosr2
GO Cellular Component	GO:0030684	preribosome	123	2.88E-01	1.00E+00	1.00E+00	2.94E+00	3.40E-01	1	3.47E-03	1.02E-02	158	4.23E-01	1.00E+00	1.00E+00	1.83E+00	5.47E-01	1	77	6.58E-03	1.30E-02	chr10_78414857_78415065	Rrp1
GO Cellular Component	GO:0005741	mitochondrial outer membrane	124	2.91E-01	1.00E+00	1.00E+00	1.86E+00	1.07E+00	2	1.10E-02	2.04E-02	229	6.93E-01	1.00E+00	1.00E+00	8.53E-01	1.17E+00	1	165	6.58E-03	6.06E-03	chr12_16589553_16589895,chr12_16590033_16592004	Lpin1
GO Cellular Component	GO:0061695	transferase complex, transferring phosphorus-containing groups	125	2.97E-01	1.00E+00	1.00E+00	1.57E+00	1.90E+00	3	1.94E-02	3.06E-02	116	2.91E-01	1.00E+00	1.00E+00	1.59E+00	1.88E+00	3	265	1.97E-02	1.13E-02	chr13_69770884_69771496,chr4_132269780_132270306,chr7_19355987_19356721	Cd3eap,Med10,Taf12
GO Cellular Component	GO:0090575	RNA polymerase II transcription factor complex	126	3.04E-01	1.00E+00	1.00E+00	1.80E+00	1.11E+00	2	1.13E-02	2.04E-02	105	2.49E-01	1.00E+00	1.00E+00	2.09E+00	9.59E-01	2	135	1.32E-02	1.48E-02	chr13_69770884_69771496,chr4_132269780_132270306	Med10,Taf12
GO Cellular Component	GO:0098803	respiratory chain complex	127	3.18E-01	1.00E+00	1.00E+00	2.62E+00	3.82E-01	1	3.89E-03	1.02E-02	160	4.31E-01	1.00E+00	1.00E+00	1.78E+00	5.61E-01	1	79	6.58E-03	1.27E-02	chr7_140901650_140902605	Cox8b
GO Cellular Component	GO:0016607	nuclear speck	128	3.23E-01	1.00E+00	1.00E+00	1.39E+00	2.87E+00	4	2.93E-02	4.08E-02	180	4.87E-01	1.00E+00	1.00E+00	1.15E+00	2.61E+00	3	368	1.97E-02	8.15E-03	chr11_96352608_96353722,chr13_53471407_53472168,chr13_53472662_53473247,chr8_124946584_124947555	Hoxb2,Msx2,Sprtn
GO Cellular Component	GO:0044297	cell body	129	3.25E-01	1.00E+00	1.00E+00	1.25E+00	5.58E+00	7	5.70E-02	7.14E-02	43	7.57E-02	1.00E+00	1.00E+00	1.91E+00	3.67E+00	7	516	4.61E-02	1.36E-02	chr11_69919322_69920053,chr17_35836387_35836777,chr5_134313576_134314029,chr6_118758397_118758711,chr6_36388037_36388580,chr6_60830285_60830625,chr8_84660555_84662042	Cacna1a,Cacna1c,Chrm2,Eif5a,Gtf2i,Snca,Tubb5
GO Cellular Component	GO:0000785	chromatin	130	3.26E-01	1.00E+00	1.00E+00	1.33E+00	3.77E+00	5	3.85E-02	5.10E-02	124	3.11E-01	1.00E+00	1.00E+00	1.35E+00	3.69E+00	5	520	3.29E-02	9.62E-03	chr11_120186364_120189507,chr2_75703196_75704248,chr4_133755923_133757903,chr5_142815895_142816475,chr6_148944839_148945663	Arid1a,Bahcc1,Fam60a,Nfe2l2,Tnrc18
GO Cellular Component	GO:0005746	mitochondrial respiratory chain	131	3.27E-01	1.00E+00	1.00E+00	2.53E+00	3.95E-01	1	4.03E-03	1.02E-02	162	4.35E-01	1.00E+00	1.00E+00	1.76E+00	5.68E-01	1	80	6.58E-03	1.25E-02	chr7_140901650_140902605	Cox8b
GO Cellular Component	GO:0008023	transcription elongation factor complex	132	3.27E-01	1.00E+00	1.00E+00	2.53E+00	3.96E-01	1	4.04E-03	1.02E-02	123	3.10E-01	1.00E+00	1.00E+00	2.71E+00	3.69E-01	1	52	6.58E-03	1.92E-02	chr2_174428666_174429601	Nelfcd
GO Cellular Component	GO:0045121	membrane raft	133	3.31E-01	1.00E+00	1.00E+00	1.38E+00	2.91E+00	4	2.97E-02	4.08E-02	142	3.75E-01	1.00E+00	1.00E+00	1.37E+00	2.19E+00	3	308	1.97E-02	9.74E-03	chr13_63563733_63564766,chr13_63566316_63566849,chr17_35836387_35836777,chr6_118758397_118758711	Cacna1c,Ptch1,Tubb5
GO Cellular Component	GO:0005844	polysome	134	3.32E-01	1.00E+00	1.00E+00	2.49E+00	4.02E-01	1	4.11E-03	1.02E-02	119	3.05E-01	1.00E+00	1.00E+00	2.76E+00	3.62E-01	1	51	6.58E-03	1.96E-02	chr4_134019055_134020274	Lin28a
GO Cellular Component	GO:0070469	respiratory chain	135	3.40E-01	1.00E+00	1.00E+00	2.41E+00	4.15E-01	1	4.23E-03	1.02E-02	173	4.71E-01	1.00E+00	1.00E+00	1.58E+00	6.32E-01	1	89	6.58E-03	1.12E-02	chr7_140901650_140902605	Cox8b
GO Cellular Component	GO:0046658	anchored component of plasma membrane	136	3.43E-01	1.00E+00	1.00E+00	2.39E+00	4.19E-01	1	4.27E-03	1.02E-02	115	2.90E-01	1.00E+00	1.00E+00	2.93E+00	3.41E-01	1	48	6.58E-03	2.08E-02	chr3_89280734_89281464	Efna1
GO Cellular Component	GO:0045178	basal part of cell	137	3.59E-01	1.00E+00	1.00E+00	2.25E+00	4.44E-01	1	4.53E-03	1.02E-02	119	3.05E-01	1.00E+00	1.00E+00	2.76E+00	3.62E-01	1	51	6.58E-03	1.96E-02	chr11_100206147_100206767	Krt14
GO Cellular Component	GO:0043025	neuronal cell body	138	3.76E-01	1.00E+00	1.00E+00	1.21E+00	4.96E+00	6	5.06E-02	6.12E-02	57	9.66E-02	1.00E+00	1.00E+00	1.91E+00	3.15E+00	6	443	3.95E-02	1.35E-02	chr11_69919322_69920053,chr5_134313576_134314029,chr6_118758397_118758711,chr6_36388037_36388580,chr6_60830285_60830625,chr8_84660555_84662042	Cacna1a,Cacna1c,Chrm2,Eif5a,Gtf2i,Snca
GO Cellular Component	GO:0000123	histone acetyltransferase complex	139	3.77E-01	1.00E+00	1.00E+00	2.12E+00	4.71E-01	1	4.81E-03	1.02E-02	163	4.39E-01	1.00E+00	1.00E+00	1.74E+00	5.75E-01	1	81	6.58E-03	1.23E-02	chr4_132269780_132270306	Taf12
GO Cellular Component	GO:0070603	SWI/SNF superfamily-type complex	140	3.78E-01	1.00E+00	1.00E+00	2.11E+00	4.73E-01	1	4.83E-03	1.02E-02	144	3.80E-01	1.00E+00	1.00E+00	2.10E+00	4.76E-01	1	67	6.58E-03	1.49E-02	chr4_133755923_133757903	Arid1a
GO Cellular Component	GO:0001725	stress fiber	141	3.84E-01	1.00E+00	1.00E+00	2.07E+00	4.84E-01	1	4.94E-03	1.02E-02	140	3.71E-01	1.00E+00	1.00E+00	2.17E+00	4.62E-01	1	65	6.58E-03	1.54E-02	chr19_57119757_57120427	Ablim1
GO Cellular Component	GO:0071013	catalytic step 2 spliceosome	142	3.94E-01	1.00E+00	1.00E+00	2.00E+00	5.00E-01	1	5.10E-03	1.02E-02	188	5.18E-01	1.00E+00	1.00E+00	1.38E+00	7.25E-01	1	102	6.58E-03	9.80E-03	chr6_86372003_86372198	Snrpg
GO Cellular Component	GO:1905368	peptidase complex	143	3.96E-01	1.00E+00	1.00E+00	1.99E+00	5.02E-01	1	5.13E-03	1.02E-02	182	4.93E-01	1.00E+00	1.00E+00	1.48E+00	6.75E-01	1	95	6.58E-03	1.05E-02	chr4_132269780_132270306	Taf12
GO Cellular Component	GO:0034708	methyltransferase complex	144	3.98E-01	1.00E+00	1.00E+00	1.97E+00	5.07E-01	1	5.17E-03	1.02E-02	184	4.96E-01	1.00E+00	1.00E+00	1.47E+00	6.82E-01	1	96	6.58E-03	1.04E-02	chr6_86372003_86372198	Snrpg
GO Cellular Component	GO:0033267	axon part	145	4.00E-01	1.00E+00	1.00E+00	1.31E+00	2.28E+00	3	2.33E-02	3.06E-02	148	3.89E-01	1.00E+00	1.00E+00	1.49E+00	1.34E+00	2	189	1.32E-02	1.06E-02	chr13_63563733_63564766,chr13_63566316_63566849,chr6_60830285_60830625	Ptch1,Snca
GO Cellular Component	GO:0043198	dendritic shaft	146	4.13E-01	1.00E+00	1.00E+00	1.88E+00	5.32E-01	1	5.43E-03	1.02E-02	100	2.32E-01	1.00E+00	1.00E+00	3.80E+00	2.63E-01	1	37	6.58E-03	2.70E-02	chr6_118758397_118758711	Cacna1c
GO Cellular Component	GO:0043679	axon terminus	147	4.14E-01	1.00E+00	1.00E+00	1.42E+00	1.41E+00	2	1.44E-02	2.04E-02	95	2.05E-01	1.00E+00	1.00E+00	2.39E+00	8.38E-01	2	118	1.32E-02	1.69E-02	chr6_36388037_36388580,chr6_60830285_60830625	Chrm2,Snca
GO Cellular Component	GO:0031248	protein acetyltransferase complex	148	4.15E-01	1.00E+00	1.00E+00	1.87E+00	5.35E-01	1	5.46E-03	1.02E-02	179	4.85E-01	1.00E+00	1.00E+00	1.51E+00	6.61E-01	1	93	6.58E-03	1.08E-02	chr4_132269780_132270306	Taf12
GO Cellular Component	GO:0014069	postsynaptic density	149	4.16E-01	1.00E+00	1.00E+00	1.22E+00	3.28E+00	4	3.35E-02	4.08E-02	91	2.02E-01	1.00E+00	1.00E+00	1.94E+00	1.55E+00	3	218	1.97E-02	1.38E-02	chr13_63563733_63564766,chr13_63566316_63566849,chr19_57119757_57120427,chr6_118758397_118758711	Ablim1,Cacna1c,Ptch1
GO Cellular Component	GO:0005882	intermediate filament	150	4.17E-01	1.00E+00	1.00E+00	1.86E+00	5.38E-01	1	5.49E-03	1.02E-02	154	4.17E-01	1.00E+00	1.00E+00	1.41E+00	1.42E+00	2	200	1.32E-02	1.00E-02	chr11_100206147_100206767	Krt14,Krt9
GO Cellular Component	GO:0048471	perinuclear region of cytoplasm	151	4.20E-01	1.00E+00	1.00E+00	1.15E+00	5.20E+00	6	5.30E-02	6.12E-02	221	6.72E-01	1.00E+00	1.00E+00	8.78E-01	4.55E+00	4	641	2.63E-02	6.24E-03	chr13_40727364_40730800,chr13_63563733_63564766,chr13_63566316_63566849,chr6_60830285_60830625,chr7_38184529_38185013,chr7_38197297_38198262	Ofcc1,Plekhf1,Ptch1,Snca
GO Cellular Component	GO:0099572	postsynaptic specialization	152	4.20E-01	1.00E+00	1.00E+00	1.21E+00	3.30E+00	4	3.37E-02	4.08E-02	96	2.06E-01	1.00E+00	1.00E+00	1.92E+00	1.56E+00	3	220	1.97E-02	1.36E-02	chr13_63563733_63564766,chr13_63566316_63566849,chr19_57119757_57120427,chr6_118758397_118758711	Ablim1,Cacna1c,Ptch1
GO Cellular Component	GO:0016459	myosin complex	153	4.24E-01	1.00E+00	1.00E+00	1.82E+00	5.51E-01	1	5.62E-03	1.02E-02	149	3.93E-01	1.00E+00	1.00E+00	2.01E+00	4.97E-01	1	70	6.58E-03	1.43E-02	chr2_118544289_118545050	Bmf
GO Cellular Component	GO:0098796	membrane protein complex	154	4.26E-01	1.00E+00	1.00E+00	1.17E+00	4.28E+00	5	4.37E-02	5.10E-02	228	6.90E-01	1.00E+00	1.00E+00	8.57E-01	4.67E+00	4	657	2.63E-02	6.09E-03	chr11_103697567_103698192,chr6_118758397_118758711,chr7_140901650_140902605,chr8_26117824_26118019,chr8_26118257_26118822	Cacna1c,Cox8b,Gosr2,Hook3
GO Cellular Component	GO:0031970	organelle envelope lumen	155	4.28E-01	1.00E+00	1.00E+00	1.79E+00	5.58E-01	1	5.69E-03	1.02E-02	181	4.89E-01	1.00E+00	1.00E+00	1.50E+00	6.68E-01	1	94	6.58E-03	1.06E-02	chr17_35836387_35836777	Tubb5
GO Cellular Component	GO:0072562	blood microparticle	156	4.30E-01	1.00E+00	1.00E+00	1.78E+00	5.60E-01	1	5.72E-03	1.02E-02	190	5.38E-01	1.00E+00	1.00E+00	1.30E+00	7.67E-01	1	108	6.58E-03	9.26E-03	chr16_30066210_30067176	Cpn2
GO Cellular Component	GO:0005770	late endosome	157	4.31E-01	1.00E+00	1.00E+00	1.37E+00	1.46E+00	2	1.49E-02	2.04E-02	166	4.50E-01	1.00E+00	1.00E+00	1.32E+00	1.52E+00	2	214	1.32E-02	9.35E-03	chr11_103697567_103698192,chr5_99728733_99729813	Gosr2,Rasgef1b
GO Cellular Component	GO:0030662	coated vesicle membrane	158	4.34E-01	1.00E+00	1.00E+00	1.76E+00	5.68E-01	1	5.80E-03	1.02E-02	158	4.23E-01	1.00E+00	1.00E+00	1.83E+00	5.47E-01	1	77	6.58E-03	1.30E-02	chr11_103697567_103698192	Gosr2
GO Cellular Component	GO:0005765	lysosomal membrane	159	4.39E-01	1.00E+00	1.00E+00	1.35E+00	1.49E+00	2	1.52E-02	2.04E-02	194	5.56E-01	1.00E+00	1.00E+00	1.08E+00	1.85E+00	2	261	1.32E-02	7.66E-03	chr4_139309793_139310553,chr5_100067158_100068139	Pqlc2,Tmem150c
GO Cellular Component	GO:0005938	cell cortex	160	4.39E-01	1.00E+00	1.00E+00	1.24E+00	2.43E+00	3	2.48E-02	3.06E-02	118	3.03E-01	1.00E+00	1.00E+00	1.56E+00	1.93E+00	3	271	1.97E-02	1.11E-02	chr2_174428666_174429601,chr6_121069244_121070033,chr6_60830285_60830625	Ctsz,Mical3,Snca
GO Cellular Component	GO:0032432	actin filament bundle	161	4.42E-01	1.00E+00	1.00E+00	1.72E+00	5.81E-01	1	5.93E-03	1.02E-02	153	4.06E-01	1.00E+00	1.00E+00	1.93E+00	5.19E-01	1	73	6.58E-03	1.37E-02	chr19_57119757_57120427	Ablim1
GO Cellular Component	GO:1990234	transferase complex	162	4.43E-01	1.00E+00	1.00E+00	1.13E+00	5.33E+00	6	5.44E-02	6.12E-02	172	4.70E-01	1.00E+00	1.00E+00	1.09E+00	5.48E+00	6	772	3.95E-02	7.77E-03	chr13_53471407_53472168,chr13_69770884_69771496,chr19_42280099_42280665,chr4_132269780_132270306,chr6_86372003_86372198,chr7_19355987_19356721	Cd3eap,Golga7b,Med10,Snrpg,Sptlc1,Taf12
GO Cellular Component	GO:0032587	ruffle membrane	163	4.48E-01	1.00E+00	1.00E+00	1.69E+00	5.92E-01	1	6.04E-03	1.02E-02	164	4.43E-01	1.00E+00	1.00E+00	1.72E+00	5.83E-01	1	82	6.58E-03	1.22E-02	chr4_141326801_141327760	Epha2
GO Cellular Component	GO:0005776	autophagosome	164	4.51E-01	1.00E+00	1.00E+00	1.67E+00	5.97E-01	1	6.09E-03	1.02E-02	171	4.67E-01	1.00E+00	1.00E+00	1.60E+00	6.25E-01	1	88	6.58E-03	1.14E-02	chr7_6706261_6706761	Peg3
GO Cellular Component	GO:0042641	actomyosin	165	4.52E-01	1.00E+00	1.00E+00	1.67E+00	5.99E-01	1	6.11E-03	1.02E-02	156	4.19E-01	1.00E+00	1.00E+00	1.85E+00	5.40E-01	1	76	6.58E-03	1.32E-02	chr19_57119757_57120427	Ablim1
GO Cellular Component	GO:0072686	mitotic spindle	166	4.53E-01	1.00E+00	1.00E+00	1.66E+00	6.02E-01	1	6.14E-03	1.02E-02	169	4.55E-01	1.00E+00	1.00E+00	1.66E+00	6.04E-01	1	85	6.58E-03	1.18E-02	chr5_111006204_111007025	Ttc28
GO Cellular Component	GO:0030667	secretory granule membrane	167	4.55E-01	1.00E+00	1.00E+00	1.65E+00	6.06E-01	1	6.18E-03	1.02E-02	169	4.55E-01	1.00E+00	1.00E+00	1.66E+00	6.04E-01	1	85	6.58E-03	1.18E-02	chr6_60830285_60830625	Snca
GO Cellular Component	GO:0044798	nuclear transcription factor complex	168	4.55E-01	1.00E+00	1.00E+00	1.30E+00	1.54E+00	2	1.57E-02	2.04E-02	127	3.23E-01	1.00E+00	1.00E+00	1.73E+00	1.16E+00	2	163	1.32E-02	1.23E-02	chr13_69770884_69771496,chr4_132269780_132270306	Med10,Taf12
GO Cellular Component	GO:0099513	polymeric cytoskeletal fiber	169	4.58E-01	1.00E+00	1.00E+00	1.13E+00	4.44E+00	5	4.53E-02	5.10E-02	191	5.49E-01	1.00E+00	1.00E+00	1.02E+00	4.92E+00	5	693	3.29E-02	7.22E-03	chr11_100206147_100206767,chr17_35836387_35836777,chr6_118758397_118758711,chr8_26117824_26118019,chr8_26118257_26118822	Ankrd26,Hook3,Krt14,Krt9,Tubb5
GO Cellular Component	GO:0030027	lamellipodium	170	4.61E-01	1.00E+00	1.00E+00	1.29E+00	1.55E+00	2	1.58E-02	2.04E-02	136	3.59E-01	1.00E+00	1.00E+00	1.59E+00	1.26E+00	2	177	1.32E-02	1.13E-02	chr19_57119757_57120427,chr4_141326801_141327760	Ablim1,Epha2
GO Cellular Component	GO:0044306	neuron projection terminus	171	4.65E-01	1.00E+00	1.00E+00	1.28E+00	1.57E+00	2	1.60E-02	2.04E-02	103	2.39E-01	1.00E+00	1.00E+00	2.15E+00	9.31E-01	2	131	1.32E-02	1.53E-02	chr6_36388037_36388580,chr6_60830285_60830625	Chrm2,Snca
GO Cellular Component	GO:0031902	late endosome membrane	172	4.75E-01	1.00E+00	1.00E+00	1.56E+00	6.42E-01	1	6.55E-03	1.02E-02	192	5.51E-01	1.00E+00	1.00E+00	1.26E+00	7.96E-01	1	112	6.58E-03	8.93E-03	chr11_103697567_103698192	Gosr2
GO Cellular Component	GO:0098800	inner mitochondrial membrane protein complex	173	4.82E-01	1.00E+00	1.00E+00	1.53E+00	6.55E-01	1	6.69E-03	1.02E-02	205	5.97E-01	1.00E+00	1.00E+00	1.11E+00	9.02E-01	1	127	6.58E-03	7.87E-03	chr7_140901650_140902605	Cox8b
GO Cellular Component	GO:0016604	nuclear body	174	4.86E-01	1.00E+00	1.00E+00	1.08E+00	5.57E+00	6	5.68E-02	6.12E-02	198	5.75E-01	1.00E+00	1.00E+00	9.87E-01	5.07E+00	5	713	3.29E-02	7.01E-03	chr11_101658299_101659257,chr11_96352608_96353722,chr13_53471407_53472168,chr13_53472662_53473247,chr17_35836387_35836777,chr8_124946584_124947555	Hoxb2,Mdc1,Msx2,Rdm1,Sprtn
GO Cellular Component	GO:0005902	microvillus	175	4.95E-01	1.00E+00	1.00E+00	1.47E+00	6.81E-01	1	6.95E-03	1.02E-02	164	4.43E-01	1.00E+00	1.00E+00	1.72E+00	5.83E-01	1	82	6.58E-03	1.22E-02	chr5_138992412_138994516	Pdgfa
GO Cellular Component	GO:0043195	terminal bouton	176	4.96E-01	1.00E+00	1.00E+00	1.47E+00	6.82E-01	1	6.96E-03	1.02E-02	133	3.53E-01	1.00E+00	1.00E+00	2.31E+00	4.33E-01	1	61	6.58E-03	1.64E-02	chr6_60830285_60830625	Snca
GO Cellular Component	GO:0015629	actin cytoskeleton	177	5.00E-01	1.00E+00	1.00E+00	1.09E+00	3.66E+00	4	3.73E-02	4.08E-02	152	3.99E-01	1.00E+00	1.00E+00	1.25E+00	3.20E+00	4	451	2.63E-02	8.87E-03	chr19_57119757_57120427,chr2_118544289_118545050,chr6_118758397_118758711,chr6_60830285_60830625	Ablim1,Ankrd26,Bmf,Snca
GO Cellular Component	GO:0009986	cell surface	178	5.01E-01	1.00E+00	1.00E+00	1.05E+00	7.65E+00	8	7.81E-02	8.16E-02	70	1.32E-01	1.00E+00	1.00E+00	1.54E+00	5.84E+00	9	822	5.92E-02	1.09E-02	chr10_86836857_86837177,chr15_89174182_89175604,chr17_35076056_35076989,chr2_174428666_174429601,chr3_50442906_50443889,chr4_141326801_141327760,chr4_41921366_41921821,chr5_138992412_138994516	Ctsz,Epha2,Gm21541,Ly6g6d,Ly6g6e,Pdgfa,Plxnb2,Slc7a11,Stab2
GO Cellular Component	GO:0000118	histone deacetylase complex	179	5.02E-01	1.00E+00	1.00E+00	1.44E+00	6.94E-01	1	7.09E-03	1.02E-02	131	3.44E-01	1.00E+00	1.00E+00	2.39E+00	4.19E-01	1	59	6.58E-03	1.69E-02	chr6_148944839_148945663	Fam60a
GO Cellular Component	GO:0009897	external side of plasma membrane	180	5.03E-01	1.00E+00	1.00E+00	1.12E+00	2.68E+00	3	2.73E-02	3.06E-02	137	3.61E-01	1.00E+00	1.00E+00	1.40E+00	2.14E+00	3	301	1.97E-02	9.97E-03	chr10_86836857_86837177,chr17_35076056_35076989,chr4_41921366_41921821	Gm21541,Ly6g6d,Stab2
GO Cellular Component	GO:0030315	T-tubule	181	5.05E-01	1.00E+00	1.00E+00	1.43E+00	7.01E-01	1	7.16E-03	1.02E-02	113	2.75E-01	1.00E+00	1.00E+00	3.13E+00	3.20E-01	1	45	6.58E-03	2.22E-02	chr6_118758397_118758711	Cacna1c
GO Cellular Component	GO:0000777	condensed chromosome kinetochore	182	5.25E-01	1.00E+00	1.00E+00	1.35E+00	7.41E-01	1	7.56E-03	1.02E-02	189	5.24E-01	1.00E+00	1.00E+00	1.35E+00	7.39E-01	1	104	6.58E-03	9.62E-03	chr11_87422538_87423866	Tex14
GO Cellular Component	GO:0016605	PML body	183	5.27E-01	1.00E+00	1.00E+00	1.34E+00	7.46E-01	1	7.61E-03	1.02E-02	185	5.04E-01	1.00E+00	1.00E+00	1.44E+00	6.96E-01	1	98	6.58E-03	1.02E-02	chr11_101658299_101659257	Rdm1
GO Cellular Component	GO:0005774	vacuolar membrane	184	5.39E-01	1.00E+00	1.00E+00	1.11E+00	1.80E+00	2	1.84E-02	2.04E-02	214	6.47E-01	1.00E+00	1.00E+00	9.11E-01	2.20E+00	2	309	1.32E-02	6.47E-03	chr4_139309793_139310553,chr5_100067158_100068139	Pqlc2,Tmem150c
GO Cellular Component	GO:0099568	cytoplasmic region	185	5.40E-01	1.00E+00	1.00E+00	1.06E+00	2.83E+00	3	2.88E-02	3.06E-02	155	4.19E-01	1.00E+00	1.00E+00	1.28E+00	2.35E+00	3	331	1.97E-02	9.06E-03	chr2_174428666_174429601,chr6_121069244_121070033,chr6_60830285_60830625	Ctsz,Mical3,Snca
GO Cellular Component	GO:0098798	mitochondrial protein complex	186	5.47E-01	1.00E+00	1.00E+00	1.27E+00	7.89E-01	1	8.05E-03	1.02E-02	218	6.58E-01	1.00E+00	1.00E+00	9.38E-01	1.07E+00	1	150	6.58E-03	6.67E-03	chr7_140901650_140902605	Cox8b
GO Cellular Component	GO:0000779	condensed chromosome, centromeric region	187	5.53E-01	1.00E+00	1.00E+00	1.25E+00	8.02E-01	1	8.19E-03	1.02E-02	197	5.67E-01	1.00E+00	1.00E+00	1.20E+00	8.31E-01	1	117	6.58E-03	8.55E-03	chr11_87422538_87423866	Tex14
GO Cellular Component	GO:0045111	intermediate filament cytoskeleton	188	5.55E-01	1.00E+00	1.00E+00	1.24E+00	8.05E-01	1	8.22E-03	1.02E-02	186	5.06E-01	1.00E+00	1.00E+00	1.18E+00	1.69E+00	2	238	1.32E-02	8.40E-03	chr11_100206147_100206767	Krt14,Krt9
GO Cellular Component	GO:0031225	anchored component of membrane	189	5.56E-01	1.00E+00	1.00E+00	1.08E+00	1.86E+00	2	1.90E-02	2.04E-02	125	3.20E-01	1.00E+00	1.00E+00	1.74E+00	1.15E+00	2	162	1.32E-02	1.23E-02	chr17_35076056_35076989,chr3_89280734_89281464	Efna1,Ly6g6d
GO Cellular Component	GO:0005578	proteinaceous extracellular matrix	190	5.58E-01	1.00E+00	1.00E+00	1.02E+00	3.94E+00	4	4.02E-02	4.08E-02	101	2.37E-01	1.00E+00	1.00E+00	1.61E+00	2.48E+00	4	349	2.63E-02	1.15E-02	chr11_101964638_101965429,chr14_46387358_46388080,chr19_42280099_42280665,chr4_41921366_41921821	Bmp4,Crtac1,Gm21541,Sost
GO Cellular Component	GO:0044437	vacuolar part	191	5.65E-01	1.00E+00	1.00E+00	1.06E+00	1.89E+00	2	1.93E-02	2.04E-02	222	6.73E-01	1.00E+00	1.00E+00	8.69E-01	2.30E+00	2	324	1.32E-02	6.17E-03	chr4_139309793_139310553,chr5_100067158_100068139	Pqlc2,Tmem150c
GO Cellular Component	GO:0005814	centriole	192	5.82E-01	1.00E+00	1.00E+00	1.15E+00	8.68E-01	1	8.86E-03	1.02E-02	199	5.79E-01	1.00E+00	1.00E+00	1.16E+00	8.60E-01	1	121	6.58E-03	8.26E-03	chr7_100372146_100372354	C2cd3
GO Cellular Component	GO:0000776	kinetochore	193	5.87E-01	1.00E+00	1.00E+00	1.13E+00	8.81E-01	1	8.99E-03	1.02E-02	207	6.14E-01	1.00E+00	1.00E+00	1.06E+00	9.45E-01	1	133	6.58E-03	7.52E-03	chr11_87422538_87423866	Tex14
GO Cellular Component	GO:0005874	microtubule	194	5.97E-01	1.00E+00	1.00E+00	9.75E-01	3.08E+00	3	3.14E-02	3.06E-02	241	7.70E-01	1.00E+00	1.00E+00	7.18E-01	2.78E+00	2	392	1.32E-02	5.10E-03	chr17_35836387_35836777,chr8_26117824_26118019,chr8_26118257_26118822	Hook3,Tubb5
GO Cellular Component	GO:0005884	actin filament	195	6.00E-01	1.00E+00	1.00E+00	1.10E+00	9.13E-01	1	9.32E-03	1.02E-02	187	5.11E-01	1.00E+00	1.00E+00	1.41E+00	7.10E-01	1	100	6.58E-03	1.00E-02	chr6_118758397_118758711	Ankrd26
GO Cellular Component	GO:0031012	extracellular matrix	196	6.00E-01	1.00E+00	1.00E+00	9.60E-01	5.21E+00	5	5.31E-02	5.10E-02	130	3.30E-01	1.00E+00	1.00E+00	1.32E+00	3.79E+00	5	534	3.29E-02	9.36E-03	chr11_101964638_101965429,chr14_46387358_46388080,chr17_35836387_35836777,chr19_42280099_42280665,chr4_41921366_41921821	Bmp4,Crtac1,Gm21541,Sost,Tubb5
GO Cellular Component	GO:0098858	actin-based cell projection	197	6.05E-01	1.00E+00	1.00E+00	9.85E-01	2.03E+00	2	2.07E-02	2.04E-02	150	3.94E-01	1.00E+00	1.00E+00	1.47E+00	1.36E+00	2	191	1.32E-02	1.05E-02	chr17_35076056_35076989,chr5_138992412_138994516	Ly6g6d,Pdgfa
GO Cellular Component	GO:0099512	supramolecular fiber	198	6.07E-01	1.00E+00	1.00E+00	9.53E-01	6.29E+00	6	6.42E-02	6.12E-02	175	4.77E-01	1.00E+00	1.00E+00	1.08E+00	6.51E+00	7	916	4.61E-02	7.64E-03	chr11_100206147_100206767,chr17_35836387_35836777,chr6_118758397_118758711,chr6_60830285_60830625,chr8_26117824_26118019,chr8_26118257_26118822	Ankrd26,Cacna1c,Hook3,Krt14,Krt9,Snca,Tubb5
GO Cellular Component	GO:0005730	nucleolus	199	6.13E-01	1.00E+00	1.00E+00	9.47E-01	6.34E+00	6	6.47E-02	6.12E-02	174	4.74E-01	1.00E+00	1.00E+00	1.08E+00	6.49E+00	7	914	4.61E-02	7.66E-03	chr10_78414857_78415065,chr11_101658299_101659257,chr14_51771546_51772144,chr4_134019055_134020274,chr6_39204889_39205411,chr7_19355987_19356721	Ang4,Arl4d,Cd3eap,Kdm7a,Lin28a,Rdm1,Rrp1
GO Cellular Component	GO:0099081	supramolecular polymer	200	6.15E-01	1.00E+00	1.00E+00	9.45E-01	6.35E+00	6	6.48E-02	6.12E-02	177	4.84E-01	1.00E+00	1.00E+00	1.07E+00	6.55E+00	7	922	4.61E-02	7.59E-03	chr11_100206147_100206767,chr17_35836387_35836777,chr6_118758397_118758711,chr6_60830285_60830625,chr8_26117824_26118019,chr8_26118257_26118822	Ankrd26,Cacna1c,Hook3,Krt14,Krt9,Snca,Tubb5
GO Cellular Component	GO:0001650	fibrillar center	201	6.18E-01	1.00E+00	1.00E+00	1.05E+00	9.57E-01	1	9.76E-03	1.02E-02	203	5.88E-01	1.00E+00	1.00E+00	1.14E+00	8.81E-01	1	124	6.58E-03	8.06E-03	chr7_19355987_19356721	Cd3eap
GO Cellular Component	GO:0099080	supramolecular complex	202	6.18E-01	1.00E+00	1.00E+00	9.42E-01	6.37E+00	6	6.50E-02	6.12E-02	178	4.85E-01	1.00E+00	1.00E+00	1.07E+00	6.56E+00	7	923	4.61E-02	7.58E-03	chr11_100206147_100206767,chr17_35836387_35836777,chr6_118758397_118758711,chr6_60830285_60830625,chr8_26117824_26118019,chr8_26118257_26118822	Ankrd26,Cacna1c,Hook3,Krt14,Krt9,Snca,Tubb5
GO Cellular Component	GO:0036477	somatodendritic compartment	203	6.33E-01	1.00E+00	1.00E+00	9.33E-01	8.57E+00	8	8.75E-02	8.16E-02	104	2.41E-01	1.00E+00	1.00E+00	1.39E+00	5.04E+00	7	710	4.61E-02	9.86E-03	chr11_69919322_69920053,chr13_63563733_63564766,chr13_63566316_63566849,chr5_134313576_134314029,chr6_118758397_118758711,chr6_36388037_36388580,chr6_60830285_60830625,chr8_84660555_84662042	Cacna1a,Cacna1c,Chrm2,Eif5a,Gtf2i,Ptch1,Snca
GO Cellular Component	GO:0000922	spindle pole	204	6.37E-01	1.00E+00	1.00E+00	9.91E-01	1.01E+00	1	1.03E-02	1.02E-02	219	6.63E-01	1.00E+00	1.00E+00	9.26E-01	1.08E+00	1	152	6.58E-03	6.58E-03	chr5_111006204_111007025	Ttc28
GO Cellular Component	GO:0030425	dendrite	205	6.38E-01	1.00E+00	1.00E+00	9.24E-01	6.49E+00	6	6.63E-02	6.12E-02	112	2.72E-01	1.00E+00	1.00E+00	1.43E+00	3.50E+00	5	492	3.29E-02	1.02E-02	chr11_69919322_69920053,chr13_63563733_63564766,chr13_63566316_63566849,chr6_118758397_118758711,chr6_36388037_36388580,chr8_84660555_84662042	Cacna1a,Cacna1c,Chrm2,Eif5a,Ptch1
GO Cellular Component	GO:0098794	postsynapse	206	6.44E-01	1.00E+00	1.00E+00	9.17E-01	6.54E+00	6	6.67E-02	6.12E-02	89	1.94E-01	1.00E+00	1.00E+00	1.63E+00	3.07E+00	5	432	3.29E-02	1.16E-02	chr13_63563733_63564766,chr13_63566316_63566849,chr19_57119757_57120427,chr6_118758397_118758711,chr6_36388037_36388580,chr6_60830285_60830625	Ablim1,Cacna1c,Chrm2,Ptch1,Snca
GO Cellular Component	GO:0036064	ciliary basal body	207	6.46E-01	1.00E+00	1.00E+00	9.68E-01	1.03E+00	1	1.05E-02	1.02E-02	202	5.85E-01	1.00E+00	1.00E+00	1.14E+00	8.74E-01	1	123	6.58E-03	8.13E-03	chr7_100372146_100372354	C2cd3
GO Cellular Component	GO:0030658	transport vesicle membrane	208	6.87E-01	1.00E+00	1.00E+00	8.67E-01	1.15E+00	1	1.18E-02	1.02E-02	213	6.43E-01	1.00E+00	1.00E+00	9.77E-01	1.02E+00	1	144	6.58E-03	6.94E-03	chr11_103697567_103698192	Gosr2
GO Cellular Component	GO:0044448	cell cortex part	209	6.87E-01	1.00E+00	1.00E+00	8.66E-01	1.15E+00	1	1.18E-02	1.02E-02	217	6.56E-01	1.00E+00	1.00E+00	9.45E-01	1.06E+00	1	149	6.58E-03	6.71E-03	chr2_174428666_174429601	Ctsz
GO Cellular Component	GO:0005819	spindle	210	6.87E-01	1.00E+00	1.00E+00	8.46E-01	2.36E+00	2	2.41E-02	2.04E-02	223	6.78E-01	1.00E+00	1.00E+00	8.61E-01	2.32E+00	2	327	1.32E-02	6.12E-03	chr5_111006204_111007025,chr6_121069244_121070033	Mical3,Ttc28
GO Cellular Component	GO:0005681	spliceosomal complex	211	6.91E-01	1.00E+00	1.00E+00	8.56E-01	1.17E+00	1	1.19E-02	1.02E-02	238	7.56E-01	1.00E+00	1.00E+00	7.15E-01	1.40E+00	1	197	6.58E-03	5.08E-03	chr6_86372003_86372198	Snrpg
GO Cellular Component	GO:0032993	protein-DNA complex	212	6.91E-01	1.00E+00	1.00E+00	8.56E-01	1.17E+00	1	1.19E-02	1.02E-02	245	7.79E-01	1.00E+00	1.00E+00	6.67E-01	1.50E+00	1	211	6.58E-03	4.74E-03	chr2_75703196_75704248	Nfe2l2
GO Cellular Component	GO:0030175	filopodium	213	6.92E-01	1.00E+00	1.00E+00	8.55E-01	1.17E+00	1	1.19E-02	1.02E-02	182	4.93E-01	1.00E+00	1.00E+00	1.48E+00	6.75E-01	1	95	6.58E-03	1.05E-02	chr17_35076056_35076989	Ly6g6d
GO Cellular Component	GO:0044452	nucleolar part	214	6.98E-01	1.00E+00	1.00E+00	8.40E-01	1.19E+00	1	1.21E-02	1.02E-02	232	7.06E-01	1.00E+00	1.00E+00	8.23E-01	1.21E+00	1	171	6.58E-03	5.85E-03	chr7_19355987_19356721	Cd3eap
GO Cellular Component	GO:0030141	secretory granule	215	7.08E-01	1.00E+00	1.00E+00	8.14E-01	2.46E+00	2	2.51E-02	2.04E-02	233	7.11E-01	1.00E+00	1.00E+00	8.09E-01	2.47E+00	2	348	1.32E-02	5.75E-03	chr14_51771546_51772144,chr6_60830285_60830625	Ang4,Snca
GO Cellular Component	GO:0030133	transport vesicle	216	7.11E-01	1.00E+00	1.00E+00	8.08E-01	2.47E+00	2	2.53E-02	2.04E-02	209	6.28E-01	1.00E+00	1.00E+00	9.45E-01	2.12E+00	2	298	1.32E-02	6.71E-03	chr11_103697567_103698192,chr6_60830285_60830625	Gosr2,Snca
GO Cellular Component	GO:0034703	cation channel complex	217	7.14E-01	1.00E+00	1.00E+00	8.04E-01	2.49E+00	2	2.54E-02	2.04E-02	135	3.56E-01	1.00E+00	1.00E+00	1.60E+00	1.25E+00	2	176	1.32E-02	1.14E-02	chr6_118758397_118758711,chr8_84660555_84662042	Cacna1a,Cacna1c
GO Cellular Component	GO:0001726	ruffle	218	7.17E-01	1.00E+00	1.00E+00	7.98E-01	1.25E+00	1	1.28E-02	1.02E-02	227	6.89E-01	1.00E+00	1.00E+00	8.64E-01	1.16E+00	1	163	6.58E-03	6.13E-03	chr4_141326801_141327760	Epha2
GO Cellular Component	GO:0030135	coated vesicle	219	7.19E-01	1.00E+00	1.00E+00	7.93E-01	1.26E+00	1	1.29E-02	1.02E-02	224	6.79E-01	1.00E+00	1.00E+00	8.85E-01	1.13E+00	1	159	6.58E-03	6.29E-03	chr11_103697567_103698192	Gosr2
GO Cellular Component	GO:0030018	Z disc	220	7.24E-01	1.00E+00	1.00E+00	7.82E-01	1.28E+00	1	1.30E-02	1.02E-02	204	5.91E-01	1.00E+00	1.00E+00	1.13E+00	8.88E-01	1	125	6.58E-03	8.00E-03	chr6_118758397_118758711	Cacna1c
GO Cellular Component	GO:0031674	I band	221	7.46E-01	1.00E+00	1.00E+00	7.35E-01	1.36E+00	1	1.39E-02	1.02E-02	210	6.35E-01	1.00E+00	1.00E+00	9.98E-01	1.00E+00	1	141	6.58E-03	7.09E-03	chr6_118758397_118758711	Cacna1c
GO Cellular Component	GO:0043209	myelin sheath	222	7.47E-01	1.00E+00	1.00E+00	7.33E-01	1.36E+00	1	1.39E-02	1.02E-02	242	7.71E-01	1.00E+00	1.00E+00	6.83E-01	1.46E+00	1	206	6.58E-03	4.85E-03	chr5_135790394_135790983	Mdh2
GO Cellular Component	GO:0000775	chromosome, centromeric region	223	7.52E-01	1.00E+00	1.00E+00	7.23E-01	1.38E+00	1	1.41E-02	1.02E-02	236	7.45E-01	1.00E+00	1.00E+00	7.37E-01	1.36E+00	1	191	6.58E-03	5.24E-03	chr11_87422538_87423866	Tex14
GO Cellular Component	GO:0000790	nuclear chromatin	224	7.61E-01	1.00E+00	1.00E+00	7.32E-01	2.73E+00	2	2.79E-02	2.04E-02	231	7.00E-01	1.00E+00	1.00E+00	8.26E-01	2.42E+00	2	341	1.32E-02	5.87E-03	chr4_133755923_133757903,chr6_148944839_148945663	Arid1a,Fam60a
GO Cellular Component	GO:0008021	synaptic vesicle	225	7.62E-01	1.00E+00	1.00E+00	7.03E-01	1.42E+00	1	1.45E-02	1.02E-02	219	6.63E-01	1.00E+00	1.00E+00	9.26E-01	1.08E+00	1	152	6.58E-03	6.58E-03	chr6_60830285_60830625	Snca
GO Cellular Component	GO:0031256	leading edge membrane	226	7.70E-01	1.00E+00	1.00E+00	6.86E-01	1.46E+00	1	1.49E-02	1.02E-02	211	6.38E-01	1.00E+00	1.00E+00	9.91E-01	1.01E+00	1	142	6.58E-03	7.04E-03	chr4_141326801_141327760	Epha2
GO Cellular Component	GO:0098793	presynapse	227	7.72E-01	1.00E+00	1.00E+00	7.45E-01	4.03E+00	3	4.11E-02	3.06E-02	167	4.52E-01	1.00E+00	1.00E+00	1.21E+00	2.48E+00	3	349	1.97E-02	8.60E-03	chr6_36388037_36388580,chr6_60830285_60830625,chr8_84660555_84662042	Cacna1a,Chrm2,Snca
GO Cellular Component	GO:0005759	mitochondrial matrix	228	7.89E-01	1.00E+00	1.00E+00	6.48E-01	1.54E+00	1	1.57E-02	1.02E-02	264	8.98E-01	1.00E+00	1.00E+00	4.43E-01	2.26E+00	1	318	6.58E-03	3.14E-03	chr5_135790394_135790983	Mdh2
GO Cellular Component	GO:0044456	synapse part	229	7.90E-01	1.00E+00	1.00E+00	7.93E-01	8.83E+00	7	9.01E-02	7.14E-02	143	3.75E-01	1.00E+00	1.00E+00	1.21E+00	4.95E+00	6	697	3.95E-02	8.61E-03	chr13_63563733_63564766,chr13_63566316_63566849,chr19_57119757_57120427,chr6_118758397_118758711,chr6_36388037_36388580,chr6_60830285_60830625,chr8_84660555_84662042	Ablim1,Cacna1a,Cacna1c,Chrm2,Ptch1,Snca
GO Cellular Component	GO:0070382	exocytic vesicle	230	7.90E-01	1.00E+00	1.00E+00	6.46E-01	1.55E+00	1	1.58E-02	1.02E-02	230	7.00E-01	1.00E+00	1.00E+00	8.38E-01	1.19E+00	1	168	6.58E-03	5.95E-03	chr6_60830285_60830625	Snca
GO Cellular Component	GO:0098552	side of membrane	231	7.91E-01	1.00E+00	1.00E+00	7.21E-01	4.16E+00	3	4.24E-02	3.06E-02	225	6.86E-01	1.00E+00	1.00E+00	8.53E-01	3.52E+00	3	495	1.97E-02	6.06E-03	chr10_86836857_86837177,chr17_35076056_35076989,chr4_41921366_41921821	Gm21541,Ly6g6d,Stab2
GO Cellular Component	GO:0042383	sarcolemma	232	7.98E-01	1.00E+00	1.00E+00	6.30E-01	1.59E+00	1	1.62E-02	1.02E-02	199	5.79E-01	1.00E+00	1.00E+00	1.16E+00	8.60E-01	1	121	6.58E-03	8.26E-03	chr6_118758397_118758711	Cacna1c
GO Cellular Component	GO:0005840	ribosome	233	7.98E-01	1.00E+00	1.00E+00	6.30E-01	1.59E+00	1	1.62E-02	1.02E-02	253	8.44E-01	1.00E+00	1.00E+00	5.43E-01	1.84E+00	1	259	6.58E-03	3.86E-03	chr6_60830285_60830625	Snca
GO Cellular Component	GO:0005929	cilium	234	8.15E-01	1.00E+00	1.00E+00	6.90E-01	4.35E+00	3	4.43E-02	3.06E-02	266	9.11E-01	1.00E+00	1.00E+00	5.03E-01	3.98E+00	2	560	1.32E-02	3.57E-03	chr13_63563733_63564766,chr13_63566316_63566849,chr7_100372146_100372354	C2cd3,Ptch1
GO Cellular Component	GO:0030017	sarcomere	235	8.36E-01	1.00E+00	1.00E+00	5.59E-01	1.79E+00	1	1.83E-02	1.02E-02	237	7.54E-01	1.00E+00	1.00E+00	7.18E-01	1.39E+00	1	196	6.58E-03	5.10E-03	chr6_118758397_118758711	Cacna1c
GO Cellular Component	GO:0000139	Golgi membrane	236	8.39E-01	1.00E+00	1.00E+00	6.59E-01	4.55E+00	3	4.64E-02	3.06E-02	235	7.45E-01	1.00E+00	1.00E+00	7.78E-01	3.86E+00	3	543	1.97E-02	5.52E-03	chr11_103697567_103698192,chr19_42280099_42280665,chr19_7421912_7423664	Golga7b,Gosr2,Rtn3
GO Cellular Component	GO:0005925	focal adhesion	237	8.44E-01	1.00E+00	1.00E+00	6.10E-01	3.28E+00	2	3.35E-02	2.04E-02	239	7.63E-01	1.00E+00	1.00E+00	7.29E-01	2.74E+00	2	386	1.32E-02	5.18E-03	chr17_35836387_35836777,chr4_141326801_141327760	Epha2,Mdc1
GO Cellular Component	GO:0005768	endosome	238	8.45E-01	1.00E+00	1.00E+00	6.82E-01	5.87E+00	4	5.99E-02	4.08E-02	265	9.00E-01	1.00E+00	1.00E+00	5.71E-01	5.26E+00	3	740	1.97E-02	4.05E-03	chr11_103697567_103698192,chr5_99728733_99729813,chr7_38184529_38185013,chr7_38197297_38198262	Gosr2,Plekhf1,Rasgef1b
GO Cellular Component	GO:0005924	cell-substrate adherens junction	239	8.46E-01	1.00E+00	1.00E+00	6.07E-01	3.30E+00	2	3.36E-02	2.04E-02	240	7.69E-01	1.00E+00	1.00E+00	7.20E-01	2.78E+00	2	391	1.32E-02	5.12E-03	chr17_35836387_35836777,chr4_141326801_141327760	Epha2,Mdc1
GO Cellular Component	GO:0044449	contractile fiber part	240	8.50E-01	1.00E+00	1.00E+00	5.33E-01	1.88E+00	1	1.92E-02	1.02E-02	243	7.75E-01	1.00E+00	1.00E+00	6.77E-01	1.48E+00	1	208	6.58E-03	4.81E-03	chr6_118758397_118758711	Cacna1c
GO Cellular Component	GO:0030016	myofibril	241	8.56E-01	1.00E+00	1.00E+00	5.21E-01	1.92E+00	1	1.96E-02	1.02E-02	246	7.92E-01	1.00E+00	1.00E+00	6.43E-01	1.56E+00	1	219	6.58E-03	4.57E-03	chr6_118758397_118758711	Cacna1c
GO Cellular Component	GO:0030055	cell-substrate junction	242	8.57E-01	1.00E+00	1.00E+00	5.90E-01	3.39E+00	2	3.46E-02	2.04E-02	244	7.75E-01	1.00E+00	1.00E+00	7.11E-01	2.81E+00	2	396	1.32E-02	5.05E-03	chr17_35836387_35836777,chr4_141326801_141327760	Epha2,Mdc1
GO Cellular Component	GO:0030659	cytoplasmic vesicle membrane	243	8.59E-01	1.00E+00	1.00E+00	5.86E-01	3.41E+00	2	3.48E-02	2.04E-02	248	8.07E-01	1.00E+00	1.00E+00	6.64E-01	3.01E+00	2	424	1.32E-02	4.72E-03	chr11_103697567_103698192,chr6_60830285_60830625	Gosr2,Snca
GO Cellular Component	GO:0031252	cell leading edge	244	8.61E-01	1.00E+00	1.00E+00	5.83E-01	3.43E+00	2	3.50E-02	2.04E-02	234	7.34E-01	1.00E+00	1.00E+00	7.73E-01	2.59E+00	2	364	1.32E-02	5.49E-03	chr19_57119757_57120427,chr4_141326801_141327760	Ablim1,Epha2
GO Cellular Component	GO:0098797	plasma membrane protein complex	245	8.62E-01	1.00E+00	1.00E+00	5.10E-01	1.96E+00	1	2.00E-02	1.02E-02	249	8.08E-01	1.00E+00	1.00E+00	6.12E-01	1.63E+00	1	230	6.58E-03	4.35E-03	chr6_118758397_118758711	Cacna1c
GO Cellular Component	GO:0043292	contractile fiber	246	8.69E-01	1.00E+00	1.00E+00	4.97E-01	2.01E+00	1	2.05E-02	1.02E-02	247	8.05E-01	1.00E+00	1.00E+00	6.17E-01	1.62E+00	1	228	6.58E-03	4.39E-03	chr6_118758397_118758711	Cacna1c
GO Cellular Component	GO:0044427	chromosomal part	247	8.71E-01	1.00E+00	1.00E+00	6.96E-01	8.62E+00	6	8.79E-02	6.12E-02	226	6.87E-01	1.00E+00	1.00E+00	8.75E-01	6.86E+00	6	965	3.95E-02	6.22E-03	chr11_120186364_120189507,chr11_87422538_87423866,chr2_75703196_75704248,chr4_133755923_133757903,chr5_142815895_142816475,chr6_148944839_148945663	Arid1a,Bahcc1,Fam60a,Nfe2l2,Tex14,Tnrc18
GO Cellular Component	GO:0012506	vesicle membrane	248	8.80E-01	1.00E+00	1.00E+00	5.54E-01	3.61E+00	2	3.69E-02	2.04E-02	251	8.25E-01	1.00E+00	1.00E+00	6.37E-01	3.14E+00	2	442	1.32E-02	4.52E-03	chr11_103697567_103698192,chr6_60830285_60830625	Gosr2,Snca
GO Cellular Component	GO:0099503	secretory vesicle	249	8.81E-01	1.00E+00	1.00E+00	5.52E-01	3.62E+00	2	3.70E-02	2.04E-02	254	8.58E-01	1.00E+00	1.00E+00	5.86E-01	3.41E+00	2	480	1.32E-02	4.17E-03	chr14_51771546_51772144,chr6_60830285_60830625	Ang4,Snca
GO Cellular Component	GO:0098687	chromosomal region	250	8.83E-01	1.00E+00	1.00E+00	4.71E-01	2.12E+00	1	2.17E-02	1.02E-02	268	9.19E-01	1.00E+00	1.00E+00	4.03E-01	2.48E+00	1	349	6.58E-03	2.87E-03	chr11_87422538_87423866	Tex14
GO Cellular Component	GO:0000151	ubiquitin ligase complex	251	8.91E-01	1.00E+00	1.00E+00	4.57E-01	2.19E+00	1	2.23E-02	1.02E-02	259	8.87E-01	1.00E+00	1.00E+00	4.63E-01	2.16E+00	1	304	6.58E-03	3.29E-03	chr13_69770884_69771496	Med10
GO Cellular Component	GO:0034702	ion channel complex	252	8.95E-01	1.00E+00	1.00E+00	5.30E-01	3.77E+00	2	3.85E-02	2.04E-02	201	5.82E-01	1.00E+00	1.00E+00	1.03E+00	1.95E+00	2	274	1.32E-02	7.30E-03	chr6_118758397_118758711,chr8_84660555_84662042	Cacna1a,Cacna1c
GO Cellular Component	GO:1902495	transmembrane transporter complex	253	9.08E-01	1.00E+00	1.00E+00	5.08E-01	3.94E+00	2	4.02E-02	2.04E-02	212	6.39E-01	1.00E+00	1.00E+00	9.26E-01	2.16E+00	2	304	1.32E-02	6.58E-03	chr6_118758397_118758711,chr8_84660555_84662042	Cacna1a,Cacna1c
GO Cellular Component	GO:1990351	transporter complex	254	9.09E-01	1.00E+00	1.00E+00	5.06E-01	3.95E+00	2	4.03E-02	2.04E-02	216	6.51E-01	1.00E+00	1.00E+00	9.05E-01	2.21E+00	2	311	1.32E-02	6.43E-03	chr6_118758397_118758711,chr8_84660555_84662042	Cacna1a,Cacna1c
GO Cellular Component	GO:0031253	cell projection membrane	255	9.10E-01	1.00E+00	1.00E+00	4.21E-01	2.37E+00	1	2.42E-02	1.02E-02	255	8.64E-01	1.00E+00	1.00E+00	5.06E-01	1.98E+00	1	278	6.58E-03	3.60E-03	chr4_141326801_141327760	Epha2
GO Cellular Component	GO:0045211	postsynaptic membrane	256	9.14E-01	1.00E+00	1.00E+00	4.99E-01	4.01E+00	2	4.09E-02	2.04E-02	176	4.79E-01	1.00E+00	1.00E+00	1.25E+00	1.61E+00	2	226	1.32E-02	8.85E-03	chr6_118758397_118758711,chr6_36388037_36388580	Cacna1c,Chrm2
GO Cellular Component	GO:0030424	axon	257	9.20E-01	1.00E+00	1.00E+00	5.41E-01	5.54E+00	3	5.65E-02	3.06E-02	250	8.16E-01	1.00E+00	1.00E+00	6.50E-01	3.08E+00	2	433	1.32E-02	4.62E-03	chr13_63563733_63564766,chr13_63566316_63566849,chr6_60830285_60830625	Ptch1,Snca
GO Cellular Component	GO:0010008	endosome membrane	258	9.22E-01	1.00E+00	1.00E+00	3.96E-01	2.52E+00	1	2.58E-02	1.02E-02	267	9.11E-01	1.00E+00	1.00E+00	4.19E-01	2.39E+00	1	336	6.58E-03	2.98E-03	chr11_103697567_103698192	Gosr2
GO Cellular Component	GO:0005769	early endosome	259	9.32E-01	1.00E+00	1.00E+00	3.78E-01	2.65E+00	1	2.70E-02	1.02E-02	258	8.85E-01	1.00E+00	1.00E+00	4.68E-01	2.14E+00	1	301	6.58E-03	3.32E-03	chr5_99728733_99729813	Rasgef1b
GO Cellular Component	GO:0044440	endosomal part	260	9.34E-01	1.00E+00	1.00E+00	3.72E-01	2.69E+00	1	2.74E-02	1.02E-02	269	9.22E-01	1.00E+00	1.00E+00	3.98E-01	2.51E+00	1	354	6.58E-03	2.82E-03	chr11_103697567_103698192	Gosr2
GO Cellular Component	GO:0045202	synapse	261	9.36E-01	1.00E+00	1.00E+00	6.32E-01	1.11E+01	7	1.13E-01	7.14E-02	195	5.63E-01	1.00E+00	1.00E+00	9.95E-01	6.03E+00	6	849	3.95E-02	7.07E-03	chr13_63563733_63564766,chr13_63566316_63566849,chr19_57119757_57120427,chr6_118758397_118758711,chr6_36388037_36388580,chr6_60830285_60830625,chr8_84660555_84662042	Ablim1,Cacna1a,Cacna1c,Chrm2,Ptch1,Snca
GO Cellular Component	GO:0016324	apical plasma membrane	262	9.42E-01	1.00E+00	1.00E+00	3.57E-01	2.80E+00	1	2.86E-02	1.02E-02	257	8.84E-01	1.00E+00	1.00E+00	4.69E-01	2.13E+00	1	300	6.58E-03	3.33E-03	chr5_142815895_142816475	Slc29a4
GO Cellular Component	GO:0044431	Golgi apparatus part	263	9.51E-01	1.00E+00	1.00E+00	4.85E-01	6.18E+00	3	6.31E-02	3.06E-02	262	8.95E-01	1.00E+00	1.00E+00	5.78E-01	5.19E+00	3	730	1.97E-02	4.11E-03	chr11_103697567_103698192,chr19_42280099_42280665,chr19_7421912_7423664	Golga7b,Gosr2,Rtn3
GO Cellular Component	GO:0097060	synaptic membrane	264	9.58E-01	1.00E+00	1.00E+00	4.11E-01	4.87E+00	2	4.97E-02	2.04E-02	208	6.22E-01	1.00E+00	1.00E+00	9.54E-01	2.10E+00	2	295	1.32E-02	6.78E-03	chr6_118758397_118758711,chr6_36388037_36388580	Cacna1c,Chrm2
GO Cellular Component	GO:0005912	adherens junction	265	9.60E-01	1.00E+00	1.00E+00	4.07E-01	4.91E+00	2	5.01E-02	2.04E-02	256	8.76E-01	1.00E+00	1.00E+00	5.60E-01	3.57E+00	2	503	1.32E-02	3.98E-03	chr17_35836387_35836777,chr4_141326801_141327760	Epha2,Mdc1
GO Cellular Component	GO:0098590	plasma membrane region	266	9.61E-01	1.00E+00	1.00E+00	5.65E-01	1.06E+01	6	1.08E-01	6.12E-02	252	8.30E-01	1.00E+00	1.00E+00	7.20E-01	6.95E+00	5	978	3.29E-02	5.11E-03	chr13_63563733_63564766,chr13_63566316_63566849,chr4_141326801_141327760,chr5_142815895_142816475,chr6_118758397_118758711,chr6_36388037_36388580	Cacna1c,Chrm2,Epha2,Ptch1,Slc29a4
GO Cellular Component	GO:0070161	anchoring junction	267	9.65E-01	1.00E+00	1.00E+00	3.95E-01	5.06E+00	2	5.16E-02	2.04E-02	260	8.88E-01	1.00E+00	1.00E+00	5.39E-01	3.71E+00	2	522	1.32E-02	3.83E-03	chr17_35836387_35836777,chr4_141326801_141327760	Epha2,Mdc1
GO Cellular Component	GO:0044441	ciliary part	268	9.67E-01	1.00E+00	1.00E+00	2.99E-01	3.34E+00	1	3.41E-02	1.02E-02	273	9.51E-01	1.00E+00	1.00E+00	3.37E-01	2.97E+00	1	418	6.58E-03	2.39E-03	chr7_100372146_100372354	C2cd3
GO Cellular Component	GO:0045177	apical part of cell	269	9.75E-01	1.00E+00	1.00E+00	2.77E-01	3.60E+00	1	3.68E-02	1.02E-02	270	9.33E-01	1.00E+00	1.00E+00	3.74E-01	2.67E+00	1	376	6.58E-03	2.66E-03	chr5_142815895_142816475	Slc29a4
GO Cellular Component	GO:0044433	cytoplasmic vesicle part	270	9.80E-01	1.00E+00	1.00E+00	3.51E-01	5.70E+00	2	5.82E-02	2.04E-02	274	9.69E-01	1.00E+00	1.00E+00	3.81E-01	5.24E+00	2	738	1.32E-02	2.71E-03	chr11_103697567_103698192,chr6_60830285_60830625	Gosr2,Snca
GO Cellular Component	GO:0043235	receptor complex	271	9.81E-01	1.00E+00	1.00E+00	2.56E-01	3.90E+00	1	3.98E-02	1.02E-02	263	8.97E-01	1.00E+00	1.00E+00	4.44E-01	2.25E+00	1	317	6.58E-03	3.15E-03	chr10_86836857_86837177	Nt5dc3
GO Cellular Component	GO:0000793	condensed chromosome	272	9.82E-01	1.00E+00	1.00E+00	2.55E-01	3.92E+00	1	4.00E-02	1.02E-02	261	8.90E-01	1.00E+00	1.00E+00	4.58E-01	2.18E+00	1	307	6.58E-03	3.26E-03	chr11_87422538_87423866	Tex14
GO Cellular Component	GO:0044454	nuclear chromosome part	273	9.89E-01	1.00E+00	1.00E+00	3.15E-01	6.36E+00	2	6.49E-02	2.04E-02	271	9.36E-01	1.00E+00	1.00E+00	4.56E-01	4.39E+00	2	618	1.32E-02	3.24E-03	chr4_133755923_133757903,chr6_148944839_148945663	Arid1a,Fam60a
GO Cellular Component	GO:0000228	nuclear chromosome	274	9.91E-01	1.00E+00	1.00E+00	3.05E-01	6.55E+00	2	6.69E-02	2.04E-02	272	9.48E-01	1.00E+00	1.00E+00	4.32E-01	4.63E+00	2	651	1.32E-02	3.07E-03	chr4_133755923_133757903,chr6_148944839_148945663	Arid1a,Fam60a
GO Molecular Function	GO:0000334	3-hydroxyanthranilate 3,4-dioxygenase activity	1	8.93E-07	3.65E-03	3.65E-03	1.69E+02	1.78E-02	3	1.81E-04	3.06E-02	14	7.10E-03	1.00E+00	1.00E+00	1.41E+02	7.10E-03	1	1	6.58E-03	1.00E+00	chr17_83920344_83920701,chr17_84184827_84185319,chr17_84185496_84186847	Haao
GO Molecular Function	GO:0047066	phospholipid-hydroperoxide glutathione peroxidase activity	2	2.32E-06	9.49E-03	4.74E-03	9.22E+02	2.17E-03	2	2.21E-05	2.04E-02	14	7.10E-03	1.00E+00	1.00E+00	1.41E+02	7.10E-03	1	1	6.58E-03	1.00E+00	chr10_80054157_80054700,chr10_80055087_80056206	Gpx4
GO Molecular Function	GO:0008198	ferrous iron binding	3	1.01E-04	4.11E-01	1.37E-01	1.70E+01	2.36E-01	4	2.40E-03	4.08E-02	26	9.64E-03	1.00E+00	1.00E+00	1.34E+01	1.49E-01	2	21	1.32E-02	9.52E-02	chr17_83920344_83920701,chr17_84184827_84185319,chr17_84185496_84186847,chr6_60830285_60830625	Haao,Snca
GO Molecular Function	GO:0005119	smoothened binding	4	1.81E-04	7.38E-01	1.84E-01	1.04E+02	1.92E-02	2	1.96E-04	2.04E-02	36	2.12E-02	1.00E+00	1.00E+00	4.69E+01	2.13E-02	1	3	6.58E-03	3.33E-01	chr13_63563733_63564766,chr13_63566316_63566849	Ptch1
GO Molecular Function	GO:0008158	hedgehog receptor activity	5	2.06E-04	8.40E-01	1.68E-01	9.75E+01	2.05E-02	2	2.09E-04	2.04E-02	36	2.12E-02	1.00E+00	1.00E+00	4.69E+01	2.13E-02	1	3	6.58E-03	3.33E-01	chr13_63563733_63564766,chr13_63566316_63566849	Ptch1
GO Molecular Function	GO:0016702	oxidoreductase activity, acting on single donors with incorporation of molecular oxygen, incorporation of two atoms of oxygen	6	3.47E-04	1.00E+00	2.36E-01	2.25E+01	1.33E-01	3	1.36E-03	3.06E-02	161	1.69E-01	1.00E+00	1.00E+00	5.41E+00	1.85E-01	1	26	6.58E-03	3.85E-02	chr17_83920344_83920701,chr17_84184827_84185319,chr17_84185496_84186847	Haao
GO Molecular Function	GO:0016701	oxidoreductase activity, acting on single donors with incorporation of molecular oxygen	7	3.54E-04	1.00E+00	2.07E-01	2.24E+01	1.34E-01	3	1.37E-03	3.06E-02	168	1.75E-01	1.00E+00	1.00E+00	5.21E+00	1.92E-01	1	27	6.58E-03	3.70E-02	chr17_83920344_83920701,chr17_84184827_84185319,chr17_84185496_84186847	Haao
GO Molecular Function	GO:0051213	dioxygenase activity	8	7.02E-04	1.00E+00	3.58E-01	7.20E+00	6.94E-01	5	7.09E-03	5.10E-02	42	2.41E-02	1.00E+00	1.00E+00	4.85E+00	6.18E-01	3	87	1.97E-02	3.45E-02	chr17_83920344_83920701,chr17_84184827_84185319,chr17_84185496_84186847,chr6_39204889_39205411,chr8_124946584_124947555	Egln1,Haao,Kdm7a
GO Molecular Function	GO:0070975	FHA domain binding	9	7.33E-04	1.00E+00	3.33E-01	1.36E+03	7.33E-04	1	7.48E-06	1.02E-02	14	7.10E-03	1.00E+00	1.00E+00	1.41E+02	7.10E-03	1	1	6.58E-03	1.00E+00	chr17_35836387_35836777	Mdc1
GO Molecular Function	GO:0004578	chitobiosyldiphosphodolichol beta-mannosyltransferase activity	10	1.02E-03	1.00E+00	4.18E-01	9.76E+02	1.02E-03	1	1.05E-05	1.02E-02	14	7.10E-03	1.00E+00	1.00E+00	1.41E+02	7.10E-03	1	1	6.58E-03	1.00E+00	chr16_5254419_5255117	Alg1
GO Molecular Function	GO:0035925	mRNA 3-UTR AU-rich region binding	11	1.06E-03	1.00E+00	3.92E-01	1.53E+01	1.96E-01	3	2.00E-03	3.06E-02	99	8.20E-02	1.00E+00	1.00E+00	1.17E+01	8.53E-02	1	12	6.58E-03	8.33E-02	chr17_83920344_83920701,chr17_84184827_84185319,chr17_84185496_84186847	Zfp36l2
GO Molecular Function	GO:0097108	hedgehog family protein binding	12	1.32E-03	1.00E+00	4.50E-01	3.81E+01	5.26E-02	2	5.36E-04	2.04E-02	43	2.81E-02	1.00E+00	1.00E+00	3.52E+01	2.84E-02	1	4	6.58E-03	2.50E-01	chr13_63563733_63564766,chr13_63566316_63566849	Ptch1
GO Molecular Function	GO:0030549	acetylcholine receptor activator activity	13	1.38E-03	1.00E+00	4.33E-01	7.24E+02	1.38E-03	1	1.41E-05	1.02E-02	36	2.12E-02	1.00E+00	1.00E+00	4.69E+01	2.13E-02	1	3	6.58E-03	3.33E-01	chr17_35076056_35076989	Ly6g6e
GO Molecular Function	GO:0046554	malate dehydrogenase (NADP+) activity	14	1.47E-03	1.00E+00	4.28E-01	6.82E+02	1.47E-03	1	1.50E-05	1.02E-02	14	7.10E-03	1.00E+00	1.00E+00	1.41E+02	7.10E-03	1	1	6.58E-03	1.00E+00	chr5_135790394_135790983	Mdh2
GO Molecular Function	GO:0019119	phenanthrene-9,10-epoxide hydrolase activity	15	1.55E-03	1.00E+00	4.21E-01	6.46E+02	1.55E-03	1	1.58E-05	1.02E-02	14	7.10E-03	1.00E+00	1.00E+00	1.41E+02	7.10E-03	1	1	6.58E-03	1.00E+00	chr4_139309793_139310553	Akr7a5
GO Molecular Function	GO:0044717	8-hydroxy-dADP phosphatase activity	16	1.63E-03	1.00E+00	4.17E-01	6.12E+02	1.63E-03	1	1.67E-05	1.02E-02	14	7.10E-03	1.00E+00	1.00E+00	1.41E+02	7.10E-03	1	1	6.58E-03	1.00E+00	chr14_70580681_70580934	Nudt18
GO Molecular Function	GO:0044716	8-oxo-GDP phosphatase activity	16	1.63E-03	1.00E+00	4.17E-01	6.12E+02	1.63E-03	1	1.67E-05	1.02E-02	14	7.10E-03	1.00E+00	1.00E+00	1.41E+02	7.10E-03	1	1	6.58E-03	1.00E+00	chr14_70580681_70580934	Nudt18
GO Molecular Function	GO:0005506	iron ion binding	18	1.66E-03	1.00E+00	3.76E-01	4.81E+00	1.25E+00	6	1.27E-02	6.12E-02	83	6.75E-02	1.00E+00	1.00E+00	2.62E+00	1.53E+00	4	215	2.63E-02	1.86E-02	chr17_83920344_83920701,chr17_84184827_84185319,chr17_84185496_84186847,chr6_39204889_39205411,chr6_60830285_60830625,chr8_124946584_124947555	Egln1,Haao,Kdm7a,Snca
GO Molecular Function	GO:0017091	AU-rich element binding	19	1.74E-03	1.00E+00	3.73E-01	1.28E+01	2.33E-01	3	2.38E-03	3.06E-02	161	1.69E-01	1.00E+00	1.00E+00	5.41E+00	1.85E-01	1	26	6.58E-03	3.85E-02	chr17_83920344_83920701,chr17_84184827_84185319,chr17_84185496_84186847	Zfp36l2
GO Molecular Function	GO:0005113	patched binding	20	1.82E-03	1.00E+00	3.72E-01	3.23E+01	6.19E-02	2	6.31E-04	2.04E-02	65	4.87E-02	1.00E+00	1.00E+00	2.01E+01	4.97E-02	1	7	6.58E-03	1.43E-01	chr13_63563733_63564766,chr13_63566316_63566849	Ptch1
GO Molecular Function	GO:0004602	glutathione peroxidase activity	21	2.99E-03	1.00E+00	5.82E-01	2.51E+01	7.98E-02	2	8.15E-04	2.04E-02	131	1.27E-01	1.00E+00	1.00E+00	7.41E+00	1.35E-01	1	19	6.58E-03	5.26E-02	chr10_80054157_80054700,chr10_80055087_80056206	Gpx4
GO Molecular Function	GO:0051722	protein C-terminal methylesterase activity	22	3.57E-03	1.00E+00	6.63E-01	2.79E+02	3.58E-03	1	3.65E-05	1.02E-02	14	7.10E-03	1.00E+00	1.00E+00	1.41E+02	7.10E-03	1	1	6.58E-03	1.00E+00	chr7_100372146_100372354	Ppme1
GO Molecular Function	GO:0010314	phosphatidylinositol-5-phosphate binding	23	4.30E-03	1.00E+00	7.63E-01	2.08E+01	9.61E-02	2	9.81E-04	2.04E-02	103	8.85E-02	1.00E+00	1.00E+00	1.08E+01	9.24E-02	1	13	6.58E-03	7.69E-02	chr7_38184529_38185013,chr7_38197297_38198262	Plekhf1
GO Molecular Function	GO:0043874	acireductone synthase activity	24	4.57E-03	1.00E+00	7.78E-01	2.18E+02	4.58E-03	1	4.68E-05	1.02E-02	14	7.10E-03	1.00E+00	1.00E+00	1.41E+02	7.10E-03	1	1	6.58E-03	1.00E+00	chr5_100067158_100068139	Enoph1
GO Molecular Function	GO:0016491	oxidoreductase activity	25	4.66E-03	1.00E+00	7.61E-01	2.37E+00	5.06E+00	12	5.16E-02	1.22E-01	118	1.04E-01	1.00E+00	1.00E+00	1.62E+00	5.54E+00	9	780	5.92E-02	1.15E-02	chr10_80054157_80054700,chr10_80055087_80056206,chr17_83920344_83920701,chr17_84184827_84185319,chr17_84185496_84186847,chr4_139309793_139310553,chr5_135790394_135790983,chr6_121069244_121070033,chr6_39204889_39205411,chr6_60830285_60830625,chr7_140901650_140902605,chr8_124946584_124947555	Akr7a5,Cox8b,Egln1,Gpx4,Haao,Kdm7a,Mdh2,Mical3,Snca
GO Molecular Function	GO:0030332	cyclin binding	26	5.16E-03	1.00E+00	8.10E-01	8.71E+00	3.45E-01	3	3.52E-03	3.06E-02	41	2.29E-02	1.00E+00	1.00E+00	8.53E+00	2.34E-01	2	33	1.32E-02	6.06E-02	chr11_69919322_69920053,chr13_63563733_63564766,chr13_63566316_63566849	Gps2,Ptch1
GO Molecular Function	GO:1905538	polysome binding	27	6.12E-03	1.00E+00	9.26E-01	1.63E+02	6.14E-03	1	6.26E-05	1.02E-02	29	1.42E-02	1.00E+00	1.00E+00	7.04E+01	1.42E-02	1	2	6.58E-03	5.00E-01	chr4_134019055_134020274	Lin28a
GO Molecular Function	GO:0044715	8-oxo-dGDP phosphatase activity	28	6.30E-03	1.00E+00	9.18E-01	1.58E+02	6.32E-03	1	6.45E-05	1.02E-02	29	1.42E-02	1.00E+00	1.00E+00	7.04E+01	1.42E-02	1	2	6.58E-03	5.00E-01	chr14_70580681_70580934	Nudt18
GO Molecular Function	GO:0008331	high voltage-gated calcium channel activity	29	8.03E-03	1.00E+00	1.00E+00	1.50E+01	1.33E-01	2	1.36E-03	2.04E-02	11	3.16E-03	1.00E+00	1.00E+00	2.35E+01	8.53E-02	2	12	1.32E-02	1.67E-01	chr6_118758397_118758711,chr8_84660555_84662042	Cacna1a,Cacna1c
GO Molecular Function	GO:0032794	GTPase activating protein binding	30	8.44E-03	1.00E+00	1.00E+00	1.47E+01	1.36E-01	2	1.39E-03	2.04E-02	12	4.95E-03	1.00E+00	1.00E+00	1.88E+01	1.07E-01	2	15	1.32E-02	1.33E-01	chr17_35836387_35836777,chr7_82869018_82869904	Mex3b,Tubb5
GO Molecular Function	GO:0000981	RNA polymerase II transcription factor activity, sequence-specific DNA binding	31	9.17E-03	1.00E+00	1.00E+00	1.86E+00	9.16E+00	17	9.34E-02	1.73E-01	1	1.15E-04	4.69E-01	4.69E-01	2.94E+00	5.44E+00	16	766	1.05E-01	2.09E-02	chr10_68276719_68277215,chr11_101964638_101965429,chr11_70233509_70233695,chr11_96352608_96353722,chr12_118847345_118851129,chr13_40727364_40730800,chr13_53471407_53472168,chr13_53472662_53473247,chr16_30066210_30067176,chr2_71541880_71544776,chr2_71544955_71545796,chr2_75703196_75704248,chr5_134313576_134314029,chr5_138992412_138994516,chr7_116032327_116033153,chr7_126781249_126781424,chr8_84660555_84662042	Arid5b,Bcl6b,Dlx1,Dlx2,Gm5294,Gtf2i,Hes1,Hoxb1,Ier2,Meox1,Msx2,Nfe2l2,Sox6,Sp8,Tbx6,Tfap2a
GO Molecular Function	GO:0001227	transcriptional repressor activity, RNA polymerase II transcription regulatory region sequence-specific binding	32	9.89E-03	1.00E+00	1.00E+00	2.70E+00	2.96E+00	8	3.02E-02	8.16E-02	4	1.45E-03	1.00E+00	1.00E+00	4.21E+00	1.66E+00	7	234	4.61E-02	2.99E-02	chr10_68276719_68277215,chr11_70233509_70233695,chr13_40727364_40730800,chr13_53471407_53472168,chr13_53472662_53473247,chr16_30066210_30067176,chr7_116032327_116033153,chr7_126781249_126781424	Arid5b,Bcl6b,Hes1,Msx2,Sox6,Tbx6,Tfap2a
GO Molecular Function	GO:0003730	mRNA 3-UTR binding	33	1.02E-02	1.00E+00	1.00E+00	6.78E+00	4.42E-01	3	4.51E-03	3.06E-02	258	3.58E-01	1.00E+00	1.00E+00	2.27E+00	4.40E-01	1	62	6.58E-03	1.61E-02	chr17_83920344_83920701,chr17_84184827_84185319,chr17_84185496_84186847	Zfp36l2
GO Molecular Function	GO:0030060	L-malate dehydrogenase activity	34	1.05E-02	1.00E+00	1.00E+00	9.49E+01	1.05E-02	1	1.08E-04	1.02E-02	36	2.12E-02	1.00E+00	1.00E+00	4.69E+01	2.13E-02	1	3	6.58E-03	3.33E-01	chr5_135790394_135790983	Mdh2
GO Molecular Function	GO:0070273	phosphatidylinositol-4-phosphate binding	35	1.34E-02	1.00E+00	1.00E+00	1.15E+01	1.74E-01	2	1.77E-03	2.04E-02	150	1.57E-01	1.00E+00	1.00E+00	5.86E+00	1.71E-01	1	24	6.58E-03	4.17E-02	chr7_38184529_38185013,chr7_38197297_38198262	Plekhf1
GO Molecular Function	GO:0008195	phosphatidate phosphatase activity	36	1.44E-02	1.00E+00	1.00E+00	1.11E+01	1.81E-01	2	1.84E-03	2.04E-02	110	9.50E-02	1.00E+00	1.00E+00	1.01E+01	9.95E-02	1	14	6.58E-03	7.14E-02	chr12_16589553_16589895,chr12_16590033_16592004	Lpin1
GO Molecular Function	GO:0004601	peroxidase activity	37	1.54E-02	1.00E+00	1.00E+00	1.07E+01	1.88E-01	2	1.91E-03	2.04E-02	223	2.54E-01	1.00E+00	1.00E+00	3.43E+00	2.91E-01	1	41	6.58E-03	2.44E-02	chr10_80054157_80054700,chr10_80055087_80056206	Gpx4
GO Molecular Function	GO:0000976	transcription regulatory region sequence-specific DNA binding	38	1.55E-02	1.00E+00	1.00E+00	1.84E+00	8.15E+00	15	8.32E-02	1.53E-01	2	8.39E-04	1.00E+00	1.00E+00	2.66E+00	5.26E+00	14	741	9.21E-02	1.89E-02	chr10_68276719_68277215,chr11_101964638_101965429,chr11_120186364_120189507,chr11_70233509_70233695,chr11_96352608_96353722,chr13_40727364_40730800,chr13_53471407_53472168,chr13_53472662_53473247,chr2_71541880_71544776,chr2_71544955_71545796,chr2_75703196_75704248,chr5_142815895_142816475,chr7_116032327_116033153,chr7_126781249_126781424,chr8_84660555_84662042	Arid5b,Bahcc1,Bcl6b,Dlx1,Dlx2,Hoxb1,Ier2,Meox1,Msx2,Nfe2l2,Sox6,Tbx6,Tfap2a,Tnrc18
GO Molecular Function	GO:0015485	cholesterol binding	39	1.55E-02	1.00E+00	1.00E+00	1.06E+01	1.88E-01	2	1.92E-03	2.04E-02	204	2.21E-01	1.00E+00	1.00E+00	4.02E+00	2.49E-01	1	35	6.58E-03	2.86E-02	chr13_63563733_63564766,chr13_63566316_63566849	Ptch1
GO Molecular Function	GO:0015189	L-lysine transmembrane transporter activity	40	1.57E-02	1.00E+00	1.00E+00	6.33E+01	1.58E-02	1	1.61E-04	1.02E-02	43	2.81E-02	1.00E+00	1.00E+00	3.52E+01	2.84E-02	1	4	6.58E-03	2.50E-01	chr4_139309793_139310553	Pqlc2
GO Molecular Function	GO:0001102	RNA polymerase II activating transcription factor binding	41	1.59E-02	1.00E+00	1.00E+00	5.73E+00	5.24E-01	3	5.35E-03	3.06E-02	8	2.66E-03	1.00E+00	1.00E+00	1.08E+01	2.77E-01	3	39	1.97E-02	7.69E-02	chr2_75703196_75704248,chr4_132269780_132270306,chr7_126781249_126781424	Nfe2l2,Taf12,Tbx6
GO Molecular Function	GO:0004301	epoxide hydrolase activity	42	1.75E-02	1.00E+00	1.00E+00	5.67E+01	1.76E-02	1	1.80E-04	1.02E-02	48	3.50E-02	1.00E+00	1.00E+00	2.82E+01	3.55E-02	1	5	6.58E-03	2.00E-01	chr4_139309793_139310553	Akr7a5
GO Molecular Function	GO:0030942	endoplasmic reticulum signal peptide binding	43	1.80E-02	1.00E+00	1.00E+00	5.52E+01	1.81E-02	1	1.85E-04	1.02E-02	48	3.50E-02	1.00E+00	1.00E+00	2.82E+01	3.55E-02	1	5	6.58E-03	2.00E-01	chr2_118544289_118545050	Srp14
GO Molecular Function	GO:0016684	oxidoreductase activity, acting on peroxide as acceptor	44	1.85E-02	1.00E+00	1.00E+00	9.68E+00	2.07E-01	2	2.11E-03	2.04E-02	228	2.75E-01	1.00E+00	1.00E+00	3.13E+00	3.20E-01	1	45	6.58E-03	2.22E-02	chr10_80054157_80054700,chr10_80055087_80056206	Gpx4
GO Molecular Function	GO:1990837	sequence-specific double-stranded DNA binding	45	1.94E-02	1.00E+00	1.00E+00	1.79E+00	8.38E+00	15	8.55E-02	1.53E-01	3	1.29E-03	1.00E+00	1.00E+00	2.54E+00	5.51E+00	14	775	9.21E-02	1.81E-02	chr10_68276719_68277215,chr11_101964638_101965429,chr11_120186364_120189507,chr11_70233509_70233695,chr11_96352608_96353722,chr13_40727364_40730800,chr13_53471407_53472168,chr13_53472662_53473247,chr2_71541880_71544776,chr2_71544955_71545796,chr2_75703196_75704248,chr5_142815895_142816475,chr7_116032327_116033153,chr7_126781249_126781424,chr8_84660555_84662042	Arid5b,Bahcc1,Bcl6b,Dlx1,Dlx2,Hoxb1,Ier2,Meox1,Msx2,Nfe2l2,Sox6,Tbx6,Tfap2a,Tnrc18
GO Molecular Function	GO:0015171	amino acid transmembrane transporter activity	46	2.01E-02	1.00E+00	1.00E+00	5.24E+00	5.72E-01	3	5.84E-03	3.06E-02	33	1.58E-02	1.00E+00	1.00E+00	5.71E+00	5.26E-01	3	74	1.97E-02	4.05E-02	chr11_120186364_120189507,chr3_50442906_50443889,chr4_139309793_139310553	Pqlc2,Slc38a10,Slc7a11
GO Molecular Function	GO:0031732	CCR7 chemokine receptor binding	47	2.21E-02	1.00E+00	1.00E+00	4.47E+01	2.24E-02	1	2.28E-04	1.02E-02	57	4.19E-02	1.00E+00	1.00E+00	2.35E+01	4.26E-02	1	6	6.58E-03	1.67E-01	chr4_41921366_41921821	Gm21541
GO Molecular Function	GO:0001085	RNA polymerase II transcription factor binding	48	2.38E-02	1.00E+00	1.00E+00	3.08E+00	1.62E+00	5	1.66E-02	5.10E-02	27	1.26E-02	1.00E+00	1.00E+00	4.47E+00	8.95E-01	4	126	2.63E-02	3.17E-02	chr12_16589553_16589895,chr12_16590033_16592004,chr2_75703196_75704248,chr4_132269780_132270306,chr7_126781249_126781424	Lpin1,Nfe2l2,Taf12,Tbx6
GO Molecular Function	GO:1990254	keratin filament binding	49	2.41E-02	1.00E+00	1.00E+00	4.10E+01	2.44E-02	1	2.49E-04	1.02E-02	57	4.19E-02	1.00E+00	1.00E+00	2.35E+01	4.26E-02	1	6	6.58E-03	1.67E-01	chr11_100206147_100206767	Krt14
GO Molecular Function	GO:0016803	ether hydrolase activity	50	2.50E-02	1.00E+00	1.00E+00	3.95E+01	2.53E-02	1	2.58E-04	1.02E-02	71	5.55E-02	1.00E+00	1.00E+00	1.76E+01	5.68E-02	1	8	6.58E-03	1.25E-01	chr4_139309793_139310553	Akr7a5
GO Molecular Function	GO:0071820	N-box binding	51	2.51E-02	1.00E+00	1.00E+00	3.94E+01	2.54E-02	1	2.59E-04	1.02E-02	14	7.10E-03	1.00E+00	1.00E+00	1.41E+02	7.10E-03	1	1	6.58E-03	1.00E+00	chr16_30066210_30067176	Hes1
GO Molecular Function	GO:0035575	histone demethylase activity (H4-K20 specific)	52	2.58E-02	1.00E+00	1.00E+00	3.83E+01	2.61E-02	1	2.67E-04	1.02E-02	29	1.42E-02	1.00E+00	1.00E+00	7.04E+01	1.42E-02	1	2	6.58E-03	5.00E-01	chr6_39204889_39205411	Kdm7a
GO Molecular Function	GO:0003690	double-stranded DNA binding	53	2.74E-02	1.00E+00	1.00E+00	1.71E+00	8.75E+00	15	8.93E-02	1.53E-01	10	2.97E-03	1.00E+00	1.00E+00	2.32E+00	6.03E+00	14	849	9.21E-02	1.65E-02	chr10_68276719_68277215,chr11_101964638_101965429,chr11_120186364_120189507,chr11_70233509_70233695,chr11_96352608_96353722,chr13_40727364_40730800,chr13_53471407_53472168,chr13_53472662_53473247,chr2_71541880_71544776,chr2_71544955_71545796,chr2_75703196_75704248,chr5_142815895_142816475,chr7_116032327_116033153,chr7_126781249_126781424,chr8_84660555_84662042	Arid5b,Bahcc1,Bcl6b,Dlx1,Dlx2,Hoxb1,Ier2,Meox1,Msx2,Nfe2l2,Sox6,Tbx6,Tfap2a,Tnrc18
GO Molecular Function	GO:0042288	MHC class I protein binding	54	2.89E-02	1.00E+00	1.00E+00	3.42E+01	2.93E-02	1	2.99E-04	1.02E-02	110	9.50E-02	1.00E+00	1.00E+00	1.01E+01	9.95E-02	1	14	6.58E-03	7.14E-02	chr17_35836387_35836777	Tubb5
GO Molecular Function	GO:0044212	transcription regulatory region DNA binding	55	2.90E-02	1.00E+00	1.00E+00	1.66E+00	9.61E+00	16	9.81E-02	1.63E-01	5	1.75E-03	1.00E+00	1.00E+00	2.37E+00	6.34E+00	15	892	9.87E-02	1.68E-02	chr10_68276719_68277215,chr11_101964638_101965429,chr11_120186364_120189507,chr11_70233509_70233695,chr11_96352608_96353722,chr13_40727364_40730800,chr13_53471407_53472168,chr13_53472662_53473247,chr16_30066210_30067176,chr2_71541880_71544776,chr2_71544955_71545796,chr2_75703196_75704248,chr5_142815895_142816475,chr7_116032327_116033153,chr7_126781249_126781424,chr8_84660555_84662042	Arid5b,Bahcc1,Bcl6b,Dlx1,Dlx2,Hes1,Hoxb1,Ier2,Meox1,Msx2,Nfe2l2,Sox6,Tbx6,Tfap2a,Tnrc18
GO Molecular Function	GO:0000975	regulatory region DNA binding	56	2.91E-02	1.00E+00	1.00E+00	1.66E+00	9.62E+00	16	9.81E-02	1.63E-01	6	1.79E-03	1.00E+00	1.00E+00	2.36E+00	6.35E+00	15	894	9.87E-02	1.68E-02	chr10_68276719_68277215,chr11_101964638_101965429,chr11_120186364_120189507,chr11_70233509_70233695,chr11_96352608_96353722,chr13_40727364_40730800,chr13_53471407_53472168,chr13_53472662_53473247,chr16_30066210_30067176,chr2_71541880_71544776,chr2_71544955_71545796,chr2_75703196_75704248,chr5_142815895_142816475,chr7_116032327_116033153,chr7_126781249_126781424,chr8_84660555_84662042	Arid5b,Bahcc1,Bcl6b,Dlx1,Dlx2,Hes1,Hoxb1,Ier2,Meox1,Msx2,Nfe2l2,Sox6,Tbx6,Tfap2a,Tnrc18
GO Molecular Function	GO:0008312	7S RNA binding	57	2.97E-02	1.00E+00	1.00E+00	3.32E+01	3.02E-02	1	3.08E-04	1.02E-02	71	5.55E-02	1.00E+00	1.00E+00	1.76E+01	5.68E-02	1	8	6.58E-03	1.25E-01	chr2_118544289_118545050	Srp14
GO Molecular Function	GO:0015562	efflux transmembrane transporter activity	58	2.97E-02	1.00E+00	1.00E+00	3.31E+01	3.02E-02	1	3.08E-04	1.02E-02	48	3.50E-02	1.00E+00	1.00E+00	2.82E+01	3.55E-02	1	5	6.58E-03	2.00E-01	chr12_118847345_118851129	Abcb5
GO Molecular Function	GO:0000977	RNA polymerase II regulatory region sequence-specific DNA binding	59	3.12E-02	1.00E+00	1.00E+00	1.77E+00	7.34E+00	13	7.49E-02	1.33E-01	7	2.57E-03	1.00E+00	1.00E+00	2.57E+00	4.66E+00	12	656	7.89E-02	1.83E-02	chr10_68276719_68277215,chr11_101964638_101965429,chr11_70233509_70233695,chr11_96352608_96353722,chr13_40727364_40730800,chr13_53471407_53472168,chr13_53472662_53473247,chr2_71541880_71544776,chr2_71544955_71545796,chr2_75703196_75704248,chr7_116032327_116033153,chr7_126781249_126781424,chr8_84660555_84662042	Arid5b,Bcl6b,Dlx1,Dlx2,Hoxb1,Ier2,Meox1,Msx2,Nfe2l2,Sox6,Tbx6,Tfap2a
GO Molecular Function	GO:0032934	sterol binding	60	3.12E-02	1.00E+00	1.00E+00	7.29E+00	2.75E-01	2	2.80E-03	2.04E-02	217	2.43E-01	1.00E+00	1.00E+00	3.61E+00	2.77E-01	1	39	6.58E-03	2.56E-02	chr13_63563733_63564766,chr13_63566316_63566849	Ptch1
GO Molecular Function	GO:0001012	RNA polymerase II regulatory region DNA binding	61	3.19E-02	1.00E+00	1.00E+00	1.77E+00	7.36E+00	13	7.51E-02	1.33E-01	9	2.67E-03	1.00E+00	1.00E+00	2.56E+00	4.68E+00	12	659	7.89E-02	1.82E-02	chr10_68276719_68277215,chr11_101964638_101965429,chr11_70233509_70233695,chr11_96352608_96353722,chr13_40727364_40730800,chr13_53471407_53472168,chr13_53472662_53473247,chr2_71541880_71544776,chr2_71544955_71545796,chr2_75703196_75704248,chr7_116032327_116033153,chr7_126781249_126781424,chr8_84660555_84662042	Arid5b,Bcl6b,Dlx1,Dlx2,Hoxb1,Ier2,Meox1,Msx2,Nfe2l2,Sox6,Tbx6,Tfap2a
GO Molecular Function	GO:0016409	palmitoyltransferase activity	62	3.39E-02	1.00E+00	1.00E+00	6.97E+00	2.87E-01	2	2.93E-03	2.04E-02	46	2.84E-02	1.00E+00	1.00E+00	7.61E+00	2.63E-01	2	37	1.32E-02	5.41E-02	chr13_53471407_53472168,chr19_42280099_42280665	Golga7b,Sptlc1
GO Molecular Function	GO:0005132	type I interferon receptor binding	63	3.39E-02	1.00E+00	1.00E+00	2.90E+01	3.45E-02	1	3.52E-04	1.02E-02	35	2.04E-02	1.00E+00	1.00E+00	9.08E+00	2.20E-01	2	31	1.32E-02	6.45E-02	chr4_88779584_88779910	Gm13272,Ifnz
GO Molecular Function	GO:0000980	RNA polymerase II distal enhancer sequence-specific DNA binding	64	3.49E-02	1.00E+00	1.00E+00	4.22E+00	7.11E-01	3	7.25E-03	3.06E-02	34	1.81E-02	1.00E+00	1.00E+00	5.41E+00	5.54E-01	3	78	1.97E-02	3.85E-02	chr13_40727364_40730800,chr2_75703196_75704248,chr7_126781249_126781424	Nfe2l2,Tbx6,Tfap2a
GO Molecular Function	GO:0015181	arginine transmembrane transporter activity	65	3.71E-02	1.00E+00	1.00E+00	2.65E+01	3.78E-02	1	3.85E-04	1.02E-02	48	3.50E-02	1.00E+00	1.00E+00	2.82E+01	3.55E-02	1	5	6.58E-03	2.00E-01	chr4_139309793_139310553	Pqlc2
GO Molecular Function	GO:0017070	U6 snRNA binding	66	3.75E-02	1.00E+00	1.00E+00	2.62E+01	3.82E-02	1	3.90E-04	1.02E-02	84	6.88E-02	1.00E+00	1.00E+00	1.41E+01	7.10E-02	1	10	6.58E-03	1.00E-01	chr11_69919322_69920053	Eif5a
GO Molecular Function	GO:0016615	malate dehydrogenase activity	67	3.99E-02	1.00E+00	1.00E+00	2.45E+01	4.07E-02	1	4.16E-04	1.02E-02	65	4.87E-02	1.00E+00	1.00E+00	2.01E+01	4.97E-02	1	7	6.58E-03	1.43E-01	chr5_135790394_135790983	Mdh2
GO Molecular Function	GO:0016801	hydrolase activity, acting on ether bonds	68	4.22E-02	1.00E+00	1.00E+00	2.32E+01	4.31E-02	1	4.40E-04	1.02E-02	84	6.88E-02	1.00E+00	1.00E+00	1.41E+01	7.10E-02	1	10	6.58E-03	1.00E-01	chr4_139309793_139310553	Akr7a5
GO Molecular Function	GO:0071558	histone demethylase activity (H3-K27 specific)	69	4.22E-02	1.00E+00	1.00E+00	2.32E+01	4.31E-02	1	4.40E-04	1.02E-02	43	2.81E-02	1.00E+00	1.00E+00	3.52E+01	2.84E-02	1	4	6.58E-03	2.50E-01	chr6_39204889_39205411	Kdm7a
GO Molecular Function	GO:0032266	phosphatidylinositol-3-phosphate binding	70	4.22E-02	1.00E+00	1.00E+00	6.17E+00	3.24E-01	2	3.31E-03	2.04E-02	201	2.15E-01	1.00E+00	1.00E+00	4.14E+00	2.42E-01	1	34	6.58E-03	2.94E-02	chr7_38184529_38185013,chr7_38197297_38198262	Plekhf1
GO Molecular Function	GO:0051959	dynein light intermediate chain binding	71	4.32E-02	1.00E+00	1.00E+00	6.09E+00	3.28E-01	2	3.35E-03	2.04E-02	193	2.04E-01	1.00E+00	1.00E+00	4.40E+00	2.27E-01	1	32	6.58E-03	3.13E-02	chr8_26117824_26118019,chr8_26118257_26118822	Hook3
GO Molecular Function	GO:0015174	basic amino acid transmembrane transporter activity	72	4.33E-02	1.00E+00	1.00E+00	2.26E+01	4.42E-02	1	4.51E-04	1.02E-02	71	5.55E-02	1.00E+00	1.00E+00	1.76E+01	5.68E-02	1	8	6.58E-03	1.25E-01	chr4_139309793_139310553	Pqlc2
GO Molecular Function	GO:0017110	nucleoside-diphosphatase activity	73	4.46E-02	1.00E+00	1.00E+00	2.19E+01	4.56E-02	1	4.65E-04	1.02E-02	121	1.08E-01	1.00E+00	1.00E+00	8.80E+00	1.14E-01	1	16	6.58E-03	6.25E-02	chr14_70580681_70580934	Nudt18
GO Molecular Function	GO:0016209	antioxidant activity	74	4.47E-02	1.00E+00	1.00E+00	5.98E+00	3.35E-01	2	3.41E-03	2.04E-02	289	4.27E-01	1.00E+00	1.00E+00	1.80E+00	5.54E-01	1	78	6.58E-03	1.28E-02	chr10_80054157_80054700,chr10_80055087_80056206	Gpx4
GO Molecular Function	GO:0008504	monoamine transmembrane transporter activity	75	4.62E-02	1.00E+00	1.00E+00	2.12E+01	4.73E-02	1	4.82E-04	1.02E-02	84	6.88E-02	1.00E+00	1.00E+00	1.41E+01	7.10E-02	1	10	6.58E-03	1.00E-01	chr5_142815895_142816475	Slc29a4
GO Molecular Function	GO:0008526	phosphatidylinositol transporter activity	76	4.65E-02	1.00E+00	1.00E+00	2.10E+01	4.76E-02	1	4.85E-04	1.02E-02	65	4.87E-02	1.00E+00	1.00E+00	2.01E+01	4.97E-02	1	7	6.58E-03	1.43E-01	chr5_111006204_111007025	Pitpnb
GO Molecular Function	GO:0086056	voltage-gated calcium channel activity involved in AV node cell action potential	77	4.88E-02	1.00E+00	1.00E+00	2.00E+01	5.00E-02	1	5.10E-04	1.02E-02	36	2.12E-02	1.00E+00	1.00E+00	4.69E+01	2.13E-02	1	3	6.58E-03	3.33E-01	chr6_118758397_118758711	Cacna1c
GO Molecular Function	GO:1903136	cuprous ion binding	78	5.00E-02	1.00E+00	1.00E+00	1.95E+01	5.12E-02	1	5.23E-04	1.02E-02	65	4.87E-02	1.00E+00	1.00E+00	2.01E+01	4.97E-02	1	7	6.58E-03	1.43E-01	chr6_60830285_60830625	Snca
GO Molecular Function	GO:0015327	cystine:glutamate antiporter activity	79	5.08E-02	1.00E+00	1.00E+00	1.92E+01	5.21E-02	1	5.31E-04	1.02E-02	14	7.10E-03	1.00E+00	1.00E+00	1.41E+02	7.10E-03	1	1	6.58E-03	1.00E+00	chr3_50442906_50443889	Slc7a11
GO Molecular Function	GO:1990825	sequence-specific mRNA binding	80	5.10E-02	1.00E+00	1.00E+00	1.91E+01	5.23E-02	1	5.34E-04	1.02E-02	77	6.22E-02	1.00E+00	1.00E+00	1.56E+01	6.39E-02	1	9	6.58E-03	1.11E-01	chr4_134019055_134020274	Lin28a
GO Molecular Function	GO:0008134	transcription factor binding	81	5.26E-02	1.00E+00	1.00E+00	1.79E+00	5.58E+00	10	5.69E-02	1.02E-01	64	4.73E-02	1.00E+00	1.00E+00	2.01E+00	3.99E+00	8	561	5.26E-02	1.43E-02	chr11_101964638_101965429,chr12_16589553_16589895,chr12_16590033_16592004,chr13_53471407_53472168,chr13_53472662_53473247,chr16_30066210_30067176,chr2_75703196_75704248,chr4_132269780_132270306,chr7_126781249_126781424,chr7_19355987_19356721	Hes1,Lpin1,Msx2,Nfe2l2,Ppp1r13l,Sost,Taf12,Tbx6
GO Molecular Function	GO:0003746	translation elongation factor activity	82	5.26E-02	1.00E+00	1.00E+00	1.85E+01	5.41E-02	1	5.52E-04	1.02E-02	121	1.08E-01	1.00E+00	1.00E+00	8.80E+00	1.14E-01	1	16	6.58E-03	6.25E-02	chr11_69919322_69920053	Eif5a
GO Molecular Function	GO:0005539	glycosaminoglycan binding	83	5.60E-02	1.00E+00	1.00E+00	2.43E+00	2.06E+00	5	2.10E-02	5.10E-02	62	4.46E-02	1.00E+00	1.00E+00	3.01E+00	1.33E+00	4	187	2.63E-02	2.14E-02	chr10_86836857_86837177,chr11_101964638_101965429,chr13_63563733_63564766,chr13_63566316_63566849,chr14_46387358_46388080	Bmp4,Ptch1,Sost,Stab2
GO Molecular Function	GO:0005294	neutral L-amino acid secondary active transmembrane transporter activity	84	5.74E-02	1.00E+00	1.00E+00	1.69E+01	5.91E-02	1	6.03E-04	1.02E-02	29	1.42E-02	1.00E+00	1.00E+00	7.04E+01	1.42E-02	1	2	6.58E-03	5.00E-01	chr3_50442906_50443889	Slc7a11
GO Molecular Function	GO:0003729	mRNA binding	85	5.96E-02	1.00E+00	1.00E+00	2.74E+00	1.46E+00	4	1.49E-02	4.08E-02	284	4.04E-01	1.00E+00	1.00E+00	1.44E+00	1.39E+00	2	195	1.32E-02	1.03E-02	chr17_83920344_83920701,chr17_84184827_84185319,chr17_84185496_84186847,chr4_134019055_134020274	Lin28a,Zfp36l2
GO Molecular Function	GO:0019215	intermediate filament binding	86	5.99E-02	1.00E+00	1.00E+00	1.62E+01	6.18E-02	1	6.30E-04	1.02E-02	103	8.85E-02	1.00E+00	1.00E+00	1.08E+01	9.24E-02	1	13	6.58E-03	7.69E-02	chr11_100206147_100206767	Krt14
GO Molecular Function	GO:0015179	L-amino acid transmembrane transporter activity	87	6.17E-02	1.00E+00	1.00E+00	4.98E+00	4.02E-01	2	4.10E-03	2.04E-02	70	5.28E-02	1.00E+00	1.00E+00	5.41E+00	3.69E-01	2	52	1.32E-02	3.85E-02	chr3_50442906_50443889,chr4_139309793_139310553	Pqlc2,Slc7a11
GO Molecular Function	GO:0033613	activating transcription factor binding	88	6.53E-02	1.00E+00	1.00E+00	3.26E+00	9.20E-01	3	9.38E-03	3.06E-02	28	1.36E-02	1.00E+00	1.00E+00	6.03E+00	4.97E-01	3	70	1.97E-02	4.29E-02	chr2_75703196_75704248,chr4_132269780_132270306,chr7_126781249_126781424	Nfe2l2,Taf12,Tbx6
GO Molecular Function	GO:0008201	heparin binding	89	6.74E-02	1.00E+00	1.00E+00	2.62E+00	1.53E+00	4	1.56E-02	4.08E-02	98	7.94E-02	1.00E+00	1.00E+00	2.99E+00	1.00E+00	3	141	1.97E-02	2.13E-02	chr11_101964638_101965429,chr13_63563733_63564766,chr13_63566316_63566849,chr14_46387358_46388080	Bmp4,Ptch1,Sost
GO Molecular Function	GO:0033130	acetylcholine receptor binding	90	6.74E-02	1.00E+00	1.00E+00	1.43E+01	6.97E-02	1	7.11E-04	1.02E-02	103	8.85E-02	1.00E+00	1.00E+00	1.08E+01	9.24E-02	1	13	6.58E-03	7.69E-02	chr17_35076056_35076989	Ly6g6e
GO Molecular Function	GO:0030550	acetylcholine receptor inhibitor activity	91	6.84E-02	1.00E+00	1.00E+00	1.41E+01	7.09E-02	1	7.23E-04	1.02E-02	57	4.19E-02	1.00E+00	1.00E+00	2.35E+01	4.26E-02	1	6	6.58E-03	1.67E-01	chr17_35076056_35076989	Ly6g6d
GO Molecular Function	GO:0000030	mannosyltransferase activity	92	6.92E-02	1.00E+00	1.00E+00	1.40E+01	7.16E-02	1	7.31E-04	1.02E-02	145	1.45E-01	1.00E+00	1.00E+00	6.40E+00	1.56E-01	1	22	6.58E-03	4.55E-02	chr16_5254419_5255117	Alg1
GO Molecular Function	GO:0008525	phosphatidylcholine transporter activity	93	7.38E-02	1.00E+00	1.00E+00	1.31E+01	7.66E-02	1	7.82E-04	1.02E-02	71	5.55E-02	1.00E+00	1.00E+00	1.76E+01	5.68E-02	1	8	6.58E-03	1.25E-01	chr5_111006204_111007025	Pitpnb
GO Molecular Function	GO:0050544	arachidonic acid binding	94	7.46E-02	1.00E+00	1.00E+00	1.29E+01	7.76E-02	1	7.91E-04	1.02E-02	65	4.87E-02	1.00E+00	1.00E+00	2.01E+01	4.97E-02	1	7	6.58E-03	1.43E-01	chr6_60830285_60830625	Snca
GO Molecular Function	GO:1990763	arrestin family protein binding	95	7.47E-02	1.00E+00	1.00E+00	1.29E+01	7.76E-02	1	7.92E-04	1.02E-02	57	4.19E-02	1.00E+00	1.00E+00	2.35E+01	4.26E-02	1	6	6.58E-03	1.67E-01	chr6_36388037_36388580	Chrm2
GO Molecular Function	GO:0046943	carboxylic acid transmembrane transporter activity	96	7.50E-02	1.00E+00	1.00E+00	3.07E+00	9.76E-01	3	9.96E-03	3.06E-02	76	5.97E-02	1.00E+00	1.00E+00	3.38E+00	8.88E-01	3	125	1.97E-02	2.40E-02	chr11_120186364_120189507,chr3_50442906_50443889,chr4_139309793_139310553	Pqlc2,Slc38a10,Slc7a11
GO Molecular Function	GO:0050543	icosatetraenoic acid binding	97	7.56E-02	1.00E+00	1.00E+00	1.27E+01	7.86E-02	1	8.02E-04	1.02E-02	71	5.55E-02	1.00E+00	1.00E+00	1.76E+01	5.68E-02	1	8	6.58E-03	1.25E-01	chr6_60830285_60830625	Snca
GO Molecular Function	GO:0031545	peptidyl-proline 4-dioxygenase activity	98	7.66E-02	1.00E+00	1.00E+00	1.26E+01	7.97E-02	1	8.13E-04	1.02E-02	77	6.22E-02	1.00E+00	1.00E+00	1.56E+01	6.39E-02	1	9	6.58E-03	1.11E-01	chr8_124946584_124947555	Egln1
GO Molecular Function	GO:0043178	alcohol binding	99	7.74E-02	1.00E+00	1.00E+00	4.37E+00	4.58E-01	2	4.67E-03	2.04E-02	265	3.71E-01	1.00E+00	1.00E+00	2.17E+00	4.62E-01	1	65	6.58E-03	1.54E-02	chr13_63563733_63564766,chr13_63566316_63566849	Ptch1
GO Molecular Function	GO:0000099	sulfur amino acid transmembrane transporter activity	100	7.81E-02	1.00E+00	1.00E+00	1.23E+01	8.13E-02	1	8.30E-04	1.02E-02	57	4.19E-02	1.00E+00	1.00E+00	2.35E+01	4.26E-02	1	6	6.58E-03	1.67E-01	chr3_50442906_50443889	Slc7a11
GO Molecular Function	GO:0086007	voltage-gated calcium channel activity involved in cardiac muscle cell action potential	101	7.97E-02	1.00E+00	1.00E+00	1.20E+01	8.30E-02	1	8.47E-04	1.02E-02	48	3.50E-02	1.00E+00	1.00E+00	2.82E+01	3.55E-02	1	5	6.58E-03	2.00E-01	chr6_118758397_118758711	Cacna1c
GO Molecular Function	GO:0004758	serine C-palmitoyltransferase activity	102	8.03E-02	1.00E+00	1.00E+00	1.20E+01	8.37E-02	1	8.54E-04	1.02E-02	48	3.50E-02	1.00E+00	1.00E+00	2.82E+01	3.55E-02	1	5	6.58E-03	2.00E-01	chr13_53471407_53472168	Sptlc1
GO Molecular Function	GO:0005245	voltage-gated calcium channel activity	103	8.21E-02	1.00E+00	1.00E+00	4.22E+00	4.74E-01	2	4.84E-03	2.04E-02	47	3.28E-02	1.00E+00	1.00E+00	7.04E+00	2.84E-01	2	40	1.32E-02	5.00E-02	chr6_118758397_118758711,chr8_84660555_84662042	Cacna1a,Cacna1c
GO Molecular Function	GO:0016706	oxidoreductase activity, acting on paired donors, with incorporation or reduction of molecular oxygen, 2-oxoglutarate as one donor, and incorporation of one atom each of oxygen into both donors	104	8.50E-02	1.00E+00	1.00E+00	4.13E+00	4.84E-01	2	4.94E-03	2.04E-02	56	3.91E-02	1.00E+00	1.00E+00	6.40E+00	3.13E-01	2	44	1.32E-02	4.55E-02	chr6_39204889_39205411,chr8_124946584_124947555	Egln1,Kdm7a
GO Molecular Function	GO:0045502	dynein binding	105	8.83E-02	1.00E+00	1.00E+00	4.04E+00	4.95E-01	2	5.05E-03	2.04E-02	250	3.34E-01	1.00E+00	1.00E+00	2.47E+00	4.05E-01	1	57	6.58E-03	1.75E-02	chr8_26117824_26118019,chr8_26118257_26118822	Hook3
GO Molecular Function	GO:0005342	organic acid transmembrane transporter activity	106	8.84E-02	1.00E+00	1.00E+00	2.86E+00	1.05E+00	3	1.07E-02	3.06E-02	89	7.42E-02	1.00E+00	1.00E+00	3.08E+00	9.73E-01	3	137	1.97E-02	2.19E-02	chr11_120186364_120189507,chr3_50442906_50443889,chr4_139309793_139310553	Pqlc2,Slc38a10,Slc7a11
GO Molecular Function	GO:0008253	5-nucleotidase activity	107	8.89E-02	1.00E+00	1.00E+00	1.07E+01	9.31E-02	1	9.50E-04	1.02E-02	99	8.20E-02	1.00E+00	1.00E+00	1.17E+01	8.53E-02	1	12	6.58E-03	8.33E-02	chr10_86836857_86837177	Nt5dc3
GO Molecular Function	GO:0036041	long-chain fatty acid binding	108	9.04E-02	1.00E+00	1.00E+00	1.06E+01	9.47E-02	1	9.66E-04	1.02E-02	99	8.20E-02	1.00E+00	1.00E+00	1.17E+01	8.53E-02	1	12	6.58E-03	8.33E-02	chr6_60830285_60830625	Snca
GO Molecular Function	GO:0048156	tau protein binding	109	9.21E-02	1.00E+00	1.00E+00	1.04E+01	9.65E-02	1	9.85E-04	1.02E-02	77	6.22E-02	1.00E+00	1.00E+00	1.56E+01	6.39E-02	1	9	6.58E-03	1.11E-01	chr6_60830285_60830625	Snca
GO Molecular Function	GO:0030548	acetylcholine receptor regulator activity	110	9.21E-02	1.00E+00	1.00E+00	1.04E+01	9.66E-02	1	9.86E-04	1.02E-02	13	5.64E-03	1.00E+00	1.00E+00	1.76E+01	1.14E-01	2	16	1.32E-02	1.25E-01	chr17_35076056_35076989	Ly6g6d,Ly6g6e
GO Molecular Function	GO:0071949	FAD binding	111	9.72E-02	1.00E+00	1.00E+00	9.78E+00	1.02E-01	1	1.04E-03	1.02E-02	140	1.39E-01	1.00E+00	1.00E+00	6.70E+00	1.49E-01	1	21	6.58E-03	4.76E-02	chr6_121069244_121070033	Mical3
GO Molecular Function	GO:0002151	G-quadruplex RNA binding	112	9.95E-02	1.00E+00	1.00E+00	9.55E+00	1.05E-01	1	1.07E-03	1.02E-02	77	6.22E-02	1.00E+00	1.00E+00	1.56E+01	6.39E-02	1	9	6.58E-03	1.11E-01	chr4_134019055_134020274	Lin28a
GO Molecular Function	GO:0031543	peptidyl-proline dioxygenase activity	113	1.03E-01	1.00E+00	1.00E+00	9.17E+00	1.09E-01	1	1.11E-03	1.02E-02	103	8.85E-02	1.00E+00	1.00E+00	1.08E+01	9.24E-02	1	13	6.58E-03	7.69E-02	chr8_124946584_124947555	Egln1
GO Molecular Function	GO:0048020	CCR chemokine receptor binding	114	1.05E-01	1.00E+00	1.00E+00	9.02E+00	1.11E-01	1	1.13E-03	1.02E-02	201	2.15E-01	1.00E+00	1.00E+00	4.14E+00	2.42E-01	1	34	6.58E-03	2.94E-02	chr4_41921366_41921821	Gm21541
GO Molecular Function	GO:0042826	histone deacetylase binding	115	1.08E-01	1.00E+00	1.00E+00	2.62E+00	1.15E+00	3	1.17E-02	3.06E-02	178	1.82E-01	1.00E+00	1.00E+00	2.58E+00	7.74E-01	2	109	1.32E-02	1.83E-02	chr12_16589553_16589895,chr12_16590033_16592004,chr16_30066210_30067176	Hes1,Lpin1
GO Molecular Function	GO:0030296	protein tyrosine kinase activator activity	116	1.08E-01	1.00E+00	1.00E+00	8.74E+00	1.14E-01	1	1.17E-03	1.02E-02	116	1.01E-01	1.00E+00	1.00E+00	9.38E+00	1.07E-01	1	15	6.58E-03	6.67E-02	chr19_57119757_57120427	Afap1l2
GO Molecular Function	GO:0051087	chaperone binding	117	1.09E-01	1.00E+00	1.00E+00	3.55E+00	5.63E-01	2	5.74E-03	2.04E-02	126	1.13E-01	1.00E+00	1.00E+00	3.48E+00	5.75E-01	2	81	1.32E-02	2.47E-02	chr12_87298202_87298732,chr16_30066210_30067176	Ahsa1,Hes1
GO Molecular Function	GO:0042287	MHC protein binding	118	1.09E-01	1.00E+00	1.00E+00	8.63E+00	1.16E-01	1	1.18E-03	1.02E-02	156	1.63E-01	1.00E+00	1.00E+00	5.63E+00	1.78E-01	1	25	6.58E-03	4.00E-02	chr17_35836387_35836777	Tubb5
GO Molecular Function	GO:0016907	G-protein coupled acetylcholine receptor activity	119	1.10E-01	1.00E+00	1.00E+00	8.57E+00	1.17E-01	1	1.19E-03	1.02E-02	48	3.50E-02	1.00E+00	1.00E+00	2.82E+01	3.55E-02	1	5	6.58E-03	2.00E-01	chr6_36388037_36388580	Chrm2
GO Molecular Function	GO:0001671	ATPase activator activity	120	1.12E-01	1.00E+00	1.00E+00	8.39E+00	1.19E-01	1	1.22E-03	1.02E-02	131	1.27E-01	1.00E+00	1.00E+00	7.41E+00	1.35E-01	1	19	6.58E-03	5.26E-02	chr12_87298202_87298732	Ahsa1
GO Molecular Function	GO:0032454	histone demethylase activity (H3-K9 specific)	121	1.14E-01	1.00E+00	1.00E+00	8.27E+00	1.21E-01	1	1.23E-03	1.02E-02	99	8.20E-02	1.00E+00	1.00E+00	1.17E+01	8.53E-02	1	12	6.58E-03	8.33E-02	chr6_39204889_39205411	Kdm7a
GO Molecular Function	GO:0005041	low-density lipoprotein receptor activity	122	1.16E-01	1.00E+00	1.00E+00	8.15E+00	1.23E-01	1	1.25E-03	1.02E-02	84	6.88E-02	1.00E+00	1.00E+00	1.41E+01	7.10E-02	1	10	6.58E-03	1.00E-01	chr10_86836857_86837177	Stab2
GO Molecular Function	GO:0005337	nucleoside transmembrane transporter activity	123	1.16E-01	1.00E+00	1.00E+00	8.15E+00	1.23E-01	1	1.25E-03	1.02E-02	131	1.27E-01	1.00E+00	1.00E+00	7.41E+00	1.35E-01	1	19	6.58E-03	5.26E-02	chr5_142815895_142816475	Slc29a4
GO Molecular Function	GO:0001158	enhancer sequence-specific DNA binding	124	1.16E-01	1.00E+00	1.00E+00	2.53E+00	1.18E+00	3	1.21E-02	3.06E-02	55	3.54E-02	1.00E+00	1.00E+00	4.18E+00	7.18E-01	3	101	1.97E-02	2.97E-02	chr13_40727364_40730800,chr2_75703196_75704248,chr7_126781249_126781424	Nfe2l2,Tbx6,Tfap2a
GO Molecular Function	GO:0070530	K63-linked polyubiquitin binding	125	1.17E-01	1.00E+00	1.00E+00	8.05E+00	1.24E-01	1	1.27E-03	1.02E-02	140	1.39E-01	1.00E+00	1.00E+00	6.70E+00	1.49E-01	1	21	6.58E-03	4.76E-02	chr8_124946584_124947555	Sprtn
GO Molecular Function	GO:0003950	NAD+ ADP-ribosyltransferase activity	126	1.20E-01	1.00E+00	1.00E+00	7.82E+00	1.28E-01	1	1.31E-03	1.02E-02	131	1.27E-01	1.00E+00	1.00E+00	7.41E+00	1.35E-01	1	19	6.58E-03	5.26E-02	chr6_39204889_39205411	Parp12
GO Molecular Function	GO:0008381	mechanically-gated ion channel activity	127	1.22E-01	1.00E+00	1.00E+00	7.72E+00	1.29E-01	1	1.32E-03	1.02E-02	77	6.22E-02	1.00E+00	1.00E+00	1.56E+01	6.39E-02	1	9	6.58E-03	1.11E-01	chr5_100067158_100068139	Tmem150c
GO Molecular Function	GO:0000989	transcription factor activity, transcription factor binding	128	1.27E-01	1.00E+00	1.00E+00	1.60E+00	4.99E+00	8	5.09E-02	8.16E-02	90	7.45E-02	1.00E+00	1.00E+00	1.92E+00	3.65E+00	7	514	4.61E-02	1.36E-02	chr10_68276719_68277215,chr11_69919322_69920053,chr13_40727364_40730800,chr13_53471407_53472168,chr13_53472662_53473247,chr13_69770884_69771496,chr4_132269780_132270306,chr7_126781249_126781424	Arid5b,Gps2,Med10,Msx2,Taf12,Tbx6,Tfap2a
GO Molecular Function	GO:0016747	transferase activity, transferring acyl groups other than amino-acyl groups	129	1.27E-01	1.00E+00	1.00E+00	2.43E+00	1.24E+00	3	1.26E-02	3.06E-02	199	2.12E-01	1.00E+00	1.00E+00	1.89E+00	1.58E+00	3	223	1.97E-02	1.35E-02	chr13_53471407_53472168,chr19_42280099_42280665,chr4_132269780_132270306	Golga7b,Sptlc1,Taf12
GO Molecular Function	GO:0017069	snRNA binding	130	1.28E-01	1.00E+00	1.00E+00	7.33E+00	1.36E-01	1	1.39E-03	1.02E-02	214	2.38E-01	1.00E+00	1.00E+00	3.70E+00	2.70E-01	1	38	6.58E-03	2.63E-02	chr11_69919322_69920053	Eif5a
GO Molecular Function	GO:0016408	C-acyltransferase activity	131	1.28E-01	1.00E+00	1.00E+00	7.30E+00	1.37E-01	1	1.40E-03	1.02E-02	140	1.39E-01	1.00E+00	1.00E+00	6.70E+00	1.49E-01	1	21	6.58E-03	4.76E-02	chr13_53471407_53472168	Sptlc1
GO Molecular Function	GO:0031210	phosphatidylcholine binding	132	1.29E-01	1.00E+00	1.00E+00	7.27E+00	1.38E-01	1	1.40E-03	1.02E-02	137	1.33E-01	1.00E+00	1.00E+00	7.04E+00	1.42E-01	1	20	6.58E-03	5.00E-02	chr5_111006204_111007025	Pitpnb
GO Molecular Function	GO:0005212	structural constituent of eye lens	133	1.29E-01	1.00E+00	1.00E+00	7.23E+00	1.38E-01	1	1.41E-03	1.02E-02	150	1.57E-01	1.00E+00	1.00E+00	5.86E+00	1.71E-01	1	24	6.58E-03	4.17E-02	chr5_24757808_24758735	Crygn
GO Molecular Function	GO:0005540	hyaluronic acid binding	134	1.33E-01	1.00E+00	1.00E+00	7.02E+00	1.43E-01	1	1.45E-03	1.02E-02	145	1.45E-01	1.00E+00	1.00E+00	6.40E+00	1.56E-01	1	22	6.58E-03	4.55E-02	chr10_86836857_86837177	Stab2
GO Molecular Function	GO:0000988	transcription factor activity, protein binding	135	1.34E-01	1.00E+00	1.00E+00	1.58E+00	5.06E+00	8	5.16E-02	8.16E-02	97	7.93E-02	1.00E+00	1.00E+00	1.89E+00	3.71E+00	7	522	4.61E-02	1.34E-02	chr10_68276719_68277215,chr11_69919322_69920053,chr13_40727364_40730800,chr13_53471407_53472168,chr13_53472662_53473247,chr13_69770884_69771496,chr4_132269780_132270306,chr7_126781249_126781424	Arid5b,Gps2,Med10,Msx2,Taf12,Tbx6,Tfap2a
GO Molecular Function	GO:0035326	enhancer binding	136	1.37E-01	1.00E+00	1.00E+00	2.35E+00	1.28E+00	3	1.30E-02	3.06E-02	63	4.57E-02	1.00E+00	1.00E+00	3.77E+00	7.96E-01	3	112	1.97E-02	2.68E-02	chr13_40727364_40730800,chr2_75703196_75704248,chr7_126781249_126781424	Nfe2l2,Tbx6,Tfap2a
GO Molecular Function	GO:0001206	transcriptional repressor activity, RNA polymerase II distal enhancer sequence-specific binding	137	1.38E-01	1.00E+00	1.00E+00	6.76E+00	1.48E-01	1	1.51E-03	1.02E-02	92	7.54E-02	1.00E+00	1.00E+00	1.28E+01	7.81E-02	1	11	6.58E-03	9.09E-02	chr7_126781249_126781424	Tbx6
GO Molecular Function	GO:0043021	ribonucleoprotein complex binding	138	1.38E-01	1.00E+00	1.00E+00	3.08E+00	6.50E-01	2	6.63E-03	2.04E-02	212	2.36E-01	1.00E+00	1.00E+00	2.17E+00	9.24E-01	2	130	1.32E-02	1.54E-02	chr11_69919322_69920053,chr4_134019055_134020274	Eif5a,Lin28a
GO Molecular Function	GO:0008252	nucleotidase activity	139	1.39E-01	1.00E+00	1.00E+00	6.68E+00	1.50E-01	1	1.53E-03	1.02E-02	110	9.50E-02	1.00E+00	1.00E+00	1.01E+01	9.95E-02	1	14	6.58E-03	7.14E-02	chr10_86836857_86837177	Nt5dc3
GO Molecular Function	GO:0016705	oxidoreductase activity, acting on paired donors, with incorporation or reduction of molecular oxygen	140	1.39E-01	1.00E+00	1.00E+00	2.33E+00	1.29E+00	3	1.32E-02	3.06E-02	173	1.76E-01	1.00E+00	1.00E+00	2.08E+00	1.44E+00	3	203	1.97E-02	1.48E-02	chr6_121069244_121070033,chr6_39204889_39205411,chr8_124946584_124947555	Egln1,Kdm7a,Mical3
GO Molecular Function	GO:0005504	fatty acid binding	141	1.39E-01	1.00E+00	1.00E+00	6.67E+00	1.50E-01	1	1.53E-03	1.02E-02	182	1.87E-01	1.00E+00	1.00E+00	4.85E+00	2.06E-01	1	29	6.58E-03	3.45E-02	chr6_60830285_60830625	Snca
GO Molecular Function	GO:0030547	receptor inhibitor activity	142	1.40E-01	1.00E+00	1.00E+00	6.63E+00	1.51E-01	1	1.54E-03	1.02E-02	131	1.27E-01	1.00E+00	1.00E+00	7.41E+00	1.35E-01	1	19	6.58E-03	5.26E-02	chr17_35076056_35076989	Ly6g6d
GO Molecular Function	GO:0030228	lipoprotein particle receptor activity	143	1.41E-01	1.00E+00	1.00E+00	6.60E+00	1.51E-01	1	1.55E-03	1.02E-02	116	1.01E-01	1.00E+00	1.00E+00	9.38E+00	1.07E-01	1	15	6.58E-03	6.67E-02	chr10_86836857_86837177	Stab2
GO Molecular Function	GO:0003727	single-stranded RNA binding	144	1.41E-01	1.00E+00	1.00E+00	3.04E+00	6.58E-01	2	6.71E-03	2.04E-02	294	4.43E-01	1.00E+00	1.00E+00	1.72E+00	5.83E-01	1	82	6.58E-03	1.22E-02	chr2_71541880_71544776,chr2_71544955_71545796	Dlx2
GO Molecular Function	GO:0043274	phospholipase binding	145	1.42E-01	1.00E+00	1.00E+00	6.52E+00	1.53E-01	1	1.56E-03	1.02E-02	121	1.08E-01	1.00E+00	1.00E+00	8.80E+00	1.14E-01	1	16	6.58E-03	6.25E-02	chr6_60830285_60830625	Snca
GO Molecular Function	GO:0017025	TBP-class protein binding	146	1.42E-01	1.00E+00	1.00E+00	6.52E+00	1.53E-01	1	1.56E-03	1.02E-02	140	1.39E-01	1.00E+00	1.00E+00	6.70E+00	1.49E-01	1	21	6.58E-03	4.76E-02	chr4_132269780_132270306	Taf12
GO Molecular Function	GO:0005125	cytokine activity	147	1.42E-01	1.00E+00	1.00E+00	2.30E+00	1.30E+00	3	1.33E-02	3.06E-02	91	7.50E-02	1.00E+00	1.00E+00	2.52E+00	1.58E+00	4	223	2.63E-02	1.79E-02	chr14_46387358_46388080,chr4_41921366_41921821,chr4_88779584_88779910	Bmp4,Gm13272,Gm21541,Ifnz
GO Molecular Function	GO:0051864	histone demethylase activity (H3-K36 specific)	148	1.43E-01	1.00E+00	1.00E+00	6.51E+00	1.54E-01	1	1.57E-03	1.02E-02	92	7.54E-02	1.00E+00	1.00E+00	1.28E+01	7.81E-02	1	11	6.58E-03	9.09E-02	chr6_39204889_39205411	Kdm7a
GO Molecular Function	GO:0051019	mitogen-activated protein kinase binding	149	1.43E-01	1.00E+00	1.00E+00	6.47E+00	1.55E-01	1	1.58E-03	1.02E-02	182	1.87E-01	1.00E+00	1.00E+00	4.85E+00	2.06E-01	1	29	6.58E-03	3.45E-02	chr5_134313576_134314029	Gtf2i
GO Molecular Function	GO:0003712	transcription cofactor activity	150	1.44E-01	1.00E+00	1.00E+00	1.61E+00	4.34E+00	7	4.42E-02	7.14E-02	115	9.74E-02	1.00E+00	1.00E+00	1.90E+00	3.15E+00	6	444	3.95E-02	1.35E-02	chr10_68276719_68277215,chr11_69919322_69920053,chr13_40727364_40730800,chr13_53471407_53472168,chr13_53472662_53473247,chr13_69770884_69771496,chr4_132269780_132270306	Arid5b,Gps2,Med10,Msx2,Taf12,Tfap2a
GO Molecular Function	GO:0005487	nucleocytoplasmic transporter activity	151	1.47E-01	1.00E+00	1.00E+00	6.28E+00	1.59E-01	1	1.63E-03	1.02E-02	168	1.75E-01	1.00E+00	1.00E+00	5.21E+00	1.92E-01	1	27	6.58E-03	3.70E-02	chr7_116032327_116033153	Gm4353
GO Molecular Function	GO:0072349	modified amino acid transmembrane transporter activity	152	1.48E-01	1.00E+00	1.00E+00	6.24E+00	1.60E-01	1	1.63E-03	1.02E-02	127	1.14E-01	1.00E+00	1.00E+00	8.28E+00	1.21E-01	1	17	6.58E-03	5.88E-02	chr3_50442906_50443889	Slc7a11
GO Molecular Function	GO:0008009	chemokine activity	153	1.51E-01	1.00E+00	1.00E+00	6.12E+00	1.63E-01	1	1.67E-03	1.02E-02	226	2.64E-01	1.00E+00	1.00E+00	3.27E+00	3.05E-01	1	43	6.58E-03	2.33E-02	chr4_41921366_41921821	Gm21541
GO Molecular Function	GO:0005313	L-glutamate transmembrane transporter activity	154	1.52E-01	1.00E+00	1.00E+00	6.07E+00	1.65E-01	1	1.68E-03	1.02E-02	103	8.85E-02	1.00E+00	1.00E+00	1.08E+01	9.24E-02	1	13	6.58E-03	7.69E-02	chr3_50442906_50443889	Slc7a11
GO Molecular Function	GO:0070700	BMP receptor binding	155	1.52E-01	1.00E+00	1.00E+00	6.05E+00	1.65E-01	1	1.69E-03	1.02E-02	84	6.88E-02	1.00E+00	1.00E+00	1.41E+01	7.10E-02	1	10	6.58E-03	1.00E-01	chr14_46387358_46388080	Bmp4
GO Molecular Function	GO:0019706	protein-cysteine S-palmitoyltransferase activity	156	1.54E-01	1.00E+00	1.00E+00	6.00E+00	1.67E-01	1	1.70E-03	1.02E-02	161	1.69E-01	1.00E+00	1.00E+00	5.41E+00	1.85E-01	1	26	6.58E-03	3.85E-02	chr19_42280099_42280665	Golga7b
GO Molecular Function	GO:0039706	co-receptor binding	157	1.55E-01	1.00E+00	1.00E+00	5.93E+00	1.69E-01	1	1.72E-03	1.02E-02	77	6.22E-02	1.00E+00	1.00E+00	1.56E+01	6.39E-02	1	9	6.58E-03	1.11E-01	chr14_46387358_46388080	Bmp4
GO Molecular Function	GO:0048407	platelet-derived growth factor binding	158	1.62E-01	1.00E+00	1.00E+00	5.65E+00	1.77E-01	1	1.81E-03	1.02E-02	103	8.85E-02	1.00E+00	1.00E+00	1.08E+01	9.24E-02	1	13	6.58E-03	7.69E-02	chr5_138992412_138994516	Pdgfa
GO Molecular Function	GO:0016417	S-acyltransferase activity	159	1.64E-01	1.00E+00	1.00E+00	5.61E+00	1.78E-01	1	1.82E-03	1.02E-02	187	1.93E-01	1.00E+00	1.00E+00	4.69E+00	2.13E-01	1	30	6.58E-03	3.33E-02	chr19_42280099_42280665	Golga7b
GO Molecular Function	GO:0031418	L-ascorbic acid binding	160	1.65E-01	1.00E+00	1.00E+00	5.54E+00	1.81E-01	1	1.84E-03	1.02E-02	131	1.27E-01	1.00E+00	1.00E+00	7.41E+00	1.35E-01	1	19	6.58E-03	5.26E-02	chr8_124946584_124947555	Egln1
GO Molecular Function	GO:0015464	acetylcholine receptor activity	161	1.68E-01	1.00E+00	1.00E+00	5.44E+00	1.84E-01	1	1.88E-03	1.02E-02	145	1.45E-01	1.00E+00	1.00E+00	6.40E+00	1.56E-01	1	22	6.58E-03	4.55E-02	chr6_36388037_36388580	Chrm2
GO Molecular Function	GO:0042379	chemokine receptor binding	162	1.71E-01	1.00E+00	1.00E+00	5.32E+00	1.88E-01	1	1.92E-03	1.02E-02	239	3.15E-01	1.00E+00	1.00E+00	2.66E+00	3.77E-01	1	53	6.58E-03	1.89E-02	chr4_41921366_41921821	Gm21541
GO Molecular Function	GO:0060590	ATPase regulator activity	163	1.74E-01	1.00E+00	1.00E+00	5.25E+00	1.91E-01	1	1.95E-03	1.02E-02	189	1.98E-01	1.00E+00	1.00E+00	4.54E+00	2.20E-01	1	31	6.58E-03	3.23E-02	chr12_87298202_87298732	Ahsa1
GO Molecular Function	GO:1901681	sulfur compound binding	164	1.77E-01	1.00E+00	1.00E+00	1.83E+00	2.19E+00	4	2.23E-02	4.08E-02	176	1.81E-01	1.00E+00	1.00E+00	2.05E+00	1.46E+00	3	206	1.97E-02	1.46E-02	chr11_101964638_101965429,chr13_63563733_63564766,chr13_63566316_63566849,chr14_46387358_46388080	Bmp4,Ptch1,Sost
GO Molecular Function	GO:0016709	oxidoreductase activity, acting on paired donors, with incorporation or reduction of molecular oxygen, NAD(P)H as one donor, and incorporation of one atom of oxygen	165	1.77E-01	1.00E+00	1.00E+00	5.13E+00	1.95E-01	1	1.99E-03	1.02E-02	201	2.15E-01	1.00E+00	1.00E+00	4.14E+00	2.42E-01	1	34	6.58E-03	2.94E-02	chr6_121069244_121070033	Mical3
GO Molecular Function	GO:0070840	dynein complex binding	166	1.79E-01	1.00E+00	1.00E+00	5.07E+00	1.97E-01	1	2.01E-03	1.02E-02	156	1.63E-01	1.00E+00	1.00E+00	5.63E+00	1.78E-01	1	25	6.58E-03	4.00E-02	chr6_60830285_60830625	Snca
GO Molecular Function	GO:0005484	SNAP receptor activity	167	1.79E-01	1.00E+00	1.00E+00	5.07E+00	1.97E-01	1	2.01E-03	1.02E-02	206	2.27E-01	1.00E+00	1.00E+00	3.91E+00	2.56E-01	1	36	6.58E-03	2.78E-02	chr11_103697567_103698192	Gosr2
GO Molecular Function	GO:0031369	translation initiation factor binding	168	1.79E-01	1.00E+00	1.00E+00	5.06E+00	1.98E-01	1	2.02E-03	1.02E-02	189	1.98E-01	1.00E+00	1.00E+00	4.54E+00	2.20E-01	1	31	6.58E-03	3.23E-02	chr4_134019055_134020274	Lin28a
GO Molecular Function	GO:0016746	transferase activity, transferring acyl groups	169	1.81E-01	1.00E+00	1.00E+00	2.05E+00	1.46E+00	3	1.49E-02	3.06E-02	229	2.76E-01	1.00E+00	1.00E+00	1.64E+00	1.83E+00	3	257	1.97E-02	1.17E-02	chr13_53471407_53472168,chr19_42280099_42280665,chr4_132269780_132270306	Golga7b,Sptlc1,Taf12
GO Molecular Function	GO:0015932	nucleobase-containing compound transmembrane transporter activity	170	1.81E-01	1.00E+00	1.00E+00	5.01E+00	2.00E-01	1	2.04E-03	1.02E-02	195	2.10E-01	1.00E+00	1.00E+00	4.27E+00	2.34E-01	1	33	6.58E-03	3.03E-02	chr5_142815895_142816475	Slc29a4
GO Molecular Function	GO:0051721	protein phosphatase 2A binding	171	1.83E-01	1.00E+00	1.00E+00	4.96E+00	2.02E-01	1	2.06E-03	1.02E-02	161	1.69E-01	1.00E+00	1.00E+00	5.41E+00	1.85E-01	1	26	6.58E-03	3.85E-02	chr7_100372146_100372354	Ppme1
GO Molecular Function	GO:0004675	transmembrane receptor protein serine/threonine kinase activity	172	1.83E-01	1.00E+00	1.00E+00	4.96E+00	2.02E-01	1	2.06E-03	1.02E-02	127	1.14E-01	1.00E+00	1.00E+00	8.28E+00	1.21E-01	1	17	6.58E-03	5.88E-02	chr17_35076056_35076989	Ly6g6e
GO Molecular Function	GO:1905030	voltage-gated ion channel activity involved in regulation of postsynaptic membrane potential	173	1.85E-01	1.00E+00	1.00E+00	4.89E+00	2.05E-01	1	2.09E-03	1.02E-02	150	1.57E-01	1.00E+00	1.00E+00	5.86E+00	1.71E-01	1	24	6.58E-03	4.17E-02	chr6_118758397_118758711	Cacna1c
GO Molecular Function	GO:0000149	SNARE binding	174	1.87E-01	1.00E+00	1.00E+00	2.53E+00	7.90E-01	2	8.06E-03	2.04E-02	186	1.89E-01	1.00E+00	1.00E+00	2.51E+00	7.96E-01	2	112	1.32E-02	1.79E-02	chr11_103697567_103698192,chr8_84660555_84662042	Cacna1a,Gosr2
GO Molecular Function	GO:0004129	cytochrome-c oxidase activity	175	1.90E-01	1.00E+00	1.00E+00	4.76E+00	2.10E-01	1	2.14E-03	1.02E-02	161	1.69E-01	1.00E+00	1.00E+00	5.41E+00	1.85E-01	1	26	6.58E-03	3.85E-02	chr7_140901650_140902605	Cox8b
GO Molecular Function	GO:1901505	carbohydrate derivative transporter activity	176	1.92E-01	1.00E+00	1.00E+00	4.70E+00	2.13E-01	1	2.17E-03	1.02E-02	206	2.27E-01	1.00E+00	1.00E+00	3.91E+00	2.56E-01	1	36	6.58E-03	2.78E-02	chr5_142815895_142816475	Slc29a4
GO Molecular Function	GO:0015175	neutral amino acid transmembrane transporter activity	177	1.93E-01	1.00E+00	1.00E+00	4.68E+00	2.14E-01	1	2.18E-03	1.02E-02	195	2.10E-01	1.00E+00	1.00E+00	4.27E+00	2.34E-01	1	33	6.58E-03	3.03E-02	chr3_50442906_50443889	Slc7a11
GO Molecular Function	GO:0016675	oxidoreductase activity, acting on a heme group of donors	178	1.93E-01	1.00E+00	1.00E+00	4.67E+00	2.14E-01	1	2.18E-03	1.02E-02	168	1.75E-01	1.00E+00	1.00E+00	5.21E+00	1.92E-01	1	27	6.58E-03	3.70E-02	chr7_140901650_140902605	Cox8b
GO Molecular Function	GO:0005496	steroid binding	179	1.97E-01	1.00E+00	1.00E+00	2.45E+00	8.17E-01	2	8.33E-03	2.04E-02	303	4.89E-01	1.00E+00	1.00E+00	1.50E+00	6.68E-01	1	94	6.58E-03	1.06E-02	chr13_63563733_63564766,chr13_63566316_63566849	Ptch1
GO Molecular Function	GO:0061631	ubiquitin conjugating enzyme activity	180	2.00E-01	1.00E+00	1.00E+00	4.48E+00	2.23E-01	1	2.28E-03	1.02E-02	193	2.04E-01	1.00E+00	1.00E+00	4.40E+00	2.27E-01	1	32	6.58E-03	3.13E-02	chr13_69770884_69771496	Ube2ql1
GO Molecular Function	GO:0061650	ubiquitin-like protein conjugating enzyme activity	181	2.01E-01	1.00E+00	1.00E+00	4.46E+00	2.24E-01	1	2.29E-03	1.02E-02	195	2.10E-01	1.00E+00	1.00E+00	4.27E+00	2.34E-01	1	33	6.58E-03	3.03E-02	chr13_69770884_69771496	Ube2ql1
GO Molecular Function	GO:0047485	protein N-terminus binding	182	2.03E-01	1.00E+00	1.00E+00	2.40E+00	8.32E-01	2	8.49E-03	2.04E-02	174	1.76E-01	1.00E+00	1.00E+00	2.63E+00	7.60E-01	2	107	1.32E-02	1.87E-02	chr11_69919322_69920053,chr6_60830285_60830625	Eif5a,Snca
GO Molecular Function	GO:0043027	cysteine-type endopeptidase inhibitor activity involved in apoptotic process	183	2.04E-01	1.00E+00	1.00E+00	4.38E+00	2.28E-01	1	2.33E-03	1.02E-02	182	1.87E-01	1.00E+00	1.00E+00	4.85E+00	2.06E-01	1	29	6.58E-03	3.45E-02	chr6_60830285_60830625	Snca
GO Molecular Function	GO:0005161	platelet-derived growth factor receptor binding	184	2.05E-01	1.00E+00	1.00E+00	4.36E+00	2.29E-01	1	2.34E-03	1.02E-02	110	9.50E-02	1.00E+00	1.00E+00	1.01E+01	9.95E-02	1	14	6.58E-03	7.14E-02	chr5_138992412_138994516	Pdgfa
GO Molecular Function	GO:0015301	anion:anion antiporter activity	185	2.06E-01	1.00E+00	1.00E+00	4.35E+00	2.30E-01	1	2.34E-03	1.02E-02	156	1.63E-01	1.00E+00	1.00E+00	5.63E+00	1.78E-01	1	25	6.58E-03	4.00E-02	chr3_50442906_50443889	Slc7a11
GO Molecular Function	GO:0032452	histone demethylase activity	186	2.08E-01	1.00E+00	1.00E+00	4.29E+00	2.33E-01	1	2.38E-03	1.02E-02	161	1.69E-01	1.00E+00	1.00E+00	5.41E+00	1.85E-01	1	26	6.58E-03	3.85E-02	chr6_39204889_39205411	Kdm7a
GO Molecular Function	GO:0030169	low-density lipoprotein particle binding	187	2.10E-01	1.00E+00	1.00E+00	4.24E+00	2.36E-01	1	2.41E-03	1.02E-02	110	9.50E-02	1.00E+00	1.00E+00	1.01E+01	9.95E-02	1	14	6.58E-03	7.14E-02	chr10_86836857_86837177	Stab2
GO Molecular Function	GO:0008514	organic anion transmembrane transporter activity	188	2.17E-01	1.00E+00	1.00E+00	1.87E+00	1.60E+00	3	1.64E-02	3.06E-02	154	1.58E-01	1.00E+00	1.00E+00	2.19E+00	1.37E+00	3	193	1.97E-02	1.55E-02	chr11_120186364_120189507,chr3_50442906_50443889,chr4_139309793_139310553	Pqlc2,Slc38a10,Slc7a11
GO Molecular Function	GO:0019894	kinesin binding	189	2.23E-01	1.00E+00	1.00E+00	3.97E+00	2.52E-01	1	2.57E-03	1.02E-02	214	2.38E-01	1.00E+00	1.00E+00	3.70E+00	2.70E-01	1	38	6.58E-03	2.63E-02	chr6_60830285_60830625	Snca
GO Molecular Function	GO:0017154	semaphorin receptor activity	190	2.23E-01	1.00E+00	1.00E+00	3.96E+00	2.53E-01	1	2.58E-03	1.02E-02	92	7.54E-02	1.00E+00	1.00E+00	1.28E+01	7.81E-02	1	11	6.58E-03	9.09E-02	chr15_89174182_89175604	Plxnb2
GO Molecular Function	GO:0035198	miRNA binding	191	2.24E-01	1.00E+00	1.00E+00	3.95E+00	2.53E-01	1	2.59E-03	1.02E-02	161	1.69E-01	1.00E+00	1.00E+00	5.41E+00	1.85E-01	1	26	6.58E-03	3.85E-02	chr4_134019055_134020274	Lin28a
GO Molecular Function	GO:0016791	phosphatase activity	192	2.24E-01	1.00E+00	1.00E+00	1.65E+00	2.42E+00	4	2.47E-02	4.08E-02	227	2.68E-01	1.00E+00	1.00E+00	1.67E+00	1.80E+00	3	253	1.97E-02	1.19E-02	chr10_86836857_86837177,chr12_16589553_16589895,chr12_16590033_16592004,chr5_100067158_100068139	Enoph1,Lpin1,Nt5dc3
GO Molecular Function	GO:0000287	magnesium ion binding	193	2.25E-01	1.00E+00	1.00E+00	1.83E+00	1.64E+00	3	1.67E-02	3.06E-02	155	1.60E-01	1.00E+00	1.00E+00	2.18E+00	1.38E+00	3	194	1.97E-02	1.55E-02	chr14_70580681_70580934,chr5_100067158_100068139,chr6_60830285_60830625	Enoph1,Nudt18,Snca
GO Molecular Function	GO:0030544	Hsp70 protein binding	194	2.29E-01	1.00E+00	1.00E+00	3.85E+00	2.60E-01	1	2.65E-03	1.02E-02	208	2.32E-01	1.00E+00	1.00E+00	3.80E+00	2.63E-01	1	37	6.58E-03	2.70E-02	chr6_60830285_60830625	Snca
GO Molecular Function	GO:0030546	receptor activator activity	195	2.34E-01	1.00E+00	1.00E+00	3.75E+00	2.67E-01	1	2.72E-03	1.02E-02	217	2.43E-01	1.00E+00	1.00E+00	3.61E+00	2.77E-01	1	39	6.58E-03	2.56E-02	chr17_35076056_35076989	Ly6g6e
GO Molecular Function	GO:0005310	dicarboxylic acid transmembrane transporter activity	196	2.40E-01	1.00E+00	1.00E+00	3.66E+00	2.73E-01	1	2.79E-03	1.02E-02	182	1.87E-01	1.00E+00	1.00E+00	4.85E+00	2.06E-01	1	29	6.58E-03	3.45E-02	chr3_50442906_50443889	Slc7a11
GO Molecular Function	GO:1901682	sulfur compound transmembrane transporter activity	197	2.44E-01	1.00E+00	1.00E+00	3.59E+00	2.79E-01	1	2.84E-03	1.02E-02	168	1.75E-01	1.00E+00	1.00E+00	5.21E+00	1.92E-01	1	27	6.58E-03	3.70E-02	chr3_50442906_50443889	Slc7a11
GO Molecular Function	GO:0031593	polyubiquitin binding	198	2.45E-01	1.00E+00	1.00E+00	3.56E+00	2.81E-01	1	2.86E-03	1.02E-02	232	2.90E-01	1.00E+00	1.00E+00	2.93E+00	3.41E-01	1	48	6.58E-03	2.08E-02	chr8_124946584_124947555	Sprtn
GO Molecular Function	GO:0071837	HMG box domain binding	199	2.45E-01	1.00E+00	1.00E+00	3.56E+00	2.81E-01	1	2.87E-03	1.02E-02	137	1.33E-01	1.00E+00	1.00E+00	7.04E+00	1.42E-01	1	20	6.58E-03	5.00E-02	chr11_101964638_101965429	Meox1
GO Molecular Function	GO:0032451	demethylase activity	200	2.45E-01	1.00E+00	1.00E+00	3.56E+00	2.81E-01	1	2.87E-03	1.02E-02	204	2.21E-01	1.00E+00	1.00E+00	4.02E+00	2.49E-01	1	35	6.58E-03	2.86E-02	chr6_39204889_39205411	Kdm7a
GO Molecular Function	GO:0005048	signal sequence binding	201	2.46E-01	1.00E+00	1.00E+00	3.55E+00	2.82E-01	1	2.88E-03	1.02E-02	225	2.59E-01	1.00E+00	1.00E+00	3.35E+00	2.98E-01	1	42	6.58E-03	2.38E-02	chr2_118544289_118545050	Srp14
GO Molecular Function	GO:0071813	lipoprotein particle binding	202	2.49E-01	1.00E+00	1.00E+00	3.49E+00	2.87E-01	1	2.92E-03	1.02E-02	145	1.45E-01	1.00E+00	1.00E+00	6.40E+00	1.56E-01	1	22	6.58E-03	4.55E-02	chr10_86836857_86837177	Stab2
GO Molecular Function	GO:0001228	transcriptional activator activity, RNA polymerase II transcription regulatory region sequence-specific binding	203	2.55E-01	1.00E+00	1.00E+00	1.36E+00	5.14E+00	7	5.24E-02	7.14E-02	96	7.82E-02	1.00E+00	1.00E+00	2.02E+00	2.97E+00	6	418	3.95E-02	1.44E-02	chr11_101964638_101965429,chr11_96352608_96353722,chr13_40727364_40730800,chr2_71541880_71544776,chr2_71544955_71545796,chr2_75703196_75704248,chr8_84660555_84662042	Dlx2,Hoxb1,Ier2,Meox1,Nfe2l2,Tfap2a
GO Molecular Function	GO:0005507	copper ion binding	204	2.59E-01	1.00E+00	1.00E+00	3.34E+00	2.99E-01	1	3.05E-03	1.02E-02	250	3.34E-01	1.00E+00	1.00E+00	2.47E+00	4.05E-01	1	57	6.58E-03	1.75E-02	chr6_60830285_60830625	Snca
GO Molecular Function	GO:0045296	cadherin binding	205	2.59E-01	1.00E+00	1.00E+00	1.55E+00	2.58E+00	4	2.64E-02	4.08E-02	175	1.78E-01	1.00E+00	1.00E+00	1.82E+00	2.20E+00	4	309	2.63E-02	1.29E-02	chr12_87298202_87298732,chr4_141326801_141327760,chr7_100372146_100372354,chr7_19355987_19356721	Ahsa1,Epha2,Ppme1,Ppp1r13l
GO Molecular Function	GO:0004402	histone acetyltransferase activity	206	2.64E-01	1.00E+00	1.00E+00	3.27E+00	3.06E-01	1	3.12E-03	1.02E-02	250	3.34E-01	1.00E+00	1.00E+00	2.47E+00	4.05E-01	1	57	6.58E-03	1.75E-02	chr4_132269780_132270306	Taf12
GO Molecular Function	GO:0070696	transmembrane receptor protein serine/threonine kinase binding	207	2.67E-01	1.00E+00	1.00E+00	3.23E+00	3.10E-01	1	3.16E-03	1.02E-02	121	1.08E-01	1.00E+00	1.00E+00	8.80E+00	1.14E-01	1	16	6.58E-03	6.25E-02	chr14_46387358_46388080	Bmp4
GO Molecular Function	GO:0043028	cysteine-type endopeptidase regulator activity involved in apoptotic process	208	2.69E-01	1.00E+00	1.00E+00	3.20E+00	3.13E-01	1	3.19E-03	1.02E-02	217	2.43E-01	1.00E+00	1.00E+00	3.61E+00	2.77E-01	1	39	6.58E-03	2.56E-02	chr6_60830285_60830625	Snca
GO Molecular Function	GO:0008270	zinc ion binding	209	2.70E-01	1.00E+00	1.00E+00	1.31E+00	6.13E+00	8	6.25E-02	8.16E-02	275	3.83E-01	1.00E+00	1.00E+00	1.20E+00	4.99E+00	6	703	3.95E-02	8.53E-03	chr13_63563733_63564766,chr13_63566316_63566849,chr4_134019055_134020274,chr4_136247744_136248097,chr6_39204889_39205411,chr6_60830285_60830625,chr9_55542234_55544237,chr9_55544680_55546400	Kdm7a,Lin28a,Ptch1,Scaper,Snca,Tcea3
GO Molecular Function	GO:0061733	peptide-lysine-N-acetyltransferase activity	210	2.72E-01	1.00E+00	1.00E+00	3.15E+00	3.17E-01	1	3.23E-03	1.02E-02	253	3.44E-01	1.00E+00	1.00E+00	2.39E+00	4.19E-01	1	59	6.58E-03	1.69E-02	chr4_132269780_132270306	Taf12
GO Molecular Function	GO:0051393	alpha-actinin binding	211	2.74E-01	1.00E+00	1.00E+00	3.13E+00	3.20E-01	1	3.26E-03	1.02E-02	189	1.98E-01	1.00E+00	1.00E+00	4.54E+00	2.20E-01	1	31	6.58E-03	3.23E-02	chr6_118758397_118758711	Cacna1c
GO Molecular Function	GO:0033612	receptor serine/threonine kinase binding	212	2.75E-01	1.00E+00	1.00E+00	3.11E+00	3.22E-01	1	3.28E-03	1.02E-02	130	1.20E-01	1.00E+00	1.00E+00	7.82E+00	1.28E-01	1	18	6.58E-03	5.56E-02	chr14_46387358_46388080	Bmp4
GO Molecular Function	GO:0016922	ligand-dependent nuclear receptor binding	213	2.77E-01	1.00E+00	1.00E+00	3.09E+00	3.24E-01	1	3.30E-03	1.02E-02	150	1.57E-01	1.00E+00	1.00E+00	5.86E+00	1.71E-01	1	24	6.58E-03	4.17E-02	chr4_133755923_133757903	Arid1a
GO Molecular Function	GO:0004180	carboxypeptidase activity	214	2.80E-01	1.00E+00	1.00E+00	3.05E+00	3.27E-01	1	3.34E-03	1.02E-02	208	2.32E-01	1.00E+00	1.00E+00	3.80E+00	2.63E-01	1	37	6.58E-03	2.70E-02	chr2_174428666_174429601	Ctsz
GO Molecular Function	GO:0043014	alpha-tubulin binding	215	2.83E-01	1.00E+00	1.00E+00	3.01E+00	3.32E-01	1	3.39E-03	1.02E-02	177	1.81E-01	1.00E+00	1.00E+00	5.03E+00	1.99E-01	1	28	6.58E-03	3.57E-02	chr6_60830285_60830625	Snca
GO Molecular Function	GO:0050660	flavin adenine dinucleotide binding	216	2.84E-01	1.00E+00	1.00E+00	3.00E+00	3.33E-01	1	3.40E-03	1.02E-02	289	4.27E-01	1.00E+00	1.00E+00	1.80E+00	5.54E-01	1	78	6.58E-03	1.28E-02	chr6_121069244_121070033	Mical3
GO Molecular Function	GO:0008017	microtubule binding	217	2.88E-01	1.00E+00	1.00E+00	1.60E+00	1.87E+00	3	1.91E-02	3.06E-02	298	4.62E-01	1.00E+00	1.00E+00	1.29E+00	1.56E+00	2	219	1.32E-02	9.13E-03	chr6_60830285_60830625,chr8_26117824_26118019,chr8_26118257_26118822	Hook3,Snca
GO Molecular Function	GO:0005543	phospholipid binding	218	2.98E-01	1.00E+00	1.00E+00	1.38E+00	3.63E+00	5	3.70E-02	5.10E-02	224	2.57E-01	1.00E+00	1.00E+00	1.56E+00	2.57E+00	4	362	2.63E-02	1.10E-02	chr5_111006204_111007025,chr6_60830285_60830625,chr7_116032327_116033153,chr7_38184529_38185013,chr7_38197297_38198262	Gm4353,Pitpnb,Plekhf1,Snca
GO Molecular Function	GO:0042169	SH2 domain binding	219	2.99E-01	1.00E+00	1.00E+00	2.82E+00	3.54E-01	1	3.62E-03	1.02E-02	195	2.10E-01	1.00E+00	1.00E+00	4.27E+00	2.34E-01	1	33	6.58E-03	3.03E-02	chr19_57119757_57120427	Afap1l2
GO Molecular Function	GO:0001076	transcription factor activity, RNA polymerase II transcription factor binding	220	3.03E-01	1.00E+00	1.00E+00	1.56E+00	1.93E+00	3	1.96E-02	3.06E-02	120	1.06E-01	1.00E+00	1.00E+00	2.64E+00	1.14E+00	3	160	1.97E-02	1.88E-02	chr13_40727364_40730800,chr13_69770884_69771496,chr7_126781249_126781424	Med10,Tbx6,Tfap2a
GO Molecular Function	GO:0001078	transcriptional repressor activity, RNA polymerase II core promoter proximal region sequence-specific binding	221	3.05E-01	1.00E+00	1.00E+00	1.55E+00	1.93E+00	3	1.97E-02	3.06E-02	109	9.29E-02	1.00E+00	1.00E+00	2.80E+00	1.07E+00	3	151	1.97E-02	1.99E-02	chr13_40727364_40730800,chr16_30066210_30067176,chr7_116032327_116033153	Hes1,Sox6,Tfap2a
GO Molecular Function	GO:0005044	scavenger receptor activity	222	3.08E-01	1.00E+00	1.00E+00	2.72E+00	3.67E-01	1	3.75E-03	1.02E-02	232	2.90E-01	1.00E+00	1.00E+00	2.93E+00	3.41E-01	1	48	6.58E-03	2.08E-02	chr10_86836857_86837177	Stab2
GO Molecular Function	GO:0033293	monocarboxylic acid binding	223	3.10E-01	1.00E+00	1.00E+00	2.70E+00	3.70E-01	1	3.77E-03	1.02E-02	239	3.15E-01	1.00E+00	1.00E+00	2.66E+00	3.77E-01	1	53	6.58E-03	1.89E-02	chr6_60830285_60830625	Snca
GO Molecular Function	GO:0003682	chromatin binding	224	3.10E-01	1.00E+00	1.00E+00	1.28E+00	5.49E+00	7	5.60E-02	7.14E-02	119	1.05E-01	1.00E+00	1.00E+00	1.76E+00	3.98E+00	7	560	4.61E-02	1.25E-02	chr11_101964638_101965429,chr11_120186364_120189507,chr13_40727364_40730800,chr2_71541880_71544776,chr2_71544955_71545796,chr4_133755923_133757903,chr5_142815895_142816475	Arid1a,Bahcc1,Dlx1,Dlx2,Meox1,Tfap2a,Tnrc18
GO Molecular Function	GO:0048487	beta-tubulin binding	225	3.15E-01	1.00E+00	1.00E+00	2.65E+00	3.77E-01	1	3.85E-03	1.02E-02	208	2.32E-01	1.00E+00	1.00E+00	3.80E+00	2.63E-01	1	37	6.58E-03	2.70E-02	chr6_60830285_60830625	Snca
GO Molecular Function	GO:0030170	pyridoxal phosphate binding	226	3.15E-01	1.00E+00	1.00E+00	2.65E+00	3.78E-01	1	3.85E-03	1.02E-02	236	3.05E-01	1.00E+00	1.00E+00	2.76E+00	3.62E-01	1	51	6.58E-03	1.96E-02	chr13_53471407_53472168	Sptlc1
GO Molecular Function	GO:0034212	peptide N-acetyltransferase activity	227	3.16E-01	1.00E+00	1.00E+00	2.64E+00	3.79E-01	1	3.87E-03	1.02E-02	277	3.89E-01	1.00E+00	1.00E+00	2.04E+00	4.90E-01	1	69	6.58E-03	1.45E-02	chr4_132269780_132270306	Taf12
GO Molecular Function	GO:0005126	cytokine receptor binding	228	3.24E-01	1.00E+00	1.00E+00	1.50E+00	2.00E+00	3	2.04E-02	3.06E-02	144	1.43E-01	1.00E+00	1.00E+00	1.99E+00	2.01E+00	4	283	2.63E-02	1.41E-02	chr14_46387358_46388080,chr4_41921366_41921821,chr4_88779584_88779910	Bmp4,Gm13272,Gm21541,Ifnz
GO Molecular Function	GO:0042056	chemoattractant activity	229	3.26E-01	1.00E+00	1.00E+00	2.54E+00	3.94E-01	1	4.02E-03	1.02E-02	187	1.93E-01	1.00E+00	1.00E+00	4.69E+00	2.13E-01	1	30	6.58E-03	3.33E-02	chr14_46387358_46388080	Bmp4
GO Molecular Function	GO:0016279	protein-lysine N-methyltransferase activity	230	3.30E-01	1.00E+00	1.00E+00	2.51E+00	3.99E-01	1	4.07E-03	1.02E-02	247	3.30E-01	1.00E+00	1.00E+00	2.51E+00	3.98E-01	1	56	6.58E-03	1.79E-02	chr16_5254419_5255117	Eef2kmt
GO Molecular Function	GO:0001106	RNA polymerase II transcription corepressor activity	231	3.34E-01	1.00E+00	1.00E+00	2.47E+00	4.05E-01	1	4.13E-03	1.02E-02	168	1.75E-01	1.00E+00	1.00E+00	5.21E+00	1.92E-01	1	27	6.58E-03	3.70E-02	chr13_40727364_40730800	Tfap2a
GO Molecular Function	GO:0001205	transcriptional activator activity, RNA polymerase II distal enhancer sequence-specific binding	232	3.35E-01	1.00E+00	1.00E+00	2.46E+00	4.07E-01	1	4.15E-03	1.02E-02	208	2.32E-01	1.00E+00	1.00E+00	3.80E+00	2.63E-01	1	37	6.58E-03	2.70E-02	chr2_75703196_75704248	Nfe2l2
GO Molecular Function	GO:0043022	ribosome binding	233	3.37E-01	1.00E+00	1.00E+00	2.43E+00	4.11E-01	1	4.19E-03	1.02E-02	253	3.44E-01	1.00E+00	1.00E+00	2.39E+00	4.19E-01	1	59	6.58E-03	1.69E-02	chr11_69919322_69920053	Eif5a
GO Molecular Function	GO:0004869	cysteine-type endopeptidase inhibitor activity	234	3.38E-01	1.00E+00	1.00E+00	2.43E+00	4.12E-01	1	4.21E-03	1.02E-02	281	4.02E-01	1.00E+00	1.00E+00	1.95E+00	5.12E-01	1	72	6.58E-03	1.39E-02	chr6_60830285_60830625	Snca
GO Molecular Function	GO:0048029	monosaccharide binding	235	3.38E-01	1.00E+00	1.00E+00	2.43E+00	4.12E-01	1	4.21E-03	1.02E-02	273	3.80E-01	1.00E+00	1.00E+00	2.10E+00	4.76E-01	1	67	6.58E-03	1.49E-02	chr8_124946584_124947555	Egln1
GO Molecular Function	GO:0031406	carboxylic acid binding	236	3.45E-01	1.00E+00	1.00E+00	1.64E+00	1.22E+00	2	1.25E-02	2.04E-02	235	3.04E-01	1.00E+00	1.00E+00	1.80E+00	1.11E+00	2	156	1.32E-02	1.28E-02	chr6_60830285_60830625,chr8_124946584_124947555	Egln1,Snca
GO Molecular Function	GO:0008289	lipid binding	237	3.47E-01	1.00E+00	1.00E+00	1.22E+00	5.71E+00	7	5.83E-02	7.14E-02	309	5.00E-01	1.00E+00	1.00E+00	1.07E+00	4.66E+00	5	656	3.29E-02	7.62E-03	chr13_63563733_63564766,chr13_63566316_63566849,chr5_111006204_111007025,chr6_60830285_60830625,chr7_116032327_116033153,chr7_38184529_38185013,chr7_38197297_38198262	Gm4353,Pitpnb,Plekhf1,Ptch1,Snca
GO Molecular Function	GO:0042805	actinin binding	238	3.53E-01	1.00E+00	1.00E+00	2.31E+00	4.34E-01	1	4.43E-03	1.02E-02	217	2.43E-01	1.00E+00	1.00E+00	3.61E+00	2.77E-01	1	39	6.58E-03	2.56E-02	chr6_118758397_118758711	Cacna1c
GO Molecular Function	GO:0035091	phosphatidylinositol binding	239	3.53E-01	1.00E+00	1.00E+00	1.42E+00	2.11E+00	3	2.15E-02	3.06E-02	300	4.67E-01	1.00E+00	1.00E+00	1.27E+00	1.57E+00	2	221	1.32E-02	9.05E-03	chr5_111006204_111007025,chr7_38184529_38185013,chr7_38197297_38198262	Pitpnb,Plekhf1
GO Molecular Function	GO:0019199	transmembrane receptor protein kinase activity	240	3.57E-01	1.00E+00	1.00E+00	1.60E+00	1.25E+00	2	1.28E-02	2.04E-02	129	1.18E-01	1.00E+00	1.00E+00	3.39E+00	5.90E-01	2	83	1.32E-02	2.41E-02	chr17_35076056_35076989,chr4_141326801_141327760	Epha2,Ly6g6e
GO Molecular Function	GO:0031491	nucleosome binding	241	3.57E-01	1.00E+00	1.00E+00	2.27E+00	4.40E-01	1	4.49E-03	1.02E-02	265	3.71E-01	1.00E+00	1.00E+00	2.17E+00	4.62E-01	1	65	6.58E-03	1.54E-02	chr4_133755923_133757903	Arid1a
GO Molecular Function	GO:0009055	electron carrier activity	242	3.57E-01	1.00E+00	1.00E+00	2.27E+00	4.41E-01	1	4.50E-03	1.02E-02	265	3.71E-01	1.00E+00	1.00E+00	2.17E+00	4.62E-01	1	65	6.58E-03	1.54E-02	chr7_140901650_140902605	Cox8b
GO Molecular Function	GO:0030545	receptor regulator activity	243	3.58E-01	1.00E+00	1.00E+00	2.26E+00	4.42E-01	1	4.51E-03	1.02E-02	95	7.80E-02	1.00E+00	1.00E+00	4.33E+00	4.62E-01	2	65	1.32E-02	3.08E-02	chr17_35076056_35076989	Ly6g6d,Ly6g6e
GO Molecular Function	GO:0008080	N-acetyltransferase activity	244	3.62E-01	1.00E+00	1.00E+00	2.23E+00	4.48E-01	1	4.57E-03	1.02E-02	302	4.74E-01	1.00E+00	1.00E+00	1.56E+00	6.39E-01	1	90	6.58E-03	1.11E-02	chr4_132269780_132270306	Taf12
GO Molecular Function	GO:0005003	ephrin receptor activity	245	3.64E-01	1.00E+00	1.00E+00	2.22E+00	4.51E-01	1	4.60E-03	1.02E-02	121	1.08E-01	1.00E+00	1.00E+00	8.80E+00	1.14E-01	1	16	6.58E-03	6.25E-02	chr4_141326801_141327760	Epha2
GO Molecular Function	GO:0016763	transferase activity, transferring pentosyl groups	246	3.66E-01	1.00E+00	1.00E+00	2.20E+00	4.55E-01	1	4.64E-03	1.02E-02	237	3.10E-01	1.00E+00	1.00E+00	2.71E+00	3.69E-01	1	52	6.58E-03	1.92E-02	chr6_39204889_39205411	Parp12
GO Molecular Function	GO:0035064	methylated histone binding	247	3.76E-01	1.00E+00	1.00E+00	2.12E+00	4.71E-01	1	4.81E-03	1.02E-02	243	3.20E-01	1.00E+00	1.00E+00	2.61E+00	3.84E-01	1	54	6.58E-03	1.85E-02	chr6_39204889_39205411	Kdm7a
GO Molecular Function	GO:0005262	calcium channel activity	248	3.77E-01	1.00E+00	1.00E+00	1.53E+00	1.31E+00	2	1.34E-02	2.04E-02	178	1.82E-01	1.00E+00	1.00E+00	2.58E+00	7.74E-01	2	109	1.32E-02	1.83E-02	chr6_118758397_118758711,chr8_84660555_84662042	Cacna1a,Cacna1c
GO Molecular Function	GO:0046875	ephrin receptor binding	249	3.81E-01	1.00E+00	1.00E+00	2.09E+00	4.79E-01	1	4.89E-03	1.02E-02	189	1.98E-01	1.00E+00	1.00E+00	4.54E+00	2.20E-01	1	31	6.58E-03	3.23E-02	chr3_89280734_89281464	Efna1
GO Molecular Function	GO:0001221	transcription cofactor binding	250	3.82E-01	1.00E+00	1.00E+00	2.09E+00	4.80E-01	1	4.89E-03	1.02E-02	217	2.43E-01	1.00E+00	1.00E+00	3.61E+00	2.77E-01	1	39	6.58E-03	2.56E-02	chr2_75703196_75704248	Nfe2l2
GO Molecular Function	GO:0001104	RNA polymerase II transcription cofactor activity	251	3.82E-01	1.00E+00	1.00E+00	1.51E+00	1.32E+00	2	1.35E-02	2.04E-02	149	1.56E-01	1.00E+00	1.00E+00	2.84E+00	7.03E-01	2	99	1.32E-02	2.02E-02	chr13_40727364_40730800,chr13_69770884_69771496	Med10,Tfap2a
GO Molecular Function	GO:0004540	ribonuclease activity	252	3.84E-01	1.00E+00	1.00E+00	2.07E+00	4.83E-01	1	4.93E-03	1.02E-02	307	4.96E-01	1.00E+00	1.00E+00	1.47E+00	6.82E-01	1	96	6.58E-03	1.04E-02	chr14_51771546_51772144	Ang4
GO Molecular Function	GO:0042578	phosphoric ester hydrolase activity	253	3.89E-01	1.00E+00	1.00E+00	1.27E+00	3.16E+00	4	3.22E-02	4.08E-02	292	4.36E-01	1.00E+00	1.00E+00	1.24E+00	2.42E+00	3	340	1.97E-02	8.82E-03	chr10_86836857_86837177,chr12_16589553_16589895,chr12_16590033_16592004,chr5_100067158_100068139	Enoph1,Lpin1,Nt5dc3
GO Molecular Function	GO:0003713	transcription coactivator activity	254	3.92E-01	1.00E+00	1.00E+00	1.33E+00	2.25E+00	3	2.30E-02	3.06E-02	222	2.53E-01	1.00E+00	1.00E+00	1.72E+00	1.74E+00	3	245	1.97E-02	1.22E-02	chr10_68276719_68277215,chr13_40727364_40730800,chr4_132269780_132270306	Arid5b,Taf12,Tfap2a
GO Molecular Function	GO:0030295	protein kinase activator activity	255	3.96E-01	1.00E+00	1.00E+00	1.99E+00	5.03E-01	1	5.13E-03	1.02E-02	269	3.76E-01	1.00E+00	1.00E+00	2.13E+00	4.69E-01	1	66	6.58E-03	1.52E-02	chr19_57119757_57120427	Afap1l2
GO Molecular Function	GO:0016407	acetyltransferase activity	256	3.96E-01	1.00E+00	1.00E+00	1.99E+00	5.03E-01	1	5.13E-03	1.02E-02	315	5.41E-01	1.00E+00	1.00E+00	1.29E+00	7.74E-01	1	109	6.58E-03	9.17E-03	chr4_132269780_132270306	Taf12
GO Molecular Function	GO:0099516	ion antiporter activity	257	3.97E-01	1.00E+00	1.00E+00	1.99E+00	5.04E-01	1	5.14E-03	1.02E-02	239	3.15E-01	1.00E+00	1.00E+00	2.66E+00	3.77E-01	1	53	6.58E-03	1.89E-02	chr3_50442906_50443889	Slc7a11
GO Molecular Function	GO:0004197	cysteine-type endopeptidase activity	258	4.03E-01	1.00E+00	1.00E+00	1.95E+00	5.14E-01	1	5.25E-03	1.02E-02	293	4.39E-01	1.00E+00	1.00E+00	1.74E+00	5.75E-01	1	81	6.58E-03	1.23E-02	chr2_174428666_174429601	Ctsz
GO Molecular Function	GO:0001191	transcriptional repressor activity, RNA polymerase II transcription factor binding	259	4.04E-01	1.00E+00	1.00E+00	1.45E+00	1.38E+00	2	1.41E-02	2.04E-02	159	1.64E-01	1.00E+00	1.00E+00	2.76E+00	7.25E-01	2	102	1.32E-02	1.96E-02	chr13_40727364_40730800,chr7_126781249_126781424	Tbx6,Tfap2a
GO Molecular Function	GO:0042393	histone binding	260	4.07E-01	1.00E+00	1.00E+00	1.44E+00	1.39E+00	2	1.42E-02	2.04E-02	279	3.94E-01	1.00E+00	1.00E+00	1.47E+00	1.36E+00	2	191	1.32E-02	1.05E-02	chr6_39204889_39205411,chr6_60830285_60830625	Kdm7a,Snca
GO Molecular Function	GO:0008135	translation factor activity, RNA binding	261	4.07E-01	1.00E+00	1.00E+00	1.92E+00	5.22E-01	1	5.32E-03	1.02E-02	303	4.89E-01	1.00E+00	1.00E+00	1.50E+00	6.68E-01	1	94	6.58E-03	1.06E-02	chr11_69919322_69920053	Eif5a
GO Molecular Function	GO:0016410	N-acyltransferase activity	262	4.15E-01	1.00E+00	1.00E+00	1.87E+00	5.35E-01	1	5.46E-03	1.02E-02	315	5.41E-01	1.00E+00	1.00E+00	1.29E+00	7.74E-01	1	109	6.58E-03	9.17E-03	chr4_132269780_132270306	Taf12
GO Molecular Function	GO:0019842	vitamin binding	263	4.19E-01	1.00E+00	1.00E+00	1.85E+00	5.42E-01	1	5.53E-03	1.02E-02	281	4.02E-01	1.00E+00	1.00E+00	1.95E+00	5.12E-01	1	72	6.58E-03	1.39E-02	chr8_124946584_124947555	Egln1
GO Molecular Function	GO:0005548	phospholipid transporter activity	264	4.23E-01	1.00E+00	1.00E+00	1.82E+00	5.48E-01	1	5.59E-03	1.02E-02	243	3.20E-01	1.00E+00	1.00E+00	2.61E+00	3.84E-01	1	54	6.58E-03	1.85E-02	chr5_111006204_111007025	Pitpnb
GO Molecular Function	GO:0019209	kinase activator activity	265	4.24E-01	1.00E+00	1.00E+00	1.82E+00	5.50E-01	1	5.61E-03	1.02E-02	285	4.06E-01	1.00E+00	1.00E+00	1.93E+00	5.19E-01	1	73	6.58E-03	1.37E-02	chr19_57119757_57120427	Afap1l2
GO Molecular Function	GO:0032403	protein complex binding	266	4.27E-01	1.00E+00	1.00E+00	1.13E+00	6.20E+00	7	6.33E-02	7.14E-02	259	3.58E-01	1.00E+00	1.00E+00	1.21E+00	5.78E+00	7	814	4.61E-02	8.60E-03	chr11_100206147_100206767,chr13_63563733_63564766,chr13_63566316_63566849,chr17_35836387_35836777,chr4_88779584_88779910,chr5_138992412_138994516,chr6_60830285_60830625	Gm13272,Ifnz,Krt14,Pdgfa,Ptch1,Snca,Tubb5
GO Molecular Function	GO:0005200	structural constituent of cytoskeleton	267	4.28E-01	1.00E+00	1.00E+00	1.79E+00	5.57E-01	1	5.69E-03	1.02E-02	287	4.11E-01	1.00E+00	1.00E+00	1.90E+00	5.26E-01	1	74	6.58E-03	1.35E-02	chr17_35836387_35836777	Tubb5
GO Molecular Function	GO:0035591	signaling adaptor activity	268	4.28E-01	1.00E+00	1.00E+00	1.79E+00	5.57E-01	1	5.69E-03	1.02E-02	239	3.15E-01	1.00E+00	1.00E+00	2.66E+00	3.77E-01	1	53	6.58E-03	1.89E-02	chr19_57119757_57120427	Afap1l2
GO Molecular Function	GO:0003705	transcription factor activity, RNA polymerase II distal enhancer sequence-specific binding	269	4.28E-01	1.00E+00	1.00E+00	1.37E+00	1.46E+00	2	1.49E-02	2.04E-02	160	1.69E-01	1.00E+00	1.00E+00	2.71E+00	7.39E-01	2	104	1.32E-02	1.92E-02	chr2_75703196_75704248,chr7_126781249_126781424	Nfe2l2,Tbx6
GO Molecular Function	GO:0015078	hydrogen ion transmembrane transporter activity	270	4.30E-01	1.00E+00	1.00E+00	1.78E+00	5.61E-01	1	5.72E-03	1.02E-02	310	5.07E-01	1.00E+00	1.00E+00	1.42E+00	7.03E-01	1	99	6.58E-03	1.01E-02	chr7_140901650_140902605	Cox8b
GO Molecular Function	GO:1901981	phosphatidylinositol phosphate binding	271	4.31E-01	1.00E+00	1.00E+00	1.37E+00	1.46E+00	2	1.49E-02	2.04E-02	338	6.25E-01	1.00E+00	1.00E+00	1.03E+00	9.73E-01	1	137	6.58E-03	7.30E-03	chr7_38184529_38185013,chr7_38197297_38198262	Plekhf1
GO Molecular Function	GO:0005518	collagen binding	272	4.31E-01	1.00E+00	1.00E+00	1.78E+00	5.63E-01	1	5.74E-03	1.02E-02	253	3.44E-01	1.00E+00	1.00E+00	2.39E+00	4.19E-01	1	59	6.58E-03	1.69E-02	chr5_138992412_138994516	Pdgfa
GO Molecular Function	GO:0019888	protein phosphatase regulator activity	273	4.35E-01	1.00E+00	1.00E+00	1.76E+00	5.69E-01	1	5.81E-03	1.02E-02	288	4.19E-01	1.00E+00	1.00E+00	1.85E+00	5.40E-01	1	76	6.58E-03	1.32E-02	chr7_100372146_100372354	Ppme1
GO Molecular Function	GO:0008509	anion transmembrane transporter activity	274	4.36E-01	1.00E+00	1.00E+00	1.24E+00	2.42E+00	3	2.47E-02	3.06E-02	257	3.53E-01	1.00E+00	1.00E+00	1.42E+00	2.11E+00	3	297	1.97E-02	1.01E-02	chr11_120186364_120189507,chr3_50442906_50443889,chr4_139309793_139310553	Pqlc2,Slc38a10,Slc7a11
GO Molecular Function	GO:0016788	hydrolase activity, acting on ester bonds	275	4.43E-01	1.00E+00	1.00E+00	1.13E+00	5.33E+00	6	5.43E-02	6.12E-02	326	5.87E-01	1.00E+00	1.00E+00	9.73E-01	5.14E+00	5	723	3.29E-02	6.92E-03	chr10_86836857_86837177,chr12_16589553_16589895,chr12_16590033_16592004,chr14_51771546_51772144,chr5_100067158_100068139,chr7_100372146_100372354	Ang4,Enoph1,Lpin1,Nt5dc3,Ppme1
GO Molecular Function	GO:0015085	calcium ion transmembrane transporter activity	276	4.47E-01	1.00E+00	1.00E+00	1.32E+00	1.51E+00	2	1.54E-02	2.04E-02	212	2.36E-01	1.00E+00	1.00E+00	2.17E+00	9.24E-01	2	130	1.32E-02	1.54E-02	chr6_118758397_118758711,chr8_84660555_84662042	Cacna1a,Cacna1c
GO Molecular Function	GO:0005160	transforming growth factor beta receptor binding	277	4.50E-01	1.00E+00	1.00E+00	1.68E+00	5.95E-01	1	6.08E-03	1.02E-02	237	3.10E-01	1.00E+00	1.00E+00	2.71E+00	3.69E-01	1	52	6.58E-03	1.92E-02	chr14_46387358_46388080	Bmp4
GO Molecular Function	GO:0038024	cargo receptor activity	278	4.50E-01	1.00E+00	1.00E+00	1.68E+00	5.96E-01	1	6.08E-03	1.02E-02	273	3.80E-01	1.00E+00	1.00E+00	2.10E+00	4.76E-01	1	67	6.58E-03	1.49E-02	chr10_86836857_86837177	Stab2
GO Molecular Function	GO:0019905	syntaxin binding	279	4.51E-01	1.00E+00	1.00E+00	1.67E+00	5.99E-01	1	6.11E-03	1.02E-02	291	4.35E-01	1.00E+00	1.00E+00	1.76E+00	5.68E-01	1	80	6.58E-03	1.25E-02	chr8_84660555_84662042	Cacna1a
GO Molecular Function	GO:0043621	protein self-association	280	4.53E-01	1.00E+00	1.00E+00	1.66E+00	6.01E-01	1	6.13E-03	1.02E-02	262	3.67E-01	1.00E+00	1.00E+00	2.20E+00	4.55E-01	1	64	6.58E-03	1.56E-02	chr5_135790394_135790983	Mdh2
GO Molecular Function	GO:0015297	antiporter activity	281	4.57E-01	1.00E+00	1.00E+00	1.64E+00	6.08E-01	1	6.21E-03	1.02E-02	285	4.06E-01	1.00E+00	1.00E+00	1.93E+00	5.19E-01	1	73	6.58E-03	1.37E-02	chr3_50442906_50443889	Slc7a11
GO Molecular Function	GO:0008170	N-methyltransferase activity	282	4.59E-01	1.00E+00	1.00E+00	1.63E+00	6.12E-01	1	6.25E-03	1.02E-02	295	4.55E-01	1.00E+00	1.00E+00	1.66E+00	6.04E-01	1	85	6.58E-03	1.18E-02	chr16_5254419_5255117	Eef2kmt
GO Molecular Function	GO:0003697	single-stranded DNA binding	283	4.77E-01	1.00E+00	1.00E+00	1.55E+00	6.46E-01	1	6.59E-03	1.02E-02	310	5.07E-01	1.00E+00	1.00E+00	1.42E+00	7.03E-01	1	99	6.58E-03	1.01E-02	chr7_116032327_116033153	Gm4353
GO Molecular Function	GO:0043130	ubiquitin binding	284	4.79E-01	1.00E+00	1.00E+00	1.54E+00	6.49E-01	1	6.62E-03	1.02E-02	314	5.31E-01	1.00E+00	1.00E+00	1.33E+00	7.53E-01	1	106	6.58E-03	9.43E-03	chr8_124946584_124947555	Sprtn
GO Molecular Function	GO:0048037	cofactor binding	285	4.81E-01	1.00E+00	1.00E+00	1.24E+00	1.61E+00	2	1.65E-02	2.04E-02	322	5.70E-01	1.00E+00	1.00E+00	1.05E+00	1.90E+00	2	268	1.32E-02	7.46E-03	chr13_53471407_53472168,chr6_121069244_121070033	Mical3,Sptlc1
GO Molecular Function	GO:0008227	G-protein coupled amine receptor activity	286	4.81E-01	1.00E+00	1.00E+00	1.53E+00	6.54E-01	1	6.67E-03	1.02E-02	261	3.62E-01	1.00E+00	1.00E+00	2.23E+00	4.48E-01	1	63	6.58E-03	1.59E-02	chr6_36388037_36388580	Chrm2
GO Molecular Function	GO:0008083	growth factor activity	287	4.82E-01	1.00E+00	1.00E+00	1.24E+00	1.62E+00	2	1.65E-02	2.04E-02	231	2.89E-01	1.00E+00	1.00E+00	1.88E+00	1.07E+00	2	150	1.32E-02	1.33E-02	chr14_46387358_46388080,chr5_138992412_138994516	Bmp4,Pdgfa
GO Molecular Function	GO:0001046	core promoter sequence-specific DNA binding	288	4.83E-01	1.00E+00	1.00E+00	1.24E+00	1.62E+00	2	1.65E-02	2.04E-02	200	2.12E-01	1.00E+00	1.00E+00	2.33E+00	8.60E-01	2	121	1.32E-02	1.65E-02	chr11_101964638_101965429,chr13_40727364_40730800	Meox1,Tfap2a
GO Molecular Function	GO:0004519	endonuclease activity	289	4.89E-01	1.00E+00	1.00E+00	1.50E+00	6.68E-01	1	6.82E-03	1.02E-02	334	6.19E-01	1.00E+00	1.00E+00	1.04E+00	9.59E-01	1	135	6.58E-03	7.41E-03	chr14_51771546_51772144	Ang4
GO Molecular Function	GO:0031072	heat shock protein binding	290	4.91E-01	1.00E+00	1.00E+00	1.49E+00	6.72E-01	1	6.86E-03	1.02E-02	313	5.18E-01	1.00E+00	1.00E+00	1.38E+00	7.25E-01	1	102	6.58E-03	9.80E-03	chr6_60830285_60830625	Snca
GO Molecular Function	GO:0019904	protein domain specific binding	291	4.98E-01	1.00E+00	1.00E+00	1.05E+00	6.64E+00	7	6.77E-02	7.14E-02	139	1.36E-01	1.00E+00	1.00E+00	1.58E+00	5.07E+00	8	713	5.26E-02	1.12E-02	chr11_101964638_101965429,chr11_69399728_69400631,chr11_96352608_96353722,chr17_35836387_35836777,chr19_57119757_57120427,chr2_75703196_75704248,chr6_60830285_60830625	Afap1l2,Hoxb1,Mdc1,Meox1,Nfe2l2,Snca,Tmem88,Tubb5
GO Molecular Function	GO:0019208	phosphatase regulator activity	292	5.05E-01	1.00E+00	1.00E+00	1.43E+00	7.01E-01	1	7.15E-03	1.02E-02	299	4.63E-01	1.00E+00	1.00E+00	1.62E+00	6.18E-01	1	87	6.58E-03	1.15E-02	chr7_100372146_100372354	Ppme1
GO Molecular Function	GO:0015631	tubulin binding	293	5.09E-01	1.00E+00	1.00E+00	1.11E+00	2.70E+00	3	2.76E-02	3.06E-02	339	6.33E-01	1.00E+00	1.00E+00	9.35E-01	2.14E+00	2	301	1.32E-02	6.64E-03	chr6_60830285_60830625,chr8_26117824_26118019,chr8_26118257_26118822	Hook3,Snca
GO Molecular Function	GO:0008276	protein methyltransferase activity	294	5.13E-01	1.00E+00	1.00E+00	1.39E+00	7.17E-01	1	7.32E-03	1.02E-02	295	4.55E-01	1.00E+00	1.00E+00	1.66E+00	6.04E-01	1	85	6.58E-03	1.18E-02	chr16_5254419_5255117	Eef2kmt
GO Molecular Function	GO:0004497	monooxygenase activity	295	5.34E-01	1.00E+00	1.00E+00	1.32E+00	7.60E-01	1	7.76E-03	1.02E-02	340	6.35E-01	1.00E+00	1.00E+00	9.98E-01	1.00E+00	1	141	6.58E-03	7.09E-03	chr6_121069244_121070033	Mical3
GO Molecular Function	GO:0022843	voltage-gated cation channel activity	296	5.35E-01	1.00E+00	1.00E+00	1.12E+00	1.79E+00	2	1.82E-02	2.04E-02	216	2.41E-01	1.00E+00	1.00E+00	2.13E+00	9.38E-01	2	132	1.32E-02	1.52E-02	chr6_118758397_118758711,chr8_84660555_84662042	Cacna1a,Cacna1c
GO Molecular Function	GO:0032182	ubiquitin-like protein binding	297	5.35E-01	1.00E+00	1.00E+00	1.31E+00	7.63E-01	1	7.79E-03	1.02E-02	327	5.91E-01	1.00E+00	1.00E+00	1.13E+00	8.88E-01	1	125	6.58E-03	8.00E-03	chr8_124946584_124947555	Sprtn
GO Molecular Function	GO:0022804	active transmembrane transporter activity	298	5.36E-01	1.00E+00	1.00E+00	1.07E+00	2.81E+00	3	2.87E-02	3.06E-02	312	5.10E-01	1.00E+00	1.00E+00	1.11E+00	2.71E+00	3	381	1.97E-02	7.87E-03	chr12_118847345_118851129,chr3_50442906_50443889,chr5_142815895_142816475	Abcb5,Slc29a4,Slc7a11
GO Molecular Function	GO:0022891	substrate-specific transmembrane transporter activity	299	5.42E-01	1.00E+00	1.00E+00	1.01E+00	7.92E+00	8	8.08E-02	8.16E-02	245	3.20E-01	1.00E+00	1.00E+00	1.24E+00	6.47E+00	8	910	5.26E-02	8.79E-03	chr11_120186364_120189507,chr3_50442906_50443889,chr4_139309793_139310553,chr5_100067158_100068139,chr5_142815895_142816475,chr6_118758397_118758711,chr7_140901650_140902605,chr8_84660555_84662042	Cacna1a,Cacna1c,Cox8b,Pqlc2,Slc29a4,Slc38a10,Slc7a11,Tmem150c
GO Molecular Function	GO:0001105	RNA polymerase II transcription coactivator activity	300	5.42E-01	1.00E+00	1.00E+00	1.29E+00	7.77E-01	1	7.93E-03	1.02E-02	230	2.80E-01	1.00E+00	1.00E+00	3.06E+00	3.27E-01	1	46	6.58E-03	2.17E-02	chr13_40727364_40730800	Tfap2a
GO Molecular Function	GO:0008238	exopeptidase activity	301	5.42E-01	1.00E+00	1.00E+00	1.29E+00	7.77E-01	1	7.93E-03	1.02E-02	303	4.89E-01	1.00E+00	1.00E+00	1.50E+00	6.68E-01	1	94	6.58E-03	1.06E-02	chr2_174428666_174429601	Ctsz
GO Molecular Function	GO:0042626	ATPase activity, coupled to transmembrane movement of substances	302	5.43E-01	1.00E+00	1.00E+00	1.28E+00	7.81E-01	1	7.97E-03	1.02E-02	319	5.67E-01	1.00E+00	1.00E+00	1.20E+00	8.31E-01	1	117	6.58E-03	8.55E-03	chr12_118847345_118851129	Abcb5
GO Molecular Function	GO:0016820	hydrolase activity, acting on acid anhydrides, catalyzing transmembrane movement of substances	303	5.48E-01	1.00E+00	1.00E+00	1.27E+00	7.90E-01	1	8.07E-03	1.02E-02	323	5.73E-01	1.00E+00	1.00E+00	1.18E+00	8.45E-01	1	119	6.58E-03	8.40E-03	chr12_118847345_118851129	Abcb5
GO Molecular Function	GO:0070405	ammonium ion binding	304	5.55E-01	1.00E+00	1.00E+00	1.24E+00	8.07E-01	1	8.23E-03	1.02E-02	277	3.89E-01	1.00E+00	1.00E+00	2.04E+00	4.90E-01	1	69	6.58E-03	1.45E-02	chr5_111006204_111007025	Pitpnb
GO Molecular Function	GO:0051219	phosphoprotein binding	305	5.56E-01	1.00E+00	1.00E+00	1.24E+00	8.08E-01	1	8.24E-03	1.02E-02	295	4.55E-01	1.00E+00	1.00E+00	1.66E+00	6.04E-01	1	85	6.58E-03	1.18E-02	chr6_60830285_60830625	Snca
GO Molecular Function	GO:0008144	drug binding	306	5.58E-01	1.00E+00	1.00E+00	1.23E+00	8.13E-01	1	8.29E-03	1.02E-02	307	4.96E-01	1.00E+00	1.00E+00	1.47E+00	6.82E-01	1	96	6.58E-03	1.04E-02	chr6_36388037_36388580	Chrm2
GO Molecular Function	GO:0072509	divalent inorganic cation transmembrane transporter activity	307	5.64E-01	1.00E+00	1.00E+00	1.06E+00	1.88E+00	2	1.92E-02	2.04E-02	256	3.51E-01	1.00E+00	1.00E+00	1.62E+00	1.24E+00	2	174	1.32E-02	1.15E-02	chr6_118758397_118758711,chr8_84660555_84662042	Cacna1a,Cacna1c
GO Molecular Function	GO:0016616	oxidoreductase activity, acting on the CH-OH group of donors, NAD or NADP as acceptor	308	5.66E-01	1.00E+00	1.00E+00	1.20E+00	8.32E-01	1	8.49E-03	1.02E-02	325	5.85E-01	1.00E+00	1.00E+00	1.14E+00	8.74E-01	1	123	6.58E-03	8.13E-03	chr5_135790394_135790983	Mdh2
GO Molecular Function	GO:0005085	guanyl-nucleotide exchange factor activity	309	5.70E-01	1.00E+00	1.00E+00	1.05E+00	1.91E+00	2	1.94E-02	2.04E-02	180	1.84E-01	1.00E+00	1.00E+00	2.03E+00	1.48E+00	3	208	1.97E-02	1.44E-02	chr5_146484019_146484218,chr5_99728733_99729813	Gm6370,Gm6408,Rasgef1b
GO Molecular Function	GO:0015405	P-P-bond-hydrolysis-driven transmembrane transporter activity	310	5.77E-01	1.00E+00	1.00E+00	1.17E+00	8.57E-01	1	8.75E-03	1.02E-02	329	5.94E-01	1.00E+00	1.00E+00	1.12E+00	8.95E-01	1	126	6.58E-03	7.94E-03	chr12_118847345_118851129	Abcb5
GO Molecular Function	GO:0003714	transcription corepressor activity	311	5.90E-01	1.00E+00	1.00E+00	1.01E+00	1.98E+00	2	2.02E-02	2.04E-02	264	3.69E-01	1.00E+00	1.00E+00	1.56E+00	1.29E+00	2	181	1.32E-02	1.10E-02	chr11_69919322_69920053,chr13_40727364_40730800	Gps2,Tfap2a
GO Molecular Function	GO:0052689	carboxylic ester hydrolase activity	312	5.94E-01	1.00E+00	1.00E+00	1.11E+00	8.97E-01	1	9.16E-03	1.02E-02	346	6.51E-01	1.00E+00	1.00E+00	9.58E-01	1.04E+00	1	147	6.58E-03	6.80E-03	chr7_100372146_100372354	Ppme1
GO Molecular Function	GO:0005319	lipid transporter activity	313	5.97E-01	1.00E+00	1.00E+00	1.11E+00	9.05E-01	1	9.23E-03	1.02E-02	315	5.41E-01	1.00E+00	1.00E+00	1.29E+00	7.74E-01	1	109	6.58E-03	9.17E-03	chr5_111006204_111007025	Pitpnb
GO Molecular Function	GO:0046982	protein heterodimerization activity	314	6.06E-01	1.00E+00	1.00E+00	9.55E-01	5.24E+00	5	5.34E-02	5.10E-02	260	3.61E-01	1.00E+00	1.00E+00	1.27E+00	3.95E+00	5	556	3.29E-02	8.99E-03	chr2_75703196_75704248,chr4_132269780_132270306,chr5_138992412_138994516,chr6_121069244_121070033,chr7_116032327_116033153	Bid,Nfe2l2,Pdgfa,Sox6,Taf12
GO Molecular Function	GO:0000979	RNA polymerase II core promoter sequence-specific DNA binding	315	6.08E-01	1.00E+00	1.00E+00	1.07E+00	9.32E-01	1	9.51E-03	1.02E-02	276	3.85E-01	1.00E+00	1.00E+00	2.07E+00	4.83E-01	1	68	6.58E-03	1.47E-02	chr13_40727364_40730800	Tfap2a
GO Molecular Function	GO:0016614	oxidoreductase activity, acting on CH-OH group of donors	316	6.15E-01	1.00E+00	1.00E+00	1.05E+00	9.49E-01	1	9.69E-03	1.02E-02	340	6.35E-01	1.00E+00	1.00E+00	9.98E-01	1.00E+00	1	141	6.58E-03	7.09E-03	chr5_135790394_135790983	Mdh2
GO Molecular Function	GO:0001190	transcriptional activator activity, RNA polymerase II transcription factor binding	317	6.21E-01	1.00E+00	1.00E+00	1.04E+00	9.65E-01	1	9.85E-03	1.02E-02	262	3.67E-01	1.00E+00	1.00E+00	2.20E+00	4.55E-01	1	64	6.58E-03	1.56E-02	chr13_40727364_40730800	Tfap2a
GO Molecular Function	GO:0050839	cell adhesion molecule binding	318	6.23E-01	1.00E+00	1.00E+00	9.36E-01	4.27E+00	4	4.36E-02	4.08E-02	283	4.04E-01	1.00E+00	1.00E+00	1.24E+00	3.23E+00	4	454	2.63E-02	8.81E-03	chr12_87298202_87298732,chr4_141326801_141327760,chr7_100372146_100372354,chr7_19355987_19356721	Ahsa1,Epha2,Ppme1,Ppp1r13l
GO Molecular Function	GO:0019903	protein phosphatase binding	319	6.26E-01	1.00E+00	1.00E+00	1.02E+00	9.79E-01	1	9.99E-03	1.02E-02	324	5.82E-01	1.00E+00	1.00E+00	1.15E+00	8.67E-01	1	122	6.58E-03	8.20E-03	chr7_100372146_100372354	Ppme1
GO Molecular Function	GO:0008757	S-adenosylmethionine-dependent methyltransferase activity	320	6.29E-01	1.00E+00	1.00E+00	1.01E+00	9.87E-01	1	1.01E-02	1.02E-02	343	6.40E-01	1.00E+00	1.00E+00	9.84E-01	1.02E+00	1	143	6.58E-03	6.99E-03	chr16_5254419_5255117	Eef2kmt
GO Molecular Function	GO:0001047	core promoter binding	321	6.38E-01	1.00E+00	1.00E+00	9.28E-01	2.15E+00	2	2.20E-02	2.04E-02	272	3.79E-01	1.00E+00	1.00E+00	1.52E+00	1.31E+00	2	185	1.32E-02	1.08E-02	chr11_101964638_101965429,chr13_40727364_40730800	Meox1,Tfap2a
GO Molecular Function	GO:0000982	transcription factor activity, RNA polymerase II core promoter proximal region sequence-specific binding	322	6.38E-01	1.00E+00	1.00E+00	9.21E-01	5.43E+00	5	5.54E-02	5.10E-02	181	1.85E-01	1.00E+00	1.00E+00	1.66E+00	3.01E+00	5	424	3.29E-02	1.18E-02	chr11_101964638_101965429,chr11_96352608_96353722,chr13_40727364_40730800,chr16_30066210_30067176,chr7_116032327_116033153	Hes1,Hoxb1,Meox1,Sox6,Tfap2a
GO Molecular Function	GO:0005244	voltage-gated ion channel activity	323	6.39E-01	1.00E+00	1.00E+00	9.26E-01	2.16E+00	2	2.20E-02	2.04E-02	268	3.74E-01	1.00E+00	1.00E+00	1.54E+00	1.30E+00	2	183	1.32E-02	1.09E-02	chr6_118758397_118758711,chr8_84660555_84662042	Cacna1a,Cacna1c
GO Molecular Function	GO:0015075	ion transmembrane transporter activity	324	6.40E-01	1.00E+00	1.00E+00	9.25E-01	7.57E+00	7	7.72E-02	7.14E-02	280	3.95E-01	1.00E+00	1.00E+00	1.16E+00	6.01E+00	7	846	4.61E-02	8.27E-03	chr11_120186364_120189507,chr3_50442906_50443889,chr4_139309793_139310553,chr5_100067158_100068139,chr6_118758397_118758711,chr7_140901650_140902605,chr8_84660555_84662042	Cacna1a,Cacna1c,Cox8b,Pqlc2,Slc38a10,Slc7a11,Tmem150c
GO Molecular Function	GO:0043492	ATPase activity, coupled to movement of substances	325	6.40E-01	1.00E+00	1.00E+00	9.84E-01	1.02E+00	1	1.04E-02	1.02E-02	332	6.08E-01	1.00E+00	1.00E+00	1.07E+00	9.31E-01	1	131	6.58E-03	7.63E-03	chr12_118847345_118851129	Abcb5
GO Molecular Function	GO:0004714	transmembrane receptor protein tyrosine kinase activity	326	6.52E-01	1.00E+00	1.00E+00	9.52E-01	1.05E+00	1	1.07E-02	1.02E-02	269	3.76E-01	1.00E+00	1.00E+00	2.13E+00	4.69E-01	1	66	6.58E-03	1.52E-02	chr4_141326801_141327760	Epha2
GO Molecular Function	GO:0050662	coenzyme binding	327	6.53E-01	1.00E+00	1.00E+00	9.49E-01	1.05E+00	1	1.08E-02	1.02E-02	354	7.34E-01	1.00E+00	1.00E+00	7.61E-01	1.31E+00	1	185	6.58E-03	5.41E-03	chr6_121069244_121070033	Mical3
GO Molecular Function	GO:0000978	RNA polymerase II core promoter proximal region sequence-specific DNA binding	328	6.64E-01	1.00E+00	1.00E+00	8.89E-01	4.50E+00	4	4.59E-02	4.08E-02	234	3.04E-01	1.00E+00	1.00E+00	1.44E+00	2.78E+00	4	392	2.63E-02	1.02E-02	chr11_101964638_101965429,chr11_96352608_96353722,chr13_40727364_40730800,chr7_116032327_116033153	Hoxb1,Meox1,Sox6,Tfap2a
GO Molecular Function	GO:0004866	endopeptidase inhibitor activity	329	6.68E-01	1.00E+00	1.00E+00	9.11E-01	1.10E+00	1	1.12E-02	1.02E-02	364	7.73E-01	1.00E+00	1.00E+00	6.80E-01	1.47E+00	1	207	6.58E-03	4.83E-03	chr6_60830285_60830625	Snca
GO Molecular Function	GO:0004518	nuclease activity	330	6.69E-01	1.00E+00	1.00E+00	9.10E-01	1.10E+00	1	1.12E-02	1.02E-02	362	7.65E-01	1.00E+00	1.00E+00	6.97E-01	1.44E+00	1	202	6.58E-03	4.95E-03	chr14_51771546_51772144	Ang4
GO Molecular Function	GO:0005525	GTP binding	331	6.72E-01	1.00E+00	1.00E+00	8.71E-01	2.30E+00	2	2.34E-02	2.04E-02	357	7.39E-01	1.00E+00	1.00E+00	7.65E-01	2.61E+00	2	368	1.32E-02	5.43E-03	chr11_101658299_101659257,chr17_35836387_35836777	Arl4d,Tubb5
GO Molecular Function	GO:0017124	SH3 domain binding	332	6.79E-01	1.00E+00	1.00E+00	8.86E-01	1.13E+00	1	1.15E-02	1.02E-02	319	5.67E-01	1.00E+00	1.00E+00	1.20E+00	8.31E-01	1	117	6.58E-03	8.55E-03	chr19_57119757_57120427	Afap1l2
GO Molecular Function	GO:0061135	endopeptidase regulator activity	333	6.83E-01	1.00E+00	1.00E+00	8.77E-01	1.14E+00	1	1.16E-02	1.02E-02	368	7.87E-01	1.00E+00	1.00E+00	6.52E-01	1.53E+00	1	216	6.58E-03	4.63E-03	chr6_60830285_60830625	Snca
GO Molecular Function	GO:0030414	peptidase inhibitor activity	334	6.88E-01	1.00E+00	1.00E+00	8.64E-01	1.16E+00	1	1.18E-02	1.02E-02	369	7.92E-01	1.00E+00	1.00E+00	6.43E-01	1.56E+00	1	219	6.58E-03	4.57E-03	chr6_60830285_60830625	Snca
GO Molecular Function	GO:0031625	ubiquitin protein ligase binding	335	6.89E-01	1.00E+00	1.00E+00	8.43E-01	2.37E+00	2	2.42E-02	2.04E-02	342	6.40E-01	1.00E+00	1.00E+00	9.23E-01	2.17E+00	2	305	1.32E-02	6.56E-03	chr17_35836387_35836777,chr6_121069244_121070033	Bid,Tubb5
GO Molecular Function	GO:0000987	core promoter proximal region sequence-specific DNA binding	336	6.98E-01	1.00E+00	1.00E+00	8.50E-01	4.71E+00	4	4.80E-02	4.08E-02	246	3.25E-01	1.00E+00	1.00E+00	1.39E+00	2.88E+00	4	405	2.63E-02	9.88E-03	chr11_101964638_101965429,chr11_96352608_96353722,chr13_40727364_40730800,chr7_116032327_116033153	Hoxb1,Meox1,Sox6,Tfap2a
GO Molecular Function	GO:0044389	ubiquitin-like protein ligase binding	337	6.98E-01	1.00E+00	1.00E+00	8.29E-01	2.41E+00	2	2.46E-02	2.04E-02	347	6.63E-01	1.00E+00	1.00E+00	8.85E-01	2.26E+00	2	318	1.32E-02	6.29E-03	chr17_35836387_35836777,chr6_121069244_121070033	Bid,Tubb5
GO Molecular Function	GO:0001159	core promoter proximal region DNA binding	338	7.03E-01	1.00E+00	1.00E+00	8.45E-01	4.74E+00	4	4.83E-02	4.08E-02	248	3.30E-01	1.00E+00	1.00E+00	1.38E+00	2.90E+00	4	408	2.63E-02	9.80E-03	chr11_101964638_101965429,chr11_96352608_96353722,chr13_40727364_40730800,chr7_116032327_116033153	Hoxb1,Meox1,Sox6,Tfap2a
GO Molecular Function	GO:0032561	guanyl ribonucleotide binding	339	7.11E-01	1.00E+00	1.00E+00	8.09E-01	2.47E+00	2	2.52E-02	2.04E-02	360	7.62E-01	1.00E+00	1.00E+00	7.31E-01	2.74E+00	2	385	1.32E-02	5.19E-03	chr11_101658299_101659257,chr17_35836387_35836777	Arl4d,Tubb5
GO Molecular Function	GO:0005088	Ras guanyl-nucleotide exchange factor activity	340	7.12E-01	1.00E+00	1.00E+00	8.09E-01	1.24E+00	1	1.26E-02	1.02E-02	329	5.94E-01	1.00E+00	1.00E+00	1.12E+00	8.95E-01	1	126	6.58E-03	7.94E-03	chr5_99728733_99729813	Rasgef1b
GO Molecular Function	GO:0019001	guanyl nucleotide binding	341	7.12E-01	1.00E+00	1.00E+00	8.07E-01	2.48E+00	2	2.53E-02	2.04E-02	361	7.63E-01	1.00E+00	1.00E+00	7.29E-01	2.74E+00	2	386	1.32E-02	5.18E-03	chr11_101658299_101659257,chr17_35836387_35836777	Arl4d,Tubb5
GO Molecular Function	GO:0001077	transcriptional activator activity, RNA polymerase II core promoter proximal region sequence-specific binding	342	7.21E-01	1.00E+00	1.00E+00	8.10E-01	3.70E+00	3	3.78E-02	3.06E-02	249	3.30E-01	1.00E+00	1.00E+00	1.48E+00	2.02E+00	3	285	1.97E-02	1.05E-02	chr11_101964638_101965429,chr11_96352608_96353722,chr13_40727364_40730800	Hoxb1,Meox1,Tfap2a
GO Molecular Function	GO:0060090	binding, bridging	343	7.26E-01	1.00E+00	1.00E+00	7.78E-01	1.29E+00	1	1.31E-02	1.02E-02	333	6.14E-01	1.00E+00	1.00E+00	1.06E+00	9.45E-01	1	133	6.58E-03	7.52E-03	chr19_57119757_57120427	Afap1l2
GO Molecular Function	GO:0008234	cysteine-type peptidase activity	344	7.39E-01	1.00E+00	1.00E+00	7.49E-01	1.33E+00	1	1.36E-02	1.02E-02	352	7.22E-01	1.00E+00	1.00E+00	7.86E-01	1.27E+00	1	179	6.58E-03	5.59E-03	chr2_174428666_174429601	Ctsz
GO Molecular Function	GO:0016757	transferase activity, transferring glycosyl groups	345	7.40E-01	1.00E+00	1.00E+00	7.65E-01	2.61E+00	2	2.67E-02	2.04E-02	328	5.92E-01	1.00E+00	1.00E+00	1.01E+00	1.98E+00	2	279	1.32E-02	7.17E-03	chr16_5254419_5255117,chr6_39204889_39205411	Alg1,Parp12
GO Molecular Function	GO:0022836	gated channel activity	346	7.40E-01	1.00E+00	1.00E+00	7.86E-01	3.82E+00	3	3.90E-02	3.06E-02	271	3.78E-01	1.00E+00	1.00E+00	1.36E+00	2.20E+00	3	310	1.97E-02	9.68E-03	chr5_100067158_100068139,chr6_118758397_118758711,chr8_84660555_84662042	Cacna1a,Cacna1c,Tmem150c
GO Molecular Function	GO:0008092	cytoskeletal protein binding	347	7.44E-01	1.00E+00	1.00E+00	8.24E-01	7.28E+00	6	7.43E-02	6.12E-02	356	7.37E-01	1.00E+00	1.00E+00	8.17E-01	6.12E+00	5	861	3.29E-02	5.81E-03	chr19_57119757_57120427,chr6_118758397_118758711,chr6_121069244_121070033,chr6_60830285_60830625,chr8_26117824_26118019,chr8_26118257_26118822	Ablim1,Cacna1c,Hook3,Mical3,Snca
GO Molecular Function	GO:0030594	neurotransmitter receptor activity	348	7.46E-01	1.00E+00	1.00E+00	7.35E-01	1.36E+00	1	1.39E-02	1.02E-02	303	4.89E-01	1.00E+00	1.00E+00	1.50E+00	6.68E-01	1	94	6.58E-03	1.06E-02	chr6_36388037_36388580	Chrm2
GO Molecular Function	GO:0070851	growth factor receptor binding	349	7.52E-01	1.00E+00	1.00E+00	7.22E-01	1.38E+00	1	1.41E-02	1.02E-02	336	6.22E-01	1.00E+00	1.00E+00	1.03E+00	9.66E-01	1	136	6.58E-03	7.35E-03	chr5_138992412_138994516	Pdgfa
GO Molecular Function	GO:0019902	phosphatase binding	350	7.54E-01	1.00E+00	1.00E+00	7.18E-01	1.39E+00	1	1.42E-02	1.02E-02	350	6.95E-01	1.00E+00	1.00E+00	8.48E-01	1.18E+00	1	166	6.58E-03	6.02E-03	chr7_100372146_100372354	Ppme1
GO Molecular Function	GO:0019838	growth factor binding	351	7.56E-01	1.00E+00	1.00E+00	7.14E-01	1.40E+00	1	1.43E-02	1.02E-02	331	6.05E-01	1.00E+00	1.00E+00	1.08E+00	9.24E-01	1	130	6.58E-03	7.69E-03	chr5_138992412_138994516	Pdgfa
GO Molecular Function	GO:0061134	peptidase regulator activity	352	7.57E-01	1.00E+00	1.00E+00	7.12E-01	1.41E+00	1	1.43E-02	1.02E-02	380	8.36E-01	1.00E+00	1.00E+00	5.59E-01	1.79E+00	1	252	6.58E-03	3.97E-03	chr6_60830285_60830625	Snca
GO Molecular Function	GO:0008168	methyltransferase activity	353	7.74E-01	1.00E+00	1.00E+00	6.77E-01	1.48E+00	1	1.51E-02	1.02E-02	359	7.58E-01	1.00E+00	1.00E+00	7.11E-01	1.41E+00	1	198	6.58E-03	5.05E-03	chr16_5254419_5255117	Eef2kmt
GO Molecular Function	GO:0019900	kinase binding	354	7.79E-01	1.00E+00	1.00E+00	7.59E-01	5.27E+00	4	5.38E-02	4.08E-02	349	6.75E-01	1.00E+00	1.00E+00	8.74E-01	4.58E+00	4	644	2.63E-02	6.21E-03	chr11_87422538_87423866,chr5_111006204_111007025,chr5_134313576_134314029,chr7_100372146_100372354	Gtf2i,Ppme1,Tex14,Ttc28
GO Molecular Function	GO:0016741	transferase activity, transferring one-carbon groups	355	7.84E-01	1.00E+00	1.00E+00	6.58E-01	1.52E+00	1	1.55E-02	1.02E-02	366	7.76E-01	1.00E+00	1.00E+00	6.73E-01	1.48E+00	1	209	6.58E-03	4.78E-03	chr16_5254419_5255117	Eef2kmt
GO Molecular Function	GO:0030165	PDZ domain binding	356	7.87E-01	1.00E+00	1.00E+00	6.51E-01	1.54E+00	1	1.57E-02	1.02E-02	301	4.71E-01	1.00E+00	1.00E+00	1.58E+00	6.32E-01	1	89	6.58E-03	1.12E-02	chr11_69399728_69400631	Tmem88
GO Molecular Function	GO:0005198	structural molecule activity	357	7.87E-01	1.00E+00	1.00E+00	7.25E-01	4.14E+00	3	4.22E-02	3.06E-02	348	6.70E-01	1.00E+00	1.00E+00	8.80E-01	4.55E+00	4	640	2.63E-02	6.25E-03	chr11_100206147_100206767,chr17_35836387_35836777,chr5_24757808_24758735	Crygn,Krt14,Krt9,Tubb5
GO Molecular Function	GO:0004713	protein tyrosine kinase activity	358	8.03E-01	1.00E+00	1.00E+00	6.21E-01	1.61E+00	1	1.64E-02	1.02E-02	344	6.43E-01	1.00E+00	1.00E+00	9.77E-01	1.02E+00	1	144	6.58E-03	6.94E-03	chr4_141326801_141327760	Epha2
GO Molecular Function	GO:0008324	cation transmembrane transporter activity	359	8.07E-01	1.00E+00	1.00E+00	7.26E-01	5.51E+00	4	5.62E-02	4.08E-02	345	6.43E-01	1.00E+00	1.00E+00	9.11E-01	4.39E+00	4	618	2.63E-02	6.47E-03	chr4_139309793_139310553,chr6_118758397_118758711,chr7_140901650_140902605,chr8_84660555_84662042	Cacna1a,Cacna1c,Cox8b,Pqlc2
GO Molecular Function	GO:0019887	protein kinase regulator activity	360	8.12E-01	1.00E+00	1.00E+00	6.03E-01	1.66E+00	1	1.69E-02	1.02E-02	351	7.08E-01	1.00E+00	1.00E+00	8.18E-01	1.22E+00	1	172	6.58E-03	5.81E-03	chr19_57119757_57120427	Afap1l2
GO Molecular Function	GO:0008022	protein C-terminus binding	361	8.13E-01	1.00E+00	1.00E+00	6.02E-01	1.66E+00	1	1.69E-02	1.02E-02	355	7.36E-01	1.00E+00	1.00E+00	7.57E-01	1.32E+00	1	186	6.58E-03	5.38E-03	chr17_35836387_35836777	Mdc1
GO Molecular Function	GO:0003924	GTPase activity	362	8.16E-01	1.00E+00	1.00E+00	5.95E-01	1.68E+00	1	1.72E-02	1.02E-02	385	8.64E-01	1.00E+00	1.00E+00	5.06E-01	1.98E+00	1	278	6.58E-03	3.60E-03	chr17_35836387_35836777	Tubb5
GO Molecular Function	GO:0005216	ion channel activity	363	8.32E-01	1.00E+00	1.00E+00	6.68E-01	4.49E+00	3	4.58E-02	3.06E-02	318	5.53E-01	1.00E+00	1.00E+00	1.04E+00	2.88E+00	3	406	1.97E-02	7.39E-03	chr5_100067158_100068139,chr6_118758397_118758711,chr8_84660555_84662042	Cacna1a,Cacna1c,Tmem150c
GO Molecular Function	GO:0022838	substrate-specific channel activity	364	8.39E-01	1.00E+00	1.00E+00	6.59E-01	4.55E+00	3	4.64E-02	3.06E-02	321	5.70E-01	1.00E+00	1.00E+00	1.02E+00	2.96E+00	3	416	1.97E-02	7.21E-03	chr5_100067158_100068139,chr6_118758397_118758711,chr8_84660555_84662042	Cacna1a,Cacna1c,Tmem150c
GO Molecular Function	GO:0016758	transferase activity, transferring hexosyl groups	365	8.49E-01	1.00E+00	1.00E+00	5.35E-01	1.87E+00	1	1.91E-02	1.02E-02	363	7.68E-01	1.00E+00	1.00E+00	6.90E-01	1.45E+00	1	204	6.58E-03	4.90E-03	chr16_5254419_5255117	Alg1
GO Molecular Function	GO:0019207	kinase regulator activity	366	8.49E-01	1.00E+00	1.00E+00	5.34E-01	1.87E+00	1	1.91E-02	1.02E-02	358	7.51E-01	1.00E+00	1.00E+00	7.26E-01	1.38E+00	1	194	6.58E-03	5.15E-03	chr19_57119757_57120427	Afap1l2
GO Molecular Function	GO:0019901	protein kinase binding	367	8.57E-01	1.00E+00	1.00E+00	6.34E-01	4.73E+00	3	4.83E-02	3.06E-02	365	7.75E-01	1.00E+00	1.00E+00	7.40E-01	4.06E+00	3	571	1.97E-02	5.25E-03	chr11_87422538_87423866,chr5_134313576_134314029,chr7_100372146_100372354	Gtf2i,Ppme1,Tex14
GO Molecular Function	GO:0015267	channel activity	368	8.60E-01	1.00E+00	1.00E+00	6.30E-01	4.76E+00	3	4.86E-02	3.06E-02	335	6.20E-01	1.00E+00	1.00E+00	9.43E-01	3.18E+00	3	448	1.97E-02	6.70E-03	chr5_100067158_100068139,chr6_118758397_118758711,chr8_84660555_84662042	Cacna1a,Cacna1c,Tmem150c
GO Molecular Function	GO:0015291	secondary active transmembrane transporter activity	369	8.61E-01	1.00E+00	1.00E+00	5.12E-01	1.95E+00	1	1.99E-02	1.02E-02	378	8.31E-01	1.00E+00	1.00E+00	5.68E-01	1.76E+00	1	248	6.58E-03	4.03E-03	chr3_50442906_50443889	Slc7a11
GO Molecular Function	GO:0061630	ubiquitin protein ligase activity	370	8.63E-01	1.00E+00	1.00E+00	5.08E-01	1.97E+00	1	2.01E-02	1.02E-02	370	8.10E-01	1.00E+00	1.00E+00	6.07E-01	1.65E+00	1	232	6.58E-03	4.31E-03	chr13_69770884_69771496	Med10
GO Molecular Function	GO:0003779	actin binding	371	8.63E-01	1.00E+00	1.00E+00	5.80E-01	3.45E+00	2	3.52E-02	2.04E-02	367	7.80E-01	1.00E+00	1.00E+00	7.04E-01	2.84E+00	2	400	1.32E-02	5.00E-03	chr19_57119757_57120427,chr6_121069244_121070033	Ablim1,Mical3
GO Molecular Function	GO:0005261	cation channel activity	372	8.64E-01	1.00E+00	1.00E+00	5.79E-01	3.46E+00	2	3.53E-02	2.04E-02	337	6.24E-01	1.00E+00	1.00E+00	9.51E-01	2.10E+00	2	296	1.32E-02	6.76E-03	chr6_118758397_118758711,chr8_84660555_84662042	Cacna1a,Cacna1c
GO Molecular Function	GO:0001664	G-protein coupled receptor binding	373	8.65E-01	1.00E+00	1.00E+00	5.05E-01	1.98E+00	1	2.02E-02	1.02E-02	379	8.35E-01	1.00E+00	1.00E+00	5.61E-01	1.78E+00	1	251	6.58E-03	3.98E-03	chr4_41921366_41921821	Gm21541
GO Molecular Function	GO:0061659	ubiquitin-like protein ligase activity	374	8.66E-01	1.00E+00	1.00E+00	5.02E-01	1.99E+00	1	2.03E-02	1.02E-02	373	8.16E-01	1.00E+00	1.00E+00	5.96E-01	1.68E+00	1	236	6.58E-03	4.24E-03	chr13_69770884_69771496	Med10
GO Molecular Function	GO:0030246	carbohydrate binding	375	8.68E-01	1.00E+00	1.00E+00	4.99E-01	2.00E+00	1	2.04E-02	1.02E-02	383	8.57E-01	1.00E+00	1.00E+00	5.19E-01	1.93E+00	1	271	6.58E-03	3.69E-03	chr8_124946584_124947555	Egln1
GO Molecular Function	GO:0042277	peptide binding	376	8.69E-01	1.00E+00	1.00E+00	4.96E-01	2.02E+00	1	2.06E-02	1.02E-02	375	8.21E-01	1.00E+00	1.00E+00	5.86E-01	1.71E+00	1	240	6.58E-03	4.17E-03	chr2_118544289_118545050	Srp14
GO Molecular Function	GO:0033218	amide binding	377	8.83E-01	1.00E+00	1.00E+00	4.71E-01	2.12E+00	1	2.17E-02	1.02E-02	382	8.55E-01	1.00E+00	1.00E+00	5.23E-01	1.91E+00	1	269	6.58E-03	3.72E-03	chr2_118544289_118545050	Srp14
GO Molecular Function	GO:0042623	ATPase activity, coupled	378	8.84E-01	1.00E+00	1.00E+00	4.69E-01	2.13E+00	1	2.18E-02	1.02E-02	387	8.88E-01	1.00E+00	1.00E+00	4.61E-01	2.17E+00	1	305	6.58E-03	3.28E-03	chr12_118847345_118851129	Abcb5
GO Molecular Function	GO:0022890	inorganic cation transmembrane transporter activity	379	8.86E-01	1.00E+00	1.00E+00	5.94E-01	5.05E+00	3	5.15E-02	3.06E-02	353	7.30E-01	1.00E+00	1.00E+00	7.97E-01	3.77E+00	3	530	1.97E-02	5.66E-03	chr6_118758397_118758711,chr7_140901650_140902605,chr8_84660555_84662042	Cacna1a,Cacna1c,Cox8b
GO Molecular Function	GO:0004672	protein kinase activity	380	9.12E-01	1.00E+00	1.00E+00	5.54E-01	5.41E+00	3	5.52E-02	3.06E-02	374	8.16E-01	1.00E+00	1.00E+00	6.87E-01	4.37E+00	3	615	1.97E-02	4.88E-03	chr11_87422538_87423866,chr17_35076056_35076989,chr4_141326801_141327760	Epha2,Ly6g6e,Tex14
GO Molecular Function	GO:0008047	enzyme activator activity	381	9.16E-01	1.00E+00	1.00E+00	4.95E-01	4.04E+00	2	4.13E-02	2.04E-02	372	8.15E-01	1.00E+00	1.00E+00	6.52E-01	3.07E+00	2	432	1.32E-02	4.63E-03	chr12_87298202_87298732,chr19_57119757_57120427	Afap1l2,Ahsa1
GO Molecular Function	GO:0042803	protein homodimerization activity	382	9.35E-01	1.00E+00	1.00E+00	5.55E-01	7.20E+00	4	7.35E-02	4.08E-02	377	8.29E-01	1.00E+00	1.00E+00	6.99E-01	5.73E+00	4	806	2.63E-02	4.96E-03	chr16_30066210_30067176,chr5_135790394_135790983,chr5_138992412_138994516,chr7_116032327_116033153	Gm4353,Hes1,Mdh2,Pdgfa
GO Molecular Function	GO:0016462	pyrophosphatase activity	383	9.38E-01	1.00E+00	1.00E+00	5.10E-01	5.88E+00	3	6.00E-02	3.06E-02	392	9.43E-01	1.00E+00	1.00E+00	4.99E-01	6.02E+00	3	847	1.97E-02	3.54E-03	chr12_118847345_118851129,chr14_70580681_70580934,chr17_35836387_35836777	Abcb5,Nudt18,Tubb5
GO Molecular Function	GO:0016818	hydrolase activity, acting on acid anhydrides, in phosphorus-containing anhydrides	384	9.39E-01	1.00E+00	1.00E+00	5.09E-01	5.89E+00	3	6.01E-02	3.06E-02	393	9.44E-01	1.00E+00	1.00E+00	4.97E-01	6.03E+00	3	849	1.97E-02	3.53E-03	chr12_118847345_118851129,chr14_70580681_70580934,chr17_35836387_35836777	Abcb5,Nudt18,Tubb5
GO Molecular Function	GO:0016817	hydrolase activity, acting on acid anhydrides	385	9.39E-01	1.00E+00	1.00E+00	5.08E-01	5.90E+00	3	6.02E-02	3.06E-02	394	9.44E-01	1.00E+00	1.00E+00	4.96E-01	6.05E+00	3	851	1.97E-02	3.53E-03	chr12_118847345_118851129,chr14_70580681_70580934,chr17_35836387_35836777	Abcb5,Nudt18,Tubb5
GO Molecular Function	GO:0046873	metal ion transmembrane transporter activity	386	9.44E-01	1.00E+00	1.00E+00	4.43E-01	4.52E+00	2	4.61E-02	2.04E-02	371	8.14E-01	1.00E+00	1.00E+00	6.53E-01	3.06E+00	2	431	1.32E-02	4.64E-03	chr6_118758397_118758711,chr8_84660555_84662042	Cacna1a,Cacna1c
GO Molecular Function	GO:0004857	enzyme inhibitor activity	387	9.49E-01	1.00E+00	1.00E+00	3.41E-01	2.93E+00	1	2.99E-02	1.02E-02	395	9.50E-01	1.00E+00	1.00E+00	3.39E-01	2.95E+00	1	415	6.58E-03	2.41E-03	chr6_60830285_60830625	Snca
GO Molecular Function	GO:0004175	endopeptidase activity	388	9.50E-01	1.00E+00	1.00E+00	3.38E-01	2.96E+00	1	3.02E-02	1.02E-02	399	9.63E-01	1.00E+00	1.00E+00	3.07E-01	3.26E+00	1	459	6.58E-03	2.18E-03	chr2_174428666_174429601	Ctsz
GO Molecular Function	GO:0060589	nucleoside-triphosphatase regulator activity	389	9.52E-01	1.00E+00	1.00E+00	3.35E-01	2.99E+00	1	3.05E-02	1.02E-02	386	8.73E-01	1.00E+00	1.00E+00	4.89E-01	2.05E+00	1	288	6.58E-03	3.47E-03	chr12_87298202_87298732	Ahsa1
GO Molecular Function	GO:0016773	phosphotransferase activity, alcohol group as acceptor	390	9.52E-01	1.00E+00	1.00E+00	4.82E-01	6.22E+00	3	6.34E-02	3.06E-02	388	8.90E-01	1.00E+00	1.00E+00	5.86E-01	5.12E+00	3	720	1.97E-02	4.17E-03	chr11_87422538_87423866,chr17_35076056_35076989,chr4_141326801_141327760	Epha2,Ly6g6e,Tex14
GO Molecular Function	GO:0030234	enzyme regulator activity	391	9.54E-01	1.00E+00	1.00E+00	5.20E-01	7.69E+00	4	7.85E-02	4.08E-02	389	9.14E-01	1.00E+00	1.00E+00	5.86E-01	6.82E+00	4	960	2.63E-02	4.17E-03	chr12_87298202_87298732,chr19_57119757_57120427,chr6_60830285_60830625,chr7_100372146_100372354	Afap1l2,Ahsa1,Ppme1,Snca
GO Molecular Function	GO:0016887	ATPase activity	392	9.62E-01	1.00E+00	1.00E+00	3.10E-01	3.23E+00	1	3.29E-02	1.02E-02	396	9.54E-01	1.00E+00	1.00E+00	3.30E-01	3.03E+00	1	427	6.58E-03	2.34E-03	chr12_118847345_118851129	Abcb5
GO Molecular Function	GO:0015077	monovalent inorganic cation transmembrane transporter activity	393	9.66E-01	1.00E+00	1.00E+00	3.01E-01	3.32E+00	1	3.39E-02	1.02E-02	390	9.20E-01	1.00E+00	1.00E+00	4.00E-01	2.50E+00	1	352	6.58E-03	2.84E-03	chr7_140901650_140902605	Cox8b
GO Molecular Function	GO:0004842	ubiquitin-protein transferase activity	394	9.67E-01	1.00E+00	1.00E+00	2.98E-01	3.36E+00	1	3.43E-02	1.02E-02	376	8.24E-01	1.00E+00	1.00E+00	6.38E-01	3.13E+00	2	441	1.32E-02	4.54E-03	chr13_69770884_69771496	Med10,Ube2ql1
GO Molecular Function	GO:0016301	kinase activity	395	9.68E-01	1.00E+00	1.00E+00	4.47E-01	6.72E+00	3	6.85E-02	3.06E-02	391	9.21E-01	1.00E+00	1.00E+00	5.38E-01	5.58E+00	3	785	1.97E-02	3.82E-03	chr11_87422538_87423866,chr17_35076056_35076989,chr4_141326801_141327760	Epha2,Ly6g6e,Tex14
GO Molecular Function	GO:0019787	ubiquitin-like protein transferase activity	396	9.70E-01	1.00E+00	1.00E+00	2.89E-01	3.46E+00	1	3.53E-02	1.02E-02	381	8.42E-01	1.00E+00	1.00E+00	6.12E-01	3.27E+00	2	460	1.32E-02	4.35E-03	chr13_69770884_69771496	Med10,Ube2ql1
GO Molecular Function	GO:0004674	protein serine/threonine kinase activity	397	9.75E-01	1.00E+00	1.00E+00	2.78E-01	3.60E+00	1	3.68E-02	1.02E-02	397	9.62E-01	1.00E+00	1.00E+00	3.11E-01	3.22E+00	1	453	6.58E-03	2.21E-03	chr17_35076056_35076989	Ly6g6e
GO Molecular Function	GO:0017111	nucleoside-triphosphatase activity	398	9.77E-01	1.00E+00	1.00E+00	3.62E-01	5.53E+00	2	5.64E-02	2.04E-02	400	9.80E-01	1.00E+00	1.00E+00	3.50E-01	5.71E+00	2	804	1.32E-02	2.49E-03	chr12_118847345_118851129,chr17_35836387_35836777	Abcb5,Tubb5
GO Molecular Function	GO:0005509	calcium ion binding	399	9.81E-01	1.00E+00	1.00E+00	4.08E-01	7.35E+00	3	7.50E-02	3.06E-02	384	8.59E-01	1.00E+00	1.00E+00	6.30E-01	4.76E+00	3	670	1.97E-02	4.48E-03	chr10_86836857_86837177,chr19_42280099_42280665,chr6_60830285_60830625	Crtac1,Snca,Stab2
GO Molecular Function	GO:0016772	transferase activity, transferring phosphorus-containing groups	400	9.81E-01	1.00E+00	1.00E+00	4.06E-01	7.40E+00	3	7.55E-02	3.06E-02	398	9.63E-01	1.00E+00	1.00E+00	4.57E-01	6.57E+00	3	925	1.97E-02	3.24E-03	chr11_87422538_87423866,chr17_35076056_35076989,chr4_141326801_141327760	Epha2,Ly6g6e,Tex14
GO Molecular Function	GO:0070011	peptidase activity, acting on L-amino acid peptides	401	9.89E-01	1.00E+00	1.00E+00	2.28E-01	4.38E+00	1	4.47E-02	1.02E-02	401	9.90E-01	1.00E+00	1.00E+00	2.19E-01	4.57E+00	1	643	6.58E-03	1.56E-03	chr2_174428666_174429601	Ctsz
GO Molecular Function	GO:0008233	peptidase activity	402	9.91E-01	1.00E+00	1.00E+00	2.20E-01	4.55E+00	1	4.64E-02	1.02E-02	402	9.92E-01	1.00E+00	1.00E+00	2.12E-01	4.72E+00	1	664	6.58E-03	1.51E-03	chr2_174428666_174429601	Ctsz
Human Phenotype	HP:0006962	Gait instability, worse in the dark	1	2.44E-08	1.60E-04	1.60E-04	9.01E+03	2.22E-04	2	2.27E-06	2.04E-02	47	7.10E-03	1.00E+00	9.93E-01	1.41E+02	7.10E-03	1	1	6.58E-03	1.00E+00	chr8_26117824_26118019,chr8_26118257_26118822	Rnf170
Human Phenotype	HP:0003409	Distal sensory impairment of all modalities	2	1.44E-06	9.43E-03	4.72E-03	1.44E+02	2.08E-02	3	2.12E-04	3.06E-02	3	1.03E-03	1.00E+00	1.00E+00	4.02E+01	4.97E-02	2	7	1.32E-02	2.86E-01	chr13_53471407_53472168,chr8_26117824_26118019,chr8_26118257_26118822	Rnf170,Sptlc1
Human Phenotype	HP:0004688	Irregular tarsal bones	3	2.32E-06	1.53E-02	5.09E-03	9.22E+02	2.17E-03	2	2.21E-05	2.04E-02	47	7.10E-03	1.00E+00	9.93E-01	1.41E+02	7.10E-03	1	1	6.58E-03	1.00E+00	chr10_80054157_80054700,chr10_80055087_80056206	Gpx4
Human Phenotype	HP:0008798	Widened sacrosciatic notch	3	2.32E-06	1.53E-02	5.09E-03	9.22E+02	2.17E-03	2	2.21E-05	2.04E-02	47	7.10E-03	1.00E+00	9.93E-01	1.41E+02	7.10E-03	1	1	6.58E-03	1.00E+00	chr10_80054157_80054700,chr10_80055087_80056206	Gpx4
Human Phenotype	HP:0007187	Focal lissencephaly	3	2.32E-06	1.53E-02	5.09E-03	9.22E+02	2.17E-03	2	2.21E-05	2.04E-02	47	7.10E-03	1.00E+00	9.93E-01	1.41E+02	7.10E-03	1	1	6.58E-03	1.00E+00	chr10_80054157_80054700,chr10_80055087_80056206	Gpx4
Human Phenotype	HP:0000262	Turricephaly	6	1.71E-05	1.12E-01	1.87E-02	2.69E+01	1.49E-01	4	1.52E-03	4.08E-02	14	2.64E-03	1.00E+00	1.00E+00	2.56E+01	7.81E-02	2	11	1.32E-02	1.82E-01	chr10_80054157_80054700,chr10_80055087_80056206,chr13_53471407_53472168,chr13_53472662_53473247	Gpx4,Msx2
Human Phenotype	HP:0001144	Orbital cyst	7	1.81E-05	1.19E-01	1.70E-02	6.15E+01	4.88E-02	3	4.97E-04	3.06E-02	1	4.94E-04	1.00E+00	1.00E+00	5.63E+01	3.55E-02	2	5	1.32E-02	4.00E-01	chr13_63563733_63564766,chr13_63566316_63566849,chr14_46387358_46388080	Bmp4,Ptch1
Human Phenotype	HP:0002696	Abnormality of the parietal bone	8	2.40E-05	1.57E-01	1.97E-02	2.47E+01	1.62E-01	4	1.66E-03	4.08E-02	20	3.16E-03	1.00E+00	1.00E+00	2.35E+01	8.53E-02	2	12	1.32E-02	1.67E-01	chr13_53471407_53472168,chr13_53472662_53473247,chr13_63563733_63564766,chr13_63566316_63566849	Msx2,Ptch1
Human Phenotype	HP:0006059	Cone-shaped metacarpal epiphyses	9	2.64E-05	1.73E-01	1.92E-02	2.73E+02	7.32E-03	2	7.47E-05	2.04E-02	154	2.12E-02	1.00E+00	9.03E-01	4.69E+01	2.13E-02	1	3	6.58E-03	3.33E-01	chr10_80054157_80054700,chr10_80055087_80056206	Gpx4
Human Phenotype	HP:0100649	Neoplasm of the oral cavity	10	4.08E-05	2.68E-01	2.68E-02	4.67E+01	6.42E-02	3	6.55E-04	3.06E-02	9	1.75E-03	1.00E+00	1.00E+00	3.13E+01	6.39E-02	2	9	1.32E-02	2.22E-01	chr13_63563733_63564766,chr13_63566316_63566849,chr7_100372146_100372354	C2cd3,Ptch1
Human Phenotype	HP:0002657	Spondylometaphyseal dysplasia	11	6.79E-05	4.46E-01	4.05E-02	1.70E+02	1.18E-02	2	1.20E-04	2.04E-02	237	3.50E-02	1.00E+00	9.71E-01	2.82E+01	3.55E-02	1	5	6.58E-03	2.00E-01	chr10_80054157_80054700,chr10_80055087_80056206	Gpx4
Human Phenotype	HP:0002403	Positive Romberg sign	12	7.39E-05	4.85E-01	4.04E-02	1.63E+02	1.23E-02	2	1.25E-04	2.04E-02	237	3.50E-02	1.00E+00	9.71E-01	2.82E+01	3.55E-02	1	5	6.58E-03	2.00E-01	chr8_26117824_26118019,chr8_26118257_26118822	Rnf170
Human Phenotype	HP:0010649	Flat nasal alae	13	9.38E-05	6.16E-01	4.74E-02	1.45E+02	1.38E-02	2	1.41E-04	2.04E-02	47	7.10E-03	1.00E+00	9.93E-01	1.41E+02	7.10E-03	1	1	6.58E-03	1.00E+00	chr13_63563733_63564766,chr13_63566316_63566849	Ptch1
Human Phenotype	HP:0006988	Alobar holoprosencephaly	13	9.38E-05	6.16E-01	4.74E-02	1.45E+02	1.38E-02	2	1.41E-04	2.04E-02	47	7.10E-03	1.00E+00	9.93E-01	1.41E+02	7.10E-03	1	1	6.58E-03	1.00E+00	chr13_63563733_63564766,chr13_63566316_63566849	Ptch1
Human Phenotype	HP:0010664	Fusion of the left and right thalami	13	9.38E-05	6.16E-01	4.74E-02	1.45E+02	1.38E-02	2	1.41E-04	2.04E-02	47	7.10E-03	1.00E+00	9.93E-01	1.41E+02	7.10E-03	1	1	6.58E-03	1.00E+00	chr13_63563733_63564766,chr13_63566316_63566849	Ptch1
Human Phenotype	HP:0003085	Long fibula	16	9.48E-05	6.23E-01	3.89E-02	1.44E+02	1.39E-02	2	1.42E-04	2.04E-02	199	2.81E-02	1.00E+00	9.28E-01	3.52E+01	2.84E-02	1	4	6.58E-03	2.50E-01	chr10_80054157_80054700,chr10_80055087_80056206	Gpx4
Human Phenotype	HP:0004491	Large posterior fontanelle	17	1.37E-04	9.00E-01	5.30E-02	1.20E+02	1.67E-02	2	1.71E-04	2.04E-02	101	1.42E-02	1.00E+00	9.21E-01	7.04E+01	1.42E-02	1	2	6.58E-03	5.00E-01	chr10_80054157_80054700,chr10_80055087_80056206	Gpx4
Human Phenotype	HP:0008786	Iliac crest serration	18	1.38E-04	9.06E-01	5.03E-02	1.19E+02	1.68E-02	2	1.71E-04	2.04E-02	154	2.12E-02	1.00E+00	9.03E-01	4.69E+01	2.13E-02	1	3	6.58E-03	3.33E-01	chr10_80054157_80054700,chr10_80055087_80056206	Gpx4
Human Phenotype	HP:0001284	Areflexia	19	1.39E-04	9.13E-01	4.81E-02	6.27E+00	1.12E+00	7	1.14E-02	7.14E-02	17	2.89E-03	1.00E+00	1.00E+00	5.17E+00	9.66E-01	5	136	3.29E-02	3.68E-02	chr11_103697567_103698192,chr12_16589553_16589895,chr12_16590033_16592004,chr13_53471407_53472168,chr16_5254419_5255117,chr8_26117824_26118019,chr8_26118257_26118822	Alg1,Gosr2,Lpin1,Rnf170,Sptlc1
Human Phenotype	HP:0002315	Headache	20	1.45E-04	9.52E-01	4.76E-02	1.54E+01	2.59E-01	4	2.64E-03	4.08E-02	23	3.52E-03	1.00E+00	1.00E+00	9.82E+00	3.05E-01	3	43	1.97E-02	6.98E-02	chr11_101964638_101965429,chr13_53471407_53472168,chr13_53472662_53473247,chr8_84660555_84662042	Cacna1a,Msx2,Sost
Human Phenotype	HP:0010663	Abnormality of thalamus morphology	21	1.65E-04	1.00E+00	5.18E-02	1.09E+02	1.84E-02	2	1.88E-04	2.04E-02	101	1.42E-02	1.00E+00	9.21E-01	7.04E+01	1.42E-02	1	2	6.58E-03	5.00E-01	chr13_63563733_63564766,chr13_63566316_63566849	Ptch1
Human Phenotype	HP:0001056	Milia	22	1.68E-04	1.00E+00	5.01E-02	2.89E+01	1.04E-01	3	1.06E-03	3.06E-02	34	4.95E-03	1.00E+00	9.57E-01	1.88E+01	1.07E-01	2	15	1.32E-02	1.33E-01	chr11_100206147_100206767,chr13_63563733_63564766,chr13_63566316_63566849	Krt14,Ptch1
Human Phenotype	HP:0002679	Abnormality of the sella turcica	23	1.85E-04	1.00E+00	5.28E-02	2.80E+01	1.07E-01	3	1.10E-03	3.06E-02	42	6.36E-03	1.00E+00	9.94E-01	1.66E+01	1.21E-01	2	17	1.32E-02	1.18E-01	chr13_63563733_63564766,chr13_63566316_63566849,chr14_46387358_46388080	Bmp4,Ptch1
Human Phenotype	HP:0006711	Aplasia/Hypoplasia involving bones of the thorax	24	2.03E-04	1.00E+00	5.56E-02	5.89E+00	1.19E+00	7	1.21E-02	7.14E-02	32	4.73E-03	1.00E+00	9.70E-01	5.93E+00	6.75E-01	4	95	2.63E-02	4.21E-02	chr10_80054157_80054700,chr10_80055087_80056206,chr13_53471407_53472168,chr13_53472662_53473247,chr13_63563733_63564766,chr13_63566316_63566849,chr7_126781249_126781424	Gpx4,Msx2,Ptch1,Tbx6
Human Phenotype	HP:0001156	Brachydactyly	25	2.19E-04	1.00E+00	5.75E-02	4.99E+00	1.60E+00	8	1.64E-02	8.16E-02	17	2.89E-03	1.00E+00	1.00E+00	5.17E+00	9.66E-01	5	136	3.29E-02	3.68E-02	chr10_80054157_80054700,chr10_80055087_80056206,chr13_53471407_53472168,chr13_53472662_53473247,chr13_63563733_63564766,chr13_63566316_63566849,chr14_46387358_46388080,chr4_133755923_133757903	Arid1a,Bmp4,Gpx4,Msx2,Ptch1
Human Phenotype	HP:0010603	Odontogenic keratocysts of the jaw	26	2.25E-04	1.00E+00	5.68E-02	9.32E+01	2.15E-02	2	2.19E-04	2.04E-02	154	2.12E-02	1.00E+00	9.03E-01	4.69E+01	2.13E-02	1	3	6.58E-03	3.33E-01	chr13_63563733_63564766,chr13_63566316_63566849	Ptch1
Human Phenotype	HP:0004280	Irregular ossification of hand bones	26	2.25E-04	1.00E+00	5.68E-02	9.32E+01	2.15E-02	2	2.19E-04	2.04E-02	154	2.12E-02	1.00E+00	9.03E-01	4.69E+01	2.13E-02	1	3	6.58E-03	3.33E-01	chr13_63563733_63564766,chr13_63566316_63566849	Ptch1
Human Phenotype	HP:0010618	Ovarian fibroma	26	2.25E-04	1.00E+00	5.68E-02	9.32E+01	2.15E-02	2	2.19E-04	2.04E-02	154	2.12E-02	1.00E+00	9.03E-01	4.69E+01	2.13E-02	1	3	6.58E-03	3.33E-01	chr13_63563733_63564766,chr13_63566316_63566849	Ptch1
Human Phenotype	HP:0010617	Cardiac fibroma	26	2.25E-04	1.00E+00	5.68E-02	9.32E+01	2.15E-02	2	2.19E-04	2.04E-02	154	2.12E-02	1.00E+00	9.03E-01	4.69E+01	2.13E-02	1	3	6.58E-03	3.33E-01	chr13_63563733_63564766,chr13_63566316_63566849	Ptch1
Human Phenotype	HP:0025318	Ovarian carcinoma	26	2.25E-04	1.00E+00	5.68E-02	9.32E+01	2.15E-02	2	2.19E-04	2.04E-02	154	2.12E-02	1.00E+00	9.03E-01	4.69E+01	2.13E-02	1	3	6.58E-03	3.33E-01	chr13_63563733_63564766,chr13_63566316_63566849	Ptch1
Human Phenotype	HP:0005449	Bridged sella turcica	26	2.25E-04	1.00E+00	5.68E-02	9.32E+01	2.15E-02	2	2.19E-04	2.04E-02	154	2.12E-02	1.00E+00	9.03E-01	4.69E+01	2.13E-02	1	3	6.58E-03	3.33E-01	chr13_63563733_63564766,chr13_63566316_63566849	Ptch1
Human Phenotype	HP:0000892	Bifid ribs	26	2.25E-04	1.00E+00	5.68E-02	9.32E+01	2.15E-02	2	2.19E-04	2.04E-02	154	2.12E-02	1.00E+00	9.03E-01	4.69E+01	2.13E-02	1	3	6.58E-03	3.33E-01	chr13_63563733_63564766,chr13_63566316_63566849	Ptch1
Human Phenotype	HP:0004795	Hamartomatous stomach polyps	26	2.25E-04	1.00E+00	5.68E-02	9.32E+01	2.15E-02	2	2.19E-04	2.04E-02	154	2.12E-02	1.00E+00	9.03E-01	4.69E+01	2.13E-02	1	3	6.58E-03	3.33E-01	chr13_63563733_63564766,chr13_63566316_63566849	Ptch1
Human Phenotype	HP:0009122	Aplasia/hypoplasia affecting bones of the axial skeleton	34	2.55E-04	1.00E+00	4.93E-02	3.34E+00	3.59E+00	12	3.67E-02	1.22E-01	5	1.14E-03	1.00E+00	1.00E+00	3.51E+00	2.56E+00	9	361	5.92E-02	2.49E-02	chr10_80054157_80054700,chr10_80055087_80056206,chr11_96352608_96353722,chr13_40727364_40730800,chr13_53471407_53472168,chr13_53472662_53473247,chr13_63563733_63564766,chr13_63566316_63566849,chr14_46387358_46388080,chr16_5254419_5255117,chr7_126781249_126781424,chr8_124946584_124947555	Alg1,Bmp4,Gpx4,Hoxb1,Msx2,Ptch1,Sprtn,Tbx6,Tfap2a
Human Phenotype	HP:0000912	Sprengel anomaly	35	2.58E-04	1.00E+00	4.84E-02	2.49E+01	1.20E-01	3	1.23E-03	3.06E-02	6	1.37E-03	1.00E+00	1.00E+00	3.52E+01	5.68E-02	2	8	1.32E-02	2.50E-01	chr11_101964638_101965429,chr13_63563733_63564766,chr13_63566316_63566849	Meox1,Ptch1
Human Phenotype	HP:0011318	Bicoronal synostosis	36	3.13E-04	1.00E+00	5.72E-02	7.88E+01	2.54E-02	2	2.59E-04	2.04E-02	101	1.42E-02	1.00E+00	9.21E-01	7.04E+01	1.42E-02	1	2	6.58E-03	5.00E-01	chr13_53471407_53472168,chr13_53472662_53473247	Msx2
Human Phenotype	HP:0009729	Cardiac rhabdomyoma	37	3.59E-04	1.00E+00	6.38E-02	7.36E+01	2.72E-02	2	2.77E-04	2.04E-02	237	3.50E-02	1.00E+00	9.71E-01	2.82E+01	3.55E-02	1	5	6.58E-03	2.00E-01	chr13_63563733_63564766,chr13_63566316_63566849	Ptch1
Human Phenotype	HP:0002132	Porencephalic cyst	38	3.85E-04	1.00E+00	6.65E-02	7.11E+01	2.81E-02	2	2.87E-04	2.04E-02	296	4.87E-02	1.00E+00	1.00E+00	2.01E+01	4.97E-02	1	7	6.58E-03	1.43E-01	chr10_80054157_80054700,chr10_80055087_80056206	Gpx4
Human Phenotype	HP:0010612	Plantar pits	39	3.95E-04	1.00E+00	6.66E-02	7.01E+01	2.85E-02	2	2.91E-04	2.04E-02	199	2.81E-02	1.00E+00	9.28E-01	3.52E+01	2.84E-02	1	4	6.58E-03	2.50E-01	chr13_63563733_63564766,chr13_63566316_63566849	Ptch1
Human Phenotype	HP:0010610	Palmar pits	39	3.95E-04	1.00E+00	6.66E-02	7.01E+01	2.85E-02	2	2.91E-04	2.04E-02	199	2.81E-02	1.00E+00	9.28E-01	3.52E+01	2.84E-02	1	4	6.58E-03	2.50E-01	chr13_63563733_63564766,chr13_63566316_63566849	Ptch1
Human Phenotype	HP:0100544	Neoplasm of the heart	41	4.39E-04	1.00E+00	7.03E-02	6.65E+01	3.01E-02	2	3.07E-04	2.04E-02	271	4.19E-02	1.00E+00	1.00E+00	2.35E+01	4.26E-02	1	6	6.58E-03	1.67E-01	chr13_63563733_63564766,chr13_63566316_63566849	Ptch1
Human Phenotype	HP:0006712	Aplasia/Hypoplasia of the ribs	42	4.51E-04	1.00E+00	7.06E-02	7.95E+00	6.29E-01	5	6.42E-03	5.10E-02	79	9.36E-03	1.00E+00	7.79E-01	6.92E+00	4.33E-01	3	61	1.97E-02	4.92E-02	chr10_80054157_80054700,chr10_80055087_80056206,chr13_63563733_63564766,chr13_63566316_63566849,chr7_126781249_126781424	Gpx4,Ptch1,Tbx6
Human Phenotype	HP:0000243	Trigonocephaly	43	4.64E-04	1.00E+00	7.09E-02	2.04E+01	1.47E-01	3	1.50E-03	3.06E-02	42	6.36E-03	1.00E+00	9.94E-01	1.66E+01	1.21E-01	2	17	1.32E-02	1.18E-01	chr13_53471407_53472168,chr13_53472662_53473247,chr7_100372146_100372354	C2cd3,Msx2
Human Phenotype	HP:0002507	Semilobar holoprosencephaly	44	5.05E-04	1.00E+00	7.53E-02	6.20E+01	3.23E-02	2	3.29E-04	2.04E-02	101	1.42E-02	1.00E+00	9.21E-01	7.04E+01	1.42E-02	1	2	6.58E-03	5.00E-01	chr13_63563733_63564766,chr13_63566316_63566849	Ptch1
Human Phenotype	HP:0003796	Irregular iliac crest	45	5.06E-04	1.00E+00	7.39E-02	6.19E+01	3.23E-02	2	3.30E-04	2.04E-02	199	2.81E-02	1.00E+00	9.28E-01	3.52E+01	2.84E-02	1	4	6.58E-03	2.50E-01	chr10_80054157_80054700,chr10_80055087_80056206	Gpx4
Human Phenotype	HP:0100612	Odontogenic neoplasm	46	5.30E-04	1.00E+00	7.57E-02	6.05E+01	3.31E-02	2	3.38E-04	2.04E-02	199	2.81E-02	1.00E+00	9.28E-01	3.52E+01	2.84E-02	1	4	6.58E-03	2.50E-01	chr13_63563733_63564766,chr13_63566316_63566849	Ptch1
Human Phenotype	HP:0000913	Posterior rib fusion	47	5.50E-04	1.00E+00	7.68E-02	1.82E+03	5.50E-04	1	5.61E-06	1.02E-02	47	7.10E-03	1.00E+00	9.93E-01	1.41E+02	7.10E-03	1	1	6.58E-03	1.00E+00	chr7_126781249_126781424	Tbx6
Human Phenotype	HP:0000773	Short ribs	48	5.68E-04	1.00E+00	7.78E-02	1.07E+01	3.73E-01	4	3.80E-03	4.08E-02	258	3.59E-02	1.00E+00	9.13E-01	6.70E+00	2.98E-01	2	42	1.32E-02	4.76E-02	chr10_80054157_80054700,chr10_80055087_80056206,chr13_63563733_63564766,chr13_63566316_63566849	Gpx4,Ptch1
Human Phenotype	HP:0001057	Aplasia cutis congenita	49	5.69E-04	1.00E+00	7.62E-02	1.90E+01	1.58E-01	3	1.61E-03	3.06E-02	83	9.64E-03	1.00E+00	7.63E-01	1.34E+01	1.49E-01	2	21	1.32E-02	9.52E-02	chr13_40727364_40730800,chr13_53471407_53472168,chr13_53472662_53473247	Msx2,Tfap2a
Human Phenotype	HP:0002695	Symmetrical, oval parietal bone defects	50	5.76E-04	1.00E+00	7.57E-02	5.80E+01	3.45E-02	2	3.52E-04	2.04E-02	101	1.42E-02	1.00E+00	9.21E-01	7.04E+01	1.42E-02	1	2	6.58E-03	5.00E-01	chr13_53471407_53472168,chr13_53472662_53473247	Msx2
Human Phenotype	HP:0002948	Vertebral fusion	51	5.99E-04	1.00E+00	7.72E-02	1.06E+01	3.78E-01	4	3.86E-03	4.08E-02	16	2.86E-03	1.00E+00	1.00E+00	1.06E+01	2.84E-01	3	40	1.97E-02	7.50E-02	chr11_101964638_101965429,chr13_63563733_63564766,chr13_63566316_63566849,chr7_126781249_126781424	Meox1,Ptch1,Tbx6
Human Phenotype	HP:0000419	Abnormality of the nasal septum	52	7.01E-04	1.00E+00	8.86E-02	1.77E+01	1.70E-01	3	1.73E-03	3.06E-02	14	2.64E-03	1.00E+00	1.00E+00	2.56E+01	7.81E-02	2	11	1.32E-02	1.82E-01	chr13_40727364_40730800,chr13_63563733_63564766,chr13_63566316_63566849	Ptch1,Tfap2a
Human Phenotype	HP:0000204	Cleft upper lip	53	7.09E-04	1.00E+00	8.79E-02	5.68E+00	1.06E+00	6	1.08E-02	6.12E-02	29	4.38E-03	1.00E+00	9.93E-01	6.05E+00	6.61E-01	4	93	2.63E-02	4.30E-02	chr11_101964638_101965429,chr13_40727364_40730800,chr13_53471407_53472168,chr13_53472662_53473247,chr13_63563733_63564766,chr13_63566316_63566849	Meox1,Msx2,Ptch1,Tfap2a
Human Phenotype	HP:0025247	Dermoid cyst	54	7.29E-04	1.00E+00	8.86E-02	5.15E+01	3.89E-02	2	3.97E-04	2.04E-02	101	1.42E-02	1.00E+00	9.21E-01	7.04E+01	1.42E-02	1	2	6.58E-03	5.00E-01	chr13_53471407_53472168,chr13_53472662_53473247	Msx2
Human Phenotype	HP:0030266	Abnormality of the sacroiliac notch	55	7.42E-04	1.00E+00	8.87E-02	5.10E+01	3.92E-02	2	4.00E-04	2.04E-02	271	4.19E-02	1.00E+00	1.00E+00	2.35E+01	4.26E-02	1	6	6.58E-03	1.67E-01	chr10_80054157_80054700,chr10_80055087_80056206	Gpx4
Human Phenotype	HP:0011315	Unicoronal synostosis	56	7.48E-04	1.00E+00	8.77E-02	5.08E+01	3.94E-02	2	4.02E-04	2.04E-02	101	1.42E-02	1.00E+00	9.21E-01	7.04E+01	1.42E-02	1	2	6.58E-03	5.00E-01	chr13_53471407_53472168,chr13_53472662_53473247	Msx2
Human Phenotype	HP:0002648	Abnormality of calvarial morphology	57	7.50E-04	1.00E+00	8.65E-02	3.15E+00	3.49E+00	11	3.56E-02	1.12E-01	11	2.13E-03	1.00E+00	1.00E+00	3.51E+00	2.28E+00	8	321	5.26E-02	2.49E-02	chr10_80054157_80054700,chr10_80055087_80056206,chr11_101964638_101965429,chr13_40727364_40730800,chr13_53471407_53472168,chr13_53472662_53473247,chr13_63563733_63564766,chr13_63566316_63566849,chr14_46387358_46388080,chr7_100372146_100372354,chr8_124946584_124947555	Bmp4,C2cd3,Gpx4,Msx2,Ptch1,Sost,Sprtn,Tfap2a
Human Phenotype	HP:0410030	Cleft lip	58	8.18E-04	1.00E+00	9.27E-02	5.52E+00	1.09E+00	6	1.11E-02	6.12E-02	36	5.47E-03	1.00E+00	9.98E-01	5.69E+00	7.03E-01	4	99	2.63E-02	4.04E-02	chr11_101964638_101965429,chr13_40727364_40730800,chr13_53471407_53472168,chr13_53472662_53473247,chr13_63563733_63564766,chr13_63566316_63566849	Meox1,Msx2,Ptch1,Tfap2a
Human Phenotype	HP:0002663	Delayed epiphyseal ossification	59	8.46E-04	1.00E+00	9.42E-02	4.77E+01	4.19E-02	2	4.28E-04	2.04E-02	393	8.20E-02	1.00E+00	1.00E+00	1.17E+01	8.53E-02	1	12	6.58E-03	8.33E-02	chr10_80054157_80054700,chr10_80055087_80056206	Gpx4
Human Phenotype	HP:0010650	Hypoplasia of the premaxilla	60	8.96E-04	1.00E+00	9.81E-02	4.63E+01	4.32E-02	2	4.40E-04	2.04E-02	101	1.42E-02	1.00E+00	9.21E-01	7.04E+01	1.42E-02	1	2	6.58E-03	5.00E-01	chr13_63563733_63564766,chr13_63566316_63566849	Ptch1
Human Phenotype	HP:0002744	Bilateral cleft lip and palate	60	8.96E-04	1.00E+00	9.81E-02	4.63E+01	4.32E-02	2	4.40E-04	2.04E-02	101	1.42E-02	1.00E+00	9.21E-01	7.04E+01	1.42E-02	1	2	6.58E-03	5.00E-01	chr13_63563733_63564766,chr13_63566316_63566849	Ptch1
Human Phenotype	HP:0001919	Acute kidney injury	62	9.74E-04	1.00E+00	1.03E-01	4.44E+01	4.50E-02	2	4.59E-04	2.04E-02	199	2.81E-02	1.00E+00	9.28E-01	3.52E+01	2.84E-02	1	4	6.58E-03	2.50E-01	chr12_16589553_16589895,chr12_16590033_16592004	Lpin1
Human Phenotype	HP:0008942	Acute rhabdomyolysis	63	9.87E-04	1.00E+00	1.03E-01	4.41E+01	4.53E-02	2	4.62E-04	2.04E-02	154	2.12E-02	1.00E+00	9.03E-01	4.69E+01	2.13E-02	1	3	6.58E-03	3.33E-01	chr12_16589553_16589895,chr12_16590033_16592004	Lpin1
Human Phenotype	HP:0002683	Abnormality of the calvaria	64	1.11E-03	1.00E+00	1.14E-01	2.83E+00	4.24E+00	12	4.33E-02	1.22E-01	10	2.00E-03	1.00E+00	1.00E+00	3.23E+00	2.78E+00	9	392	5.92E-02	2.30E-02	chr10_80054157_80054700,chr10_80055087_80056206,chr11_101964638_101965429,chr13_40727364_40730800,chr13_53471407_53472168,chr13_53472662_53473247,chr13_63563733_63564766,chr13_63566316_63566849,chr14_46387358_46388080,chr16_5254419_5255117,chr7_100372146_100372354,chr8_124946584_124947555	Alg1,Bmp4,C2cd3,Gpx4,Msx2,Ptch1,Sost,Sprtn,Tfap2a
Human Phenotype	HP:0100337	Bilateral cleft palate	65	1.11E-03	1.00E+00	1.12E-01	4.15E+01	4.82E-02	2	4.92E-04	2.04E-02	154	2.12E-02	1.00E+00	9.03E-01	4.69E+01	2.13E-02	1	3	6.58E-03	3.33E-01	chr13_63563733_63564766,chr13_63566316_63566849	Ptch1
Human Phenotype	HP:0100336	Bilateral cleft lip	65	1.11E-03	1.00E+00	1.12E-01	4.15E+01	4.82E-02	2	4.92E-04	2.04E-02	154	2.12E-02	1.00E+00	9.03E-01	4.69E+01	2.13E-02	1	3	6.58E-03	3.33E-01	chr13_63563733_63564766,chr13_63566316_63566849	Ptch1
Human Phenotype	HP:0000763	Sensory neuropathy	67	1.14E-03	1.00E+00	1.12E-01	8.89E+00	4.50E-01	4	4.59E-03	4.08E-02	33	4.81E-03	1.00E+00	9.58E-01	8.80E+00	3.41E-01	3	48	1.97E-02	6.25E-02	chr13_53471407_53472168,chr8_26117824_26118019,chr8_26118257_26118822,chr8_84660555_84662042	Cacna1a,Rnf170,Sptlc1
Human Phenotype	HP:0003312	Abnormal form of the vertebral bodies	68	1.18E-03	1.00E+00	1.14E-01	5.14E+00	1.17E+00	6	1.19E-02	6.12E-02	150	2.05E-02	1.00E+00	8.96E-01	3.86E+00	1.04E+00	4	146	2.63E-02	2.74E-02	chr10_80054157_80054700,chr10_80055087_80056206,chr11_101964638_101965429,chr13_63563733_63564766,chr13_63566316_63566849,chr7_126781249_126781424	Gpx4,Ptch1,Sost,Tbx6
Human Phenotype	HP:0010758	Abnormality of the premaxilla	69	1.24E-03	1.00E+00	1.18E-01	3.93E+01	5.09E-02	2	5.19E-04	2.04E-02	271	4.19E-02	1.00E+00	1.00E+00	2.35E+01	4.26E-02	1	6	6.58E-03	1.67E-01	chr13_63563733_63564766,chr13_63566316_63566849	Ptch1
Human Phenotype	HP:0005815	Supernumerary ribs	70	1.24E-03	1.00E+00	1.16E-01	1.45E+01	2.07E-01	3	2.12E-03	3.06E-02	38	5.64E-03	1.00E+00	9.74E-01	1.76E+01	1.14E-01	2	16	1.32E-02	1.25E-01	chr13_63563733_63564766,chr13_63566316_63566849,chr7_126781249_126781424	Ptch1,Tbx6
Human Phenotype	HP:0009144	Supernumerary bones of the axial skeleton	71	1.26E-03	1.00E+00	1.16E-01	1.44E+01	2.08E-01	3	2.13E-03	3.06E-02	42	6.36E-03	1.00E+00	9.94E-01	1.66E+01	1.21E-01	2	17	1.32E-02	1.18E-01	chr13_63563733_63564766,chr13_63566316_63566849,chr7_126781249_126781424	Ptch1,Tbx6
Human Phenotype	HP:0000242	Parietal bossing	72	1.32E-03	1.00E+00	1.20E-01	3.81E+01	5.25E-02	2	5.36E-04	2.04E-02	237	3.50E-02	1.00E+00	9.71E-01	2.82E+01	3.55E-02	1	5	6.58E-03	2.00E-01	chr13_63563733_63564766,chr13_63566316_63566849	Ptch1
Human Phenotype	HP:0011927	Short digit	73	1.34E-03	1.00E+00	1.21E-01	3.42E+00	2.63E+00	9	2.69E-02	9.18E-02	2	9.62E-04	1.00E+00	1.00E+00	4.52E+00	1.55E+00	7	218	4.61E-02	3.21E-02	chr10_80054157_80054700,chr10_80055087_80056206,chr13_40727364_40730800,chr13_53471407_53472168,chr13_53472662_53473247,chr13_63563733_63564766,chr13_63566316_63566849,chr14_46387358_46388080,chr4_133755923_133757903	Arid1a,Bmp4,Fancc,Gpx4,Msx2,Ptch1,Tfap2a
Human Phenotype	HP:0003021	Metaphyseal cupping	74	1.38E-03	1.00E+00	1.22E-01	3.72E+01	5.37E-02	2	5.48E-04	2.04E-02	393	8.20E-02	1.00E+00	1.00E+00	1.17E+01	8.53E-02	1	12	6.58E-03	8.33E-02	chr10_80054157_80054700,chr10_80055087_80056206	Gpx4
Human Phenotype	HP:0005273	Absent nasal septal cartilage	75	1.40E-03	1.00E+00	1.23E-01	3.69E+01	5.42E-02	2	5.53E-04	2.04E-02	154	2.12E-02	1.00E+00	9.03E-01	4.69E+01	2.13E-02	1	3	6.58E-03	3.33E-01	chr13_63563733_63564766,chr13_63566316_63566849	Ptch1
Human Phenotype	HP:0008501	Median cleft lip and palate	75	1.40E-03	1.00E+00	1.23E-01	3.69E+01	5.42E-02	2	5.53E-04	2.04E-02	154	2.12E-02	1.00E+00	9.03E-01	4.69E+01	2.13E-02	1	3	6.58E-03	3.33E-01	chr13_63563733_63564766,chr13_63566316_63566849	Ptch1
Human Phenotype	HP:0100338	Non-midline cleft palate	77	1.40E-03	1.00E+00	1.20E-01	3.69E+01	5.42E-02	2	5.53E-04	2.04E-02	199	2.81E-02	1.00E+00	9.28E-01	3.52E+01	2.84E-02	1	4	6.58E-03	2.50E-01	chr13_63563733_63564766,chr13_63566316_63566849	Ptch1
Human Phenotype	HP:0010937	Abnormality of the nasal skeleton	78	1.44E-03	1.00E+00	1.22E-01	3.64E+01	5.50E-02	2	5.61E-04	2.04E-02	199	2.81E-02	1.00E+00	9.28E-01	3.52E+01	2.84E-02	1	4	6.58E-03	2.50E-01	chr13_63563733_63564766,chr13_63566316_63566849	Ptch1
Human Phenotype	HP:0025245	Cutaneous cyst	79	1.45E-03	1.00E+00	1.20E-01	3.63E+01	5.51E-02	2	5.62E-04	2.04E-02	271	4.19E-02	1.00E+00	1.00E+00	2.35E+01	4.26E-02	1	6	6.58E-03	1.67E-01	chr13_53471407_53472168,chr13_53472662_53473247	Msx2
Human Phenotype	HP:0000601	Hypotelorism	80	1.47E-03	1.00E+00	1.21E-01	8.28E+00	4.83E-01	4	4.93E-03	4.08E-02	229	2.98E-02	1.00E+00	8.56E-01	7.41E+00	2.70E-01	2	38	1.32E-02	5.26E-02	chr13_53471407_53472168,chr13_53472662_53473247,chr13_63563733_63564766,chr13_63566316_63566849	Msx2,Ptch1
Human Phenotype	HP:0009650	Short distal phalanx of the thumb	81	1.48E-03	1.00E+00	1.20E-01	3.59E+01	5.57E-02	2	5.68E-04	2.04E-02	199	2.81E-02	1.00E+00	9.28E-01	3.52E+01	2.84E-02	1	4	6.58E-03	2.50E-01	chr13_63563733_63564766,chr13_63566316_63566849	Ptch1
Human Phenotype	HP:0001315	Reduced tendon reflexes	82	1.57E-03	1.00E+00	1.26E-01	3.68E+00	2.17E+00	8	2.22E-02	8.16E-02	80	9.37E-03	1.00E+00	7.69E-01	3.35E+00	1.79E+00	6	252	3.95E-02	2.38E-02	chr11_103697567_103698192,chr12_16589553_16589895,chr12_16590033_16592004,chr13_53471407_53472168,chr16_5254419_5255117,chr5_135790394_135790983,chr8_26117824_26118019,chr8_26118257_26118822	Alg1,Gosr2,Lpin1,Mdh2,Rnf170,Sptlc1
Human Phenotype	HP:0011069	Increased number of teeth	83	1.69E-03	1.00E+00	1.34E-01	1.30E+01	2.31E-01	3	2.36E-03	3.06E-02	12	2.17E-03	1.00E+00	1.00E+00	2.82E+01	7.10E-02	2	10	1.32E-02	2.00E-01	chr13_53471407_53472168,chr13_53472662_53473247,chr7_100372146_100372354	C2cd3,Msx2
Human Phenotype	HP:0012788	Reticulate pigmentation of oral mucosa	84	1.84E-03	1.00E+00	1.44E-01	5.44E+02	1.84E-03	1	1.88E-05	1.02E-02	47	7.10E-03	1.00E+00	9.93E-01	1.41E+02	7.10E-03	1	1	6.58E-03	1.00E+00	chr11_100206147_100206767	Krt14
Human Phenotype	HP:0000772	Abnormality of the ribs	85	1.97E-03	1.00E+00	1.53E-01	4.64E+00	1.29E+00	6	1.32E-02	6.12E-02	140	1.74E-02	1.00E+00	8.17E-01	4.05E+00	9.88E-01	4	139	2.63E-02	2.88E-02	chr10_80054157_80054700,chr10_80055087_80056206,chr11_101964638_101965429,chr13_63563733_63564766,chr13_63566316_63566849,chr7_126781249_126781424	Gpx4,Ptch1,Sost,Tbx6
Human Phenotype	HP:0004390	Hamartomatous polyposis	86	2.01E-03	1.00E+00	1.53E-01	3.08E+01	6.50E-02	2	6.63E-04	2.04E-02	340	6.22E-02	1.00E+00	1.00E+00	1.56E+01	6.39E-02	1	9	6.58E-03	1.11E-01	chr13_63563733_63564766,chr13_63566316_63566849	Ptch1
Human Phenotype	HP:0008422	Vertebral wedging	87	2.03E-03	1.00E+00	1.54E-01	3.05E+01	6.55E-02	2	6.68E-04	2.04E-02	315	5.55E-02	1.00E+00	1.00E+00	1.76E+01	5.68E-02	1	8	6.58E-03	1.25E-01	chr13_63563733_63564766,chr13_63566316_63566849	Ptch1
Human Phenotype	HP:0005659	Thoracic kyphoscoliosis	88	2.05E-03	1.00E+00	1.53E-01	4.87E+02	2.05E-03	1	2.09E-05	1.02E-02	47	7.10E-03	1.00E+00	9.93E-01	1.41E+02	7.10E-03	1	1	6.58E-03	1.00E+00	chr8_124946584_124947555	Sprtn
Human Phenotype	HP:0000185	Cleft soft palate	89	2.31E-03	1.00E+00	1.70E-01	2.86E+01	6.99E-02	2	7.13E-04	2.04E-02	237	3.50E-02	1.00E+00	9.71E-01	2.82E+01	3.55E-02	1	5	6.58E-03	2.00E-01	chr13_53471407_53472168,chr13_53472662_53473247	Msx2
Human Phenotype	HP:0410004	Cleft secondary palate	90	2.40E-03	1.00E+00	1.75E-01	2.81E+01	7.12E-02	2	7.27E-04	2.04E-02	271	4.19E-02	1.00E+00	1.00E+00	2.35E+01	4.26E-02	1	6	6.58E-03	1.67E-01	chr13_53471407_53472168,chr13_53472662_53473247	Msx2
Human Phenotype	HP:0200021	Down-sloping shoulders	91	2.42E-03	1.00E+00	1.74E-01	1.14E+01	2.62E-01	3	2.68E-03	3.06E-02	42	6.36E-03	1.00E+00	9.94E-01	1.66E+01	1.21E-01	2	17	1.32E-02	1.18E-01	chr13_63563733_63564766,chr13_63566316_63566849,chr8_124946584_124947555	Ptch1,Sprtn
Human Phenotype	HP:0010566	Hamartoma	92	2.43E-03	1.00E+00	1.74E-01	1.14E+01	2.63E-01	3	2.68E-03	3.06E-02	99	1.35E-02	1.00E+00	8.97E-01	1.13E+01	1.78E-01	2	25	1.32E-02	8.00E-02	chr13_40727364_40730800,chr13_63563733_63564766,chr13_63566316_63566849	Ptch1,Tfap2a
Human Phenotype	HP:0003201	Rhabdomyolysis	93	2.47E-03	1.00E+00	1.74E-01	2.77E+01	7.23E-02	2	7.38E-04	2.04E-02	507	1.20E-01	1.00E+00	1.00E+00	7.82E+00	1.28E-01	1	18	6.58E-03	5.56E-02	chr12_16589553_16589895,chr12_16590033_16592004	Lpin1
Human Phenotype	HP:0000161	Median cleft lip	94	2.48E-03	1.00E+00	1.73E-01	2.76E+01	7.25E-02	2	7.40E-04	2.04E-02	315	5.55E-02	1.00E+00	1.00E+00	1.76E+01	5.68E-02	1	8	6.58E-03	1.25E-01	chr13_63563733_63564766,chr13_63566316_63566849	Ptch1
Human Phenotype	HP:0009099	Median cleft palate	95	2.51E-03	1.00E+00	1.74E-01	2.74E+01	7.30E-02	2	7.45E-04	2.04E-02	237	3.50E-02	1.00E+00	9.71E-01	2.82E+01	3.55E-02	1	5	6.58E-03	2.00E-01	chr13_63563733_63564766,chr13_63566316_63566849	Ptch1
Human Phenotype	HP:0010871	Sensory ataxia	96	2.53E-03	1.00E+00	1.73E-01	2.73E+01	7.32E-02	2	7.47E-04	2.04E-02	315	5.55E-02	1.00E+00	1.00E+00	1.76E+01	5.68E-02	1	8	6.58E-03	1.25E-01	chr8_26117824_26118019,chr8_26118257_26118822	Rnf170
Human Phenotype	HP:0002681	Deformed sella turcica	97	2.58E-03	1.00E+00	1.75E-01	2.70E+01	7.40E-02	2	7.55E-04	2.04E-02	415	8.85E-02	1.00E+00	1.00E+00	1.08E+01	9.24E-02	1	13	6.58E-03	7.69E-02	chr13_63563733_63564766,chr13_63566316_63566849	Ptch1
Human Phenotype	HP:0000921	Missing ribs	98	2.75E-03	1.00E+00	1.84E-01	1.09E+01	2.75E-01	3	2.81E-03	3.06E-02	83	9.64E-03	1.00E+00	7.63E-01	1.34E+01	1.49E-01	2	21	1.32E-02	9.52E-02	chr10_80054157_80054700,chr10_80055087_80056206,chr7_126781249_126781424	Gpx4,Tbx6
Human Phenotype	HP:0002913	Myoglobinuria	99	2.77E-03	1.00E+00	1.84E-01	2.61E+01	7.67E-02	2	7.83E-04	2.04E-02	489	1.14E-01	1.00E+00	1.00E+00	8.28E+00	1.21E-01	1	17	6.58E-03	5.88E-02	chr12_16589553_16589895,chr12_16590033_16592004	Lpin1
Human Phenotype	HP:0003180	Flat acetabular roof	100	2.78E-03	1.00E+00	1.83E-01	2.60E+01	7.69E-02	2	7.85E-04	2.04E-02	471	1.08E-01	1.00E+00	1.00E+00	8.80E+00	1.14E-01	1	16	6.58E-03	6.25E-02	chr10_80054157_80054700,chr10_80055087_80056206	Gpx4
Human Phenotype	HP:0007385	Aplasia cutis congenita of scalp	101	2.87E-03	1.00E+00	1.87E-01	2.56E+01	7.81E-02	2	7.97E-04	2.04E-02	381	7.54E-02	1.00E+00	1.00E+00	1.28E+01	7.81E-02	1	11	6.58E-03	9.09E-02	chr13_53471407_53472168,chr13_53472662_53473247	Msx2
Human Phenotype	HP:0000239	Large fontanelles	102	2.95E-03	1.00E+00	1.90E-01	5.18E+00	9.65E-01	5	9.85E-03	5.10E-02	151	2.07E-02	1.00E+00	9.00E-01	5.15E+00	5.83E-01	3	82	1.97E-02	3.66E-02	chr10_80054157_80054700,chr10_80055087_80056206,chr13_53471407_53472168,chr13_53472662_53473247,chr16_5254419_5255117	Alg1,Gpx4,Msx2
Human Phenotype	HP:0100335	Non-midline cleft lip	103	2.99E-03	1.00E+00	1.91E-01	2.51E+01	7.98E-02	2	8.14E-04	2.04E-02	237	3.50E-02	1.00E+00	9.71E-01	2.82E+01	3.55E-02	1	5	6.58E-03	2.00E-01	chr13_63563733_63564766,chr13_63566316_63566849	Ptch1
Human Phenotype	HP:0006415	Cortically dense long tubular bones	104	3.06E-03	1.00E+00	1.93E-01	3.27E+02	3.06E-03	1	3.12E-05	1.02E-02	47	7.10E-03	1.00E+00	9.93E-01	1.41E+02	7.10E-03	1	1	6.58E-03	1.00E+00	chr11_101964638_101965429	Sost
Human Phenotype	HP:0007285	Facial palsy secondary to cranial hyperostosis	104	3.06E-03	1.00E+00	1.93E-01	3.27E+02	3.06E-03	1	3.12E-05	1.02E-02	47	7.10E-03	1.00E+00	9.93E-01	1.41E+02	7.10E-03	1	1	6.58E-03	1.00E+00	chr11_101964638_101965429	Sost
Human Phenotype	HP:0007958	Optic atrophy from cranial nerve compression	104	3.06E-03	1.00E+00	1.93E-01	3.27E+02	3.06E-03	1	3.12E-05	1.02E-02	47	7.10E-03	1.00E+00	9.93E-01	1.41E+02	7.10E-03	1	1	6.58E-03	1.00E+00	chr11_101964638_101965429	Sost
Human Phenotype	HP:0001474	Sclerotic scapulae	104	3.06E-03	1.00E+00	1.93E-01	3.27E+02	3.06E-03	1	3.12E-05	1.02E-02	47	7.10E-03	1.00E+00	9.93E-01	1.41E+02	7.10E-03	1	1	6.58E-03	1.00E+00	chr11_101964638_101965429	Sost
Human Phenotype	HP:0009381	Short finger	108	3.06E-03	1.00E+00	1.86E-01	4.24E+00	1.41E+00	6	1.44E-02	6.12E-02	7	1.62E-03	1.00E+00	1.00E+00	5.91E+00	8.45E-01	5	119	3.29E-02	4.20E-02	chr10_80054157_80054700,chr10_80055087_80056206,chr13_40727364_40730800,chr13_63563733_63564766,chr13_63566316_63566849,chr14_46387358_46388080	Bmp4,Fancc,Gpx4,Ptch1,Tfap2a
Human Phenotype	HP:0000244	Brachyturricephaly	109	3.09E-03	1.00E+00	1.86E-01	2.46E+01	8.11E-02	2	8.28E-04	2.04E-02	271	4.19E-02	1.00E+00	1.00E+00	2.35E+01	4.26E-02	1	6	6.58E-03	1.67E-01	chr13_53471407_53472168,chr13_53472662_53473247	Msx2
Human Phenotype	HP:0009935	Aplasia/Hypoplasia of the nasal septum	110	3.11E-03	1.00E+00	1.86E-01	2.46E+01	8.14E-02	2	8.31E-04	2.04E-02	237	3.50E-02	1.00E+00	9.71E-01	2.82E+01	3.55E-02	1	5	6.58E-03	2.00E-01	chr13_63563733_63564766,chr13_63566316_63566849	Ptch1
Human Phenotype	HP:0005913	Abnormality of metacarpal epiphyses	111	3.16E-03	1.00E+00	1.87E-01	2.44E+01	8.21E-02	2	8.38E-04	2.04E-02	357	6.88E-02	1.00E+00	1.00E+00	1.41E+01	7.10E-02	1	10	6.58E-03	1.00E-01	chr10_80054157_80054700,chr10_80055087_80056206	Gpx4
Human Phenotype	HP:0000175	Cleft palate	112	3.31E-03	1.00E+00	1.94E-01	3.26E+00	2.45E+00	8	2.51E-02	8.16E-02	31	4.62E-03	1.00E+00	9.79E-01	3.89E+00	1.54E+00	6	217	3.95E-02	2.76E-02	chr11_101964638_101965429,chr13_40727364_40730800,chr13_53471407_53472168,chr13_53472662_53473247,chr13_63563733_63564766,chr13_63566316_63566849,chr14_46387358_46388080,chr7_100372146_100372354	Bmp4,C2cd3,Meox1,Msx2,Ptch1,Tfap2a
Human Phenotype	HP:0005462	Calcification of falx cerebri	113	3.34E-03	1.00E+00	1.94E-01	2.37E+01	8.44E-02	2	8.61E-04	2.04E-02	271	4.19E-02	1.00E+00	1.00E+00	2.35E+01	4.26E-02	1	6	6.58E-03	1.67E-01	chr13_63563733_63564766,chr13_63566316_63566849	Ptch1
Human Phenotype	HP:0003375	Narrow greater sacrosciatic notches	114	3.66E-03	1.00E+00	2.11E-01	2.26E+01	8.85E-02	2	9.03E-04	2.04E-02	296	4.87E-02	1.00E+00	1.00E+00	2.01E+01	4.97E-02	1	7	6.58E-03	1.43E-01	chr10_80054157_80054700,chr10_80055087_80056206	Gpx4
Human Phenotype	HP:0007559	Localized epidermolytic hyperkeratosis	115	3.73E-03	1.00E+00	2.13E-01	2.68E+02	3.74E-03	1	3.81E-05	1.02E-02	101	1.42E-02	1.00E+00	9.21E-01	7.04E+01	1.42E-02	1	2	6.58E-03	5.00E-01	chr11_100206147_100206767	Krt9
Human Phenotype	HP:0001265	Hyporeflexia	116	3.75E-03	1.00E+00	2.13E-01	4.07E+00	1.47E+00	6	1.50E-02	6.12E-02	291	4.32E-02	1.00E+00	9.75E-01	3.04E+00	1.31E+00	4	185	2.63E-02	2.16E-02	chr12_16589553_16589895,chr12_16590033_16592004,chr13_53471407_53472168,chr5_135790394_135790983,chr8_26117824_26118019,chr8_26118257_26118822	Lpin1,Mdh2,Rnf170,Sptlc1
Human Phenotype	HP:0003336	Abnormal enchondral ossification	117	3.88E-03	1.00E+00	2.18E-01	6.32E+00	6.33E-01	4	6.46E-03	4.08E-02	453	9.95E-02	1.00E+00	1.00E+00	3.75E+00	5.33E-01	2	75	1.32E-02	2.67E-02	chr10_80054157_80054700,chr10_80055087_80056206,chr13_63563733_63564766,chr13_63566316_63566849	Gpx4,Ptch1
Human Phenotype	HP:0002692	Hypoplastic facial bones	118	4.10E-03	1.00E+00	2.28E-01	2.13E+01	9.38E-02	2	9.57E-04	2.04E-02	271	4.19E-02	1.00E+00	1.00E+00	2.35E+01	4.26E-02	1	6	6.58E-03	1.67E-01	chr13_63563733_63564766,chr13_63566316_63566849	Ptch1
Human Phenotype	HP:0100737	Abnormality of the hard palate	119	4.14E-03	1.00E+00	2.29E-01	3.14E+00	2.55E+00	8	2.60E-02	8.16E-02	35	5.05E-03	1.00E+00	9.47E-01	3.82E+00	1.57E+00	6	221	3.95E-02	2.71E-02	chr11_101964638_101965429,chr13_40727364_40730800,chr13_53471407_53472168,chr13_53472662_53473247,chr13_63563733_63564766,chr13_63566316_63566849,chr14_46387358_46388080,chr7_100372146_100372354	Bmp4,C2cd3,Meox1,Msx2,Ptch1,Tfap2a
Human Phenotype	HP:0002937	Hemivertebrae	120	4.21E-03	1.00E+00	2.31E-01	9.37E+00	3.20E-01	3	3.27E-03	3.06E-02	132	1.57E-02	1.00E+00	7.80E-01	1.04E+01	1.92E-01	2	27	1.32E-02	7.41E-02	chr13_63563733_63564766,chr13_63566316_63566849,chr7_126781249_126781424	Ptch1,Tbx6
Human Phenotype	HP:0000887	Cupped ribs	121	4.27E-03	1.00E+00	2.32E-01	2.09E+01	9.58E-02	2	9.77E-04	2.04E-02	438	9.50E-02	1.00E+00	1.00E+00	1.01E+01	9.95E-02	1	14	6.58E-03	7.14E-02	chr10_80054157_80054700,chr10_80055087_80056206	Gpx4
Human Phenotype	HP:0002885	Medulloblastoma	122	4.27E-03	1.00E+00	2.30E-01	2.09E+01	9.58E-02	2	9.78E-04	2.04E-02	415	8.85E-02	1.00E+00	1.00E+00	1.08E+01	9.24E-02	1	13	6.58E-03	7.69E-02	chr13_63563733_63564766,chr13_63566316_63566849	Ptch1
Human Phenotype	HP:0010700	Total cataract	123	4.41E-03	1.00E+00	2.35E-01	2.26E+02	4.42E-03	1	4.51E-05	1.02E-02	47	7.10E-03	1.00E+00	9.93E-01	1.41E+02	7.10E-03	1	1	6.58E-03	1.00E+00	chr4_141326801_141327760	Epha2
Human Phenotype	HP:0100240	Synostosis of joints	124	4.42E-03	1.00E+00	2.34E-01	4.71E+00	1.06E+00	5	1.08E-02	5.10E-02	19	2.91E-03	1.00E+00	1.00E+00	6.78E+00	5.90E-01	4	83	2.63E-02	4.82E-02	chr11_101964638_101965429,chr13_40727364_40730800,chr13_63563733_63564766,chr13_63566316_63566849,chr7_126781249_126781424	Meox1,Ptch1,Tbx6,Tfap2a
Human Phenotype	HP:0004122	Midline defect of the nose	125	4.47E-03	1.00E+00	2.35E-01	2.04E+01	9.81E-02	2	1.00E-03	2.04E-02	271	4.19E-02	1.00E+00	1.00E+00	2.35E+01	4.26E-02	1	6	6.58E-03	1.67E-01	chr13_63563733_63564766,chr13_63566316_63566849	Ptch1
Human Phenotype	HP:0005918	Abnormality of phalanx of finger	126	4.47E-03	1.00E+00	2.33E-01	2.85E+00	3.16E+00	9	3.22E-02	9.18E-02	13	2.46E-03	1.00E+00	1.00E+00	3.83E+00	1.83E+00	7	257	4.61E-02	2.72E-02	chr10_80054157_80054700,chr10_80055087_80056206,chr13_40727364_40730800,chr13_53471407_53472168,chr13_53472662_53473247,chr13_63563733_63564766,chr13_63566316_63566849,chr14_46387358_46388080,chr4_133755923_133757903	Arid1a,Bmp4,Fancc,Gpx4,Msx2,Ptch1,Tfap2a
Human Phenotype	HP:0003043	Abnormality of the shoulder	127	4.51E-03	1.00E+00	2.33E-01	9.14E+00	3.28E-01	3	3.35E-03	3.06E-02	149	2.04E-02	1.00E+00	8.98E-01	9.08E+00	2.20E-01	2	31	1.32E-02	6.45E-02	chr13_63563733_63564766,chr13_63566316_63566849,chr8_124946584_124947555	Ptch1,Sprtn
Human Phenotype	HP:0008753	Aplasia of the epiglottis	128	4.54E-03	1.00E+00	2.33E-01	2.20E+02	4.55E-03	1	4.64E-05	1.02E-02	101	1.42E-02	1.00E+00	9.21E-01	7.04E+01	1.42E-02	1	2	6.58E-03	5.00E-01	chr7_100372146_100372354	C2cd3
Human Phenotype	HP:0002869	Flared iliac wings	129	4.55E-03	1.00E+00	2.32E-01	2.02E+01	9.90E-02	2	1.01E-03	2.04E-02	489	1.14E-01	1.00E+00	1.00E+00	8.28E+00	1.21E-01	1	17	6.58E-03	5.88E-02	chr10_80054157_80054700,chr10_80055087_80056206	Gpx4
Human Phenotype	HP:0008065	Aplasia/Hypoplasia of the skin	130	5.05E-03	1.00E+00	2.55E-01	5.86E+00	6.82E-01	4	6.96E-03	4.08E-02	138	1.69E-02	1.00E+00	8.06E-01	5.56E+00	5.40E-01	3	76	1.97E-02	3.95E-02	chr11_100206147_100206767,chr13_40727364_40730800,chr13_53471407_53472168,chr13_53472662_53473247	Krt14,Msx2,Tfap2a
Human Phenotype	HP:0011328	Abnormality of fontanelles	131	5.18E-03	1.00E+00	2.60E-01	4.53E+00	1.10E+00	5	1.13E-02	5.10E-02	231	3.19E-02	1.00E+00	9.08E-01	4.35E+00	6.89E-01	3	97	1.97E-02	3.09E-02	chr10_80054157_80054700,chr10_80055087_80056206,chr13_53471407_53472168,chr13_53472662_53473247,chr16_5254419_5255117	Alg1,Gpx4,Msx2
Human Phenotype	HP:0003319	Abnormality of the cervical spine	132	5.32E-03	1.00E+00	2.65E-01	3.78E+00	1.59E+00	6	1.62E-02	6.12E-02	37	5.61E-03	1.00E+00	9.96E-01	4.43E+00	1.13E+00	5	159	3.29E-02	3.14E-02	chr10_80054157_80054700,chr10_80055087_80056206,chr11_101964638_101965429,chr13_40727364_40730800,chr14_46387358_46388080,chr7_126781249_126781424	Bmp4,Gpx4,Meox1,Tbx6,Tfap2a
Human Phenotype	HP:0001172	Abnormality of the thumb	133	5.32E-03	1.00E+00	2.63E-01	3.78E+00	1.59E+00	6	1.62E-02	6.12E-02	21	3.18E-03	1.00E+00	9.94E-01	5.06E+00	9.88E-01	5	139	3.29E-02	3.60E-02	chr13_40727364_40730800,chr13_53471407_53472168,chr13_53472662_53473247,chr13_63563733_63564766,chr13_63566316_63566849,chr14_46387358_46388080	Bmp4,Fancc,Msx2,Ptch1,Tfap2a
Human Phenotype	HP:0000202	Oral cleft	134	5.42E-03	1.00E+00	2.66E-01	3.00E+00	2.67E+00	8	2.72E-02	8.16E-02	46	6.49E-03	1.00E+00	9.27E-01	3.62E+00	1.66E+00	6	233	3.95E-02	2.58E-02	chr11_101964638_101965429,chr13_40727364_40730800,chr13_53471407_53472168,chr13_53472662_53473247,chr13_63563733_63564766,chr13_63566316_63566849,chr14_46387358_46388080,chr7_100372146_100372354	Bmp4,C2cd3,Meox1,Msx2,Ptch1,Tfap2a
Human Phenotype	HP:0002367	Visual hallucinations	135	5.51E-03	1.00E+00	2.68E-01	1.83E+01	1.09E-01	2	1.12E-03	2.04E-02	3	1.03E-03	1.00E+00	1.00E+00	4.02E+01	4.97E-02	2	7	1.32E-02	2.86E-01	chr6_60830285_60830625,chr8_84660555_84662042	Cacna1a,Snca
Human Phenotype	HP:0002697	Parietal foramina	136	5.55E-03	1.00E+00	2.68E-01	1.82E+01	1.10E-01	2	1.12E-03	2.04E-02	296	4.87E-02	1.00E+00	1.00E+00	2.01E+01	4.97E-02	1	7	6.58E-03	1.43E-01	chr13_53471407_53472168,chr13_53472662_53473247	Msx2
Human Phenotype	HP:0000437	Depressed nasal tip	137	5.64E-03	1.00E+00	2.70E-01	1.81E+01	1.11E-01	2	1.13E-03	2.04E-02	381	7.54E-02	1.00E+00	1.00E+00	1.28E+01	7.81E-02	1	11	6.58E-03	9.09E-02	chr13_63563733_63564766,chr13_63566316_63566849	Ptch1
Human Phenotype	HP:0003422	Vertebral segmentation defect	138	5.67E-03	1.00E+00	2.70E-01	5.67E+00	7.05E-01	4	7.20E-03	4.08E-02	85	9.79E-03	1.00E+00	7.57E-01	6.81E+00	4.40E-01	3	62	1.97E-02	4.84E-02	chr11_101964638_101965429,chr13_63563733_63564766,chr13_63566316_63566849,chr7_126781249_126781424	Meox1,Ptch1,Tbx6
Human Phenotype	HP:0004492	Widely patent fontanelles and sutures	139	5.72E-03	1.00E+00	2.70E-01	1.79E+01	1.11E-01	2	1.14E-03	2.04E-02	357	6.88E-02	1.00E+00	1.00E+00	1.41E+01	7.10E-02	1	10	6.58E-03	1.00E-01	chr13_53471407_53472168,chr13_53472662_53473247	Msx2
Human Phenotype	HP:0002007	Frontal bossing	140	5.74E-03	1.00E+00	2.69E-01	3.72E+00	1.61E+00	6	1.64E-02	6.12E-02	189	2.33E-02	1.00E+00	8.10E-01	3.70E+00	1.08E+00	4	152	2.63E-02	2.63E-02	chr11_101964638_101965429,chr13_53471407_53472168,chr13_53472662_53473247,chr13_63563733_63564766,chr13_63566316_63566849,chr8_124946584_124947555	Msx2,Ptch1,Sost,Sprtn
Human Phenotype	HP:0009778	Short thumb	141	5.97E-03	1.00E+00	2.78E-01	8.25E+00	3.63E-01	3	3.71E-03	3.06E-02	27	4.27E-03	1.00E+00	1.00E+00	9.18E+00	3.27E-01	3	46	1.97E-02	6.52E-02	chr13_40727364_40730800,chr13_63563733_63564766,chr13_63566316_63566849	Fancc,Ptch1,Tfap2a
Human Phenotype	HP:0007446	Palmoplantar blistering	142	6.11E-03	1.00E+00	2.83E-01	1.63E+02	6.13E-03	1	6.26E-05	1.02E-02	154	2.12E-02	1.00E+00	9.03E-01	4.69E+01	2.13E-02	1	3	6.58E-03	3.33E-01	chr11_100206147_100206767	Krt14
Human Phenotype	HP:0005266	Intestinal polyp	143	6.21E-03	1.00E+00	2.85E-01	1.72E+01	1.16E-01	2	1.19E-03	2.04E-02	438	9.50E-02	1.00E+00	1.00E+00	1.01E+01	9.95E-02	1	14	6.58E-03	7.14E-02	chr13_63563733_63564766,chr13_63566316_63566849	Ptch1
Human Phenotype	HP:0001547	Abnormality of the rib cage	144	6.24E-03	1.00E+00	2.85E-01	3.66E+00	1.64E+00	6	1.67E-02	6.12E-02	261	3.71E-02	1.00E+00	9.33E-01	3.20E+00	1.25E+00	4	176	2.63E-02	2.27E-02	chr10_80054157_80054700,chr10_80055087_80056206,chr11_101964638_101965429,chr13_63563733_63564766,chr13_63566316_63566849,chr7_126781249_126781424	Gpx4,Ptch1,Sost,Tbx6
Human Phenotype	HP:0006315	Single median maxillary incisor	145	6.54E-03	1.00E+00	2.96E-01	1.67E+01	1.20E-01	2	1.22E-03	2.04E-02	271	4.19E-02	1.00E+00	1.00E+00	2.35E+01	4.26E-02	1	6	6.58E-03	1.67E-01	chr13_63563733_63564766,chr13_63566316_63566849	Ptch1
Human Phenotype	HP:0001886	Foot osteomyelitis	146	6.68E-03	1.00E+00	3.00E-01	1.49E+02	6.70E-03	1	6.83E-05	1.02E-02	47	7.10E-03	1.00E+00	9.93E-01	1.41E+02	7.10E-03	1	1	6.58E-03	1.00E+00	chr13_53471407_53472168	Sptlc1
Human Phenotype	HP:0000871	Panhypopituitarism	147	6.70E-03	1.00E+00	3.00E-01	1.65E+01	1.21E-01	2	1.24E-03	2.04E-02	237	3.50E-02	1.00E+00	9.71E-01	2.82E+01	3.55E-02	1	5	6.58E-03	2.00E-01	chr13_63563733_63564766,chr13_63566316_63566849	Ptch1
Human Phenotype	HP:0002671	Basal cell carcinoma	148	6.71E-03	1.00E+00	2.98E-01	1.65E+01	1.21E-01	2	1.24E-03	2.04E-02	562	1.45E-01	1.00E+00	1.00E+00	6.40E+00	1.56E-01	1	22	6.58E-03	4.55E-02	chr13_63563733_63564766,chr13_63566316_63566849	Ptch1
Human Phenotype	HP:0004370	Abnormality of temperature regulation	149	7.22E-03	1.00E+00	3.18E-01	5.29E+00	7.57E-01	4	7.72E-03	4.08E-02	190	2.34E-02	1.00E+00	8.10E-01	4.91E+00	6.11E-01	3	86	1.97E-02	3.49E-02	chr11_100206147_100206767,chr12_16589553_16589895,chr12_16590033_16592004,chr8_84660555_84662042	Cacna1a,Krt14,Lpin1
Human Phenotype	HP:0001582	Redundant skin	150	7.26E-03	1.00E+00	3.18E-01	1.58E+01	1.26E-01	2	1.29E-03	2.04E-02	471	1.08E-01	1.00E+00	1.00E+00	8.80E+00	1.14E-01	1	16	6.58E-03	6.25E-02	chr10_80054157_80054700,chr10_80055087_80056206	Gpx4
Human Phenotype	HP:0005469	Flat occiput	151	7.27E-03	1.00E+00	3.16E-01	1.58E+01	1.26E-01	2	1.29E-03	2.04E-02	534	1.33E-01	1.00E+00	1.00E+00	7.04E+00	1.42E-01	1	20	6.58E-03	5.00E-02	chr13_63563733_63564766,chr13_63566316_63566849	Ptch1
Human Phenotype	HP:0006265	Aplasia/Hypoplasia of fingers	152	7.31E-03	1.00E+00	3.16E-01	3.54E+00	1.70E+00	6	1.73E-02	6.12E-02	21	3.18E-03	1.00E+00	9.94E-01	5.06E+00	9.88E-01	5	139	3.29E-02	3.60E-02	chr10_80054157_80054700,chr10_80055087_80056206,chr13_40727364_40730800,chr13_63563733_63564766,chr13_63566316_63566849,chr14_46387358_46388080	Bmp4,Fancc,Gpx4,Ptch1,Tfap2a
Human Phenotype	HP:0000878	11 pairs of ribs	153	7.42E-03	1.00E+00	3.19E-01	1.57E+01	1.28E-01	2	1.30E-03	2.04E-02	415	8.85E-02	1.00E+00	1.00E+00	1.08E+01	9.24E-02	1	13	6.58E-03	7.69E-02	chr10_80054157_80054700,chr10_80055087_80056206	Gpx4
Human Phenotype	HP:0005922	Abnormal hand morphology	154	7.62E-03	1.00E+00	3.25E-01	3.51E+00	1.71E+00	6	1.75E-02	6.12E-02	30	4.52E-03	1.00E+00	9.90E-01	4.66E+00	1.07E+00	5	151	3.29E-02	3.31E-02	chr10_80054157_80054700,chr10_80055087_80056206,chr13_40727364_40730800,chr13_63563733_63564766,chr13_63566316_63566849,chr14_46387358_46388080	Bmp4,Fancc,Gpx4,Ptch1,Tfap2a
Human Phenotype	HP:0200104	Absent fifth fingernail	155	7.71E-03	1.00E+00	3.27E-01	1.29E+02	7.74E-03	1	7.90E-05	1.02E-02	47	7.10E-03	1.00E+00	9.93E-01	1.41E+02	7.10E-03	1	1	6.58E-03	1.00E+00	chr4_133755923_133757903	Arid1a
Human Phenotype	HP:0200105	Absent fifth toenail	155	7.71E-03	1.00E+00	3.27E-01	1.29E+02	7.74E-03	1	7.90E-05	1.02E-02	47	7.10E-03	1.00E+00	9.93E-01	1.41E+02	7.10E-03	1	1	6.58E-03	1.00E+00	chr4_133755923_133757903	Arid1a
Human Phenotype	HP:0009115	Aplasia/hypoplasia involving the skeleton	157	7.78E-03	1.00E+00	3.26E-01	2.22E+00	5.41E+00	12	5.52E-02	1.22E-01	24	3.68E-03	1.00E+00	1.00E+00	2.75E+00	3.64E+00	10	512	6.58E-02	1.95E-02	chr10_80054157_80054700,chr10_80055087_80056206,chr11_96352608_96353722,chr13_40727364_40730800,chr13_53471407_53472168,chr13_53472662_53473247,chr13_63563733_63564766,chr13_63566316_63566849,chr14_46387358_46388080,chr16_5254419_5255117,chr7_126781249_126781424,chr8_124946584_124947555	Alg1,Bmp4,Fancc,Gpx4,Hoxb1,Msx2,Ptch1,Sprtn,Tbx6,Tfap2a
Human Phenotype	HP:0003419	Low back pain	158	8.72E-03	1.00E+00	3.63E-01	1.14E+02	8.76E-03	1	8.94E-05	1.02E-02	154	2.12E-02	1.00E+00	9.03E-01	4.69E+01	2.13E-02	1	3	6.58E-03	3.33E-01	chr7_126781249_126781424	Tbx6
Human Phenotype	HP:0010831	Impaired proprioception	159	9.09E-03	1.00E+00	3.76E-01	1.41E+01	1.42E-01	2	1.45E-03	2.04E-02	438	9.50E-02	1.00E+00	1.00E+00	1.01E+01	9.95E-02	1	14	6.58E-03	7.14E-02	chr8_26117824_26118019,chr8_26118257_26118822	Rnf170
Human Phenotype	HP:0009767	Aplasia/Hypoplasia of the phalanges of the hand	160	9.19E-03	1.00E+00	3.77E-01	3.37E+00	1.78E+00	6	1.82E-02	6.12E-02	81	9.48E-03	1.00E+00	7.69E-01	4.85E+00	8.24E-01	4	116	2.63E-02	3.45E-02	chr10_80054157_80054700,chr10_80055087_80056206,chr13_63563733_63564766,chr13_63566316_63566849,chr14_46387358_46388080,chr4_133755923_133757903	Arid1a,Bmp4,Gpx4,Ptch1
Human Phenotype	HP:0010044	Short 4th metacarpal	161	9.50E-03	1.00E+00	3.87E-01	1.38E+01	1.45E-01	2	1.48E-03	2.04E-02	315	5.55E-02	1.00E+00	1.00E+00	1.76E+01	5.68E-02	1	8	6.58E-03	1.25E-01	chr13_63563733_63564766,chr13_63566316_63566849	Ptch1
Human Phenotype	HP:0007588	Reticular hyperpigmentation	162	9.58E-03	1.00E+00	3.88E-01	1.04E+02	9.62E-03	1	9.82E-05	1.02E-02	237	3.50E-02	1.00E+00	9.71E-01	2.82E+01	3.55E-02	1	5	6.58E-03	2.00E-01	chr11_100206147_100206767	Krt14
Human Phenotype	HP:0001817	Absent fingernail	163	9.65E-03	1.00E+00	3.89E-01	1.03E+02	9.70E-03	1	9.90E-05	1.02E-02	101	1.42E-02	1.00E+00	9.21E-01	7.04E+01	1.42E-02	1	2	6.58E-03	5.00E-01	chr4_133755923_133757903	Arid1a
Human Phenotype	HP:0009728	Neoplasm of striated muscle	164	1.00E-02	1.00E+00	4.00E-01	1.34E+01	1.49E-01	2	1.52E-03	2.04E-02	507	1.20E-01	1.00E+00	1.00E+00	7.82E+00	1.28E-01	1	18	6.58E-03	5.56E-02	chr13_63563733_63564766,chr13_63566316_63566849	Ptch1
Human Phenotype	HP:0003025	Metaphyseal irregularity	165	1.02E-02	1.00E+00	4.06E-01	1.33E+01	1.51E-01	2	1.54E-03	2.04E-02	597	1.69E-01	1.00E+00	1.00E+00	5.41E+00	1.85E-01	1	26	6.58E-03	3.85E-02	chr10_80054157_80054700,chr10_80055087_80056206	Gpx4
Human Phenotype	HP:0001945	Fever	166	1.02E-02	1.00E+00	4.04E-01	6.77E+00	4.43E-01	3	4.52E-03	3.06E-02	312	5.28E-02	1.00E+00	1.00E+00	5.41E+00	3.69E-01	2	52	1.32E-02	3.85E-02	chr12_16589553_16589895,chr12_16590033_16592004,chr8_84660555_84662042	Cacna1a,Lpin1
Human Phenotype	HP:0003468	Abnormal vertebral morphology	167	1.04E-02	1.00E+00	4.09E-01	3.28E+00	1.83E+00	6	1.87E-02	6.12E-02	98	1.34E-02	1.00E+00	8.99E-01	3.57E+00	1.40E+00	5	197	3.29E-02	2.54E-02	chr10_80054157_80054700,chr10_80055087_80056206,chr11_101964638_101965429,chr13_63563733_63564766,chr13_63566316_63566849,chr7_126781249_126781424	Gpx4,Meox1,Ptch1,Sost,Tbx6
Human Phenotype	HP:0010662	Abnormality of the diencephalon	168	1.12E-02	1.00E+00	4.38E-01	1.26E+01	1.58E-01	2	1.62E-03	2.04E-02	315	5.55E-02	1.00E+00	1.00E+00	1.76E+01	5.68E-02	1	8	6.58E-03	1.25E-01	chr13_63563733_63564766,chr13_63566316_63566849	Ptch1
Human Phenotype	HP:0000180	Lobulated tongue	169	1.12E-02	1.00E+00	4.36E-01	8.86E+01	1.13E-02	1	1.15E-04	1.02E-02	237	3.50E-02	1.00E+00	9.71E-01	2.82E+01	3.55E-02	1	5	6.58E-03	2.00E-01	chr7_100372146_100372354	C2cd3
Human Phenotype	HP:0004576	Sclerotic vertebral endplates	170	1.14E-02	1.00E+00	4.39E-01	8.76E+01	1.14E-02	1	1.17E-04	1.02E-02	101	1.42E-02	1.00E+00	9.21E-01	7.04E+01	1.42E-02	1	2	6.58E-03	5.00E-01	chr11_101964638_101965429	Sost
Human Phenotype	HP:0410007	Abnormality of cartilage morphology	171	1.16E-02	1.00E+00	4.47E-01	1.24E+01	1.62E-01	2	1.65E-03	2.04E-02	296	4.87E-02	1.00E+00	1.00E+00	2.01E+01	4.97E-02	1	7	6.58E-03	1.43E-01	chr13_63563733_63564766,chr13_63566316_63566849	Ptch1
Human Phenotype	HP:0002558	Supernumerary nipple	172	1.17E-02	1.00E+00	4.48E-01	1.23E+01	1.62E-01	2	1.66E-03	2.04E-02	28	4.31E-03	1.00E+00	1.00E+00	2.01E+01	9.95E-02	2	14	1.32E-02	1.43E-01	chr13_40727364_40730800,chr5_135790394_135790983	Mdh2,Tfap2a
Human Phenotype	HP:0009660	Short phalanx of the thumb	173	1.19E-02	1.00E+00	4.52E-01	1.22E+01	1.64E-01	2	1.67E-03	2.04E-02	415	8.85E-02	1.00E+00	1.00E+00	1.08E+01	9.24E-02	1	13	6.58E-03	7.69E-02	chr13_63563733_63564766,chr13_63566316_63566849	Ptch1
Human Phenotype	HP:0011800	Midface retrusion	174	1.22E-02	1.00E+00	4.59E-01	3.67E+00	1.36E+00	5	1.39E-02	5.10E-02	76	8.94E-03	1.00E+00	7.72E-01	4.94E+00	8.10E-01	4	114	2.63E-02	3.51E-02	chr11_101964638_101965429,chr11_96352608_96353722,chr13_63563733_63564766,chr13_63566316_63566849,chr14_46387358_46388080	Bmp4,Hoxb1,Ptch1,Sost
Human Phenotype	HP:0010442	Polydactyly	175	1.22E-02	1.00E+00	4.59E-01	3.66E+00	1.36E+00	5	1.39E-02	5.10E-02	93	1.22E-02	1.00E+00	8.64E-01	4.50E+00	8.88E-01	4	125	2.63E-02	3.20E-02	chr13_40727364_40730800,chr13_63563733_63564766,chr13_63566316_63566849,chr14_46387358_46388080,chr7_100372146_100372354	Bmp4,C2cd3,Ptch1,Tfap2a
Human Phenotype	HP:0007267	Chronic axonal neuropathy	176	1.22E-02	1.00E+00	4.57E-01	8.12E+01	1.23E-02	1	1.26E-04	1.02E-02	154	2.12E-02	1.00E+00	9.03E-01	4.69E+01	2.13E-02	1	3	6.58E-03	3.33E-01	chr13_53471407_53472168	Sptlc1
Human Phenotype	HP:0007633	Bilateral microphthalmos	177	1.25E-02	1.00E+00	4.63E-01	1.19E+01	1.68E-01	2	1.71E-03	2.04E-02	357	6.88E-02	1.00E+00	1.00E+00	1.41E+01	7.10E-02	1	10	6.58E-03	1.00E-01	chr13_63563733_63564766,chr13_63566316_63566849	Ptch1
Human Phenotype	HP:0006483	Abnormal number of teeth	178	1.26E-02	1.00E+00	4.64E-01	3.64E+00	1.37E+00	5	1.40E-02	5.10E-02	268	4.09E-02	1.00E+00	1.00E+00	3.95E+00	7.60E-01	3	107	1.97E-02	2.80E-02	chr13_53471407_53472168,chr13_53472662_53473247,chr13_63563733_63564766,chr13_63566316_63566849,chr7_100372146_100372354	C2cd3,Msx2,Ptch1
Human Phenotype	HP:0000765	Abnormality of the thorax	179	1.26E-02	1.00E+00	4.63E-01	2.41E+00	3.73E+00	9	3.81E-02	9.18E-02	133	1.63E-02	1.00E+00	8.06E-01	2.68E+00	2.61E+00	7	368	4.61E-02	1.90E-02	chr10_80054157_80054700,chr10_80055087_80056206,chr11_101964638_101965429,chr13_53471407_53472168,chr13_53472662_53473247,chr13_63563733_63564766,chr13_63566316_63566849,chr7_126781249_126781424,chr8_124946584_124947555	Gpx4,Meox1,Msx2,Ptch1,Sost,Sprtn,Tbx6
Human Phenotype	HP:0100872	Abnormality of the plantar skin of foot	180	1.28E-02	1.00E+00	4.68E-01	6.22E+00	4.83E-01	3	4.92E-03	3.06E-02	41	6.02E-03	1.00E+00	9.65E-01	8.12E+00	3.69E-01	3	52	1.97E-02	5.77E-02	chr11_100206147_100206767,chr13_63563733_63564766,chr13_63566316_63566849	Krt14,Krt9,Ptch1
Human Phenotype	HP:0010537	Wide cranial sutures	181	1.30E-02	1.00E+00	4.72E-01	1.17E+01	1.71E-01	2	1.75E-03	2.04E-02	457	1.01E-01	1.00E+00	1.00E+00	9.38E+00	1.07E-01	1	15	6.58E-03	6.67E-02	chr13_53471407_53472168,chr13_53472662_53473247	Msx2
Human Phenotype	HP:0000235	Abnormality of the fontanelles or cranial sutures	182	1.31E-02	1.00E+00	4.74E-01	3.11E+00	1.93E+00	6	1.97E-02	6.12E-02	233	3.33E-02	1.00E+00	9.38E-01	3.31E+00	1.21E+00	4	170	2.63E-02	2.35E-02	chr10_80054157_80054700,chr10_80055087_80056206,chr13_53471407_53472168,chr13_53472662_53473247,chr14_46387358_46388080,chr16_5254419_5255117	Alg1,Bmp4,Gpx4,Msx2
Human Phenotype	HP:0010012	Abnormality of the 4th metacarpal	183	1.32E-02	1.00E+00	4.74E-01	1.16E+01	1.73E-01	2	1.76E-03	2.04E-02	357	6.88E-02	1.00E+00	1.00E+00	1.41E+01	7.10E-02	1	10	6.58E-03	1.00E-01	chr13_63563733_63564766,chr13_63566316_63566849	Ptch1
Human Phenotype	HP:0000470	Short neck	184	1.32E-02	1.00E+00	4.72E-01	3.59E+00	1.39E+00	5	1.42E-02	5.10E-02	142	1.78E-02	1.00E+00	8.25E-01	4.02E+00	9.95E-01	4	140	2.63E-02	2.86E-02	chr10_80054157_80054700,chr10_80055087_80056206,chr11_101964638_101965429,chr13_40727364_40730800,chr7_126781249_126781424	Gpx4,Meox1,Tbx6,Tfap2a
Human Phenotype	HP:0040211	Abnormality of the skin of the palm	185	1.36E-02	1.00E+00	4.83E-01	3.57E+00	1.40E+00	5	1.43E-02	5.10E-02	7	1.62E-03	1.00E+00	1.00E+00	5.91E+00	8.45E-01	5	119	3.29E-02	4.20E-02	chr11_100206147_100206767,chr13_40727364_40730800,chr13_63563733_63564766,chr13_63566316_63566849,chr14_46387358_46388080	Bmp4,Krt14,Krt9,Ptch1,Tfap2a
Human Phenotype	HP:0030276	Small scrotum	186	1.38E-02	1.00E+00	4.87E-01	7.20E+01	1.39E-02	1	1.42E-04	1.02E-02	47	7.10E-03	1.00E+00	9.93E-01	1.41E+02	7.10E-03	1	1	6.58E-03	1.00E+00	chr14_46387358_46388080	Bmp4
Human Phenotype	HP:0010999	Aplasia of the optic tract	186	1.38E-02	1.00E+00	4.87E-01	7.20E+01	1.39E-02	1	1.42E-04	1.02E-02	47	7.10E-03	1.00E+00	9.93E-01	1.41E+02	7.10E-03	1	1	6.58E-03	1.00E+00	chr14_46387358_46388080	Bmp4
Human Phenotype	HP:0002153	Hyperkalemia	188	1.38E-02	1.00E+00	4.83E-01	1.13E+01	1.77E-01	2	1.81E-03	2.04E-02	415	8.85E-02	1.00E+00	1.00E+00	1.08E+01	9.24E-02	1	13	6.58E-03	7.69E-02	chr12_16589553_16589895,chr12_16590033_16592004	Lpin1
Human Phenotype	HP:0010545	Downbeat nystagmus	189	1.42E-02	1.00E+00	4.94E-01	6.99E+01	1.43E-02	1	1.46E-04	1.02E-02	47	7.10E-03	1.00E+00	9.93E-01	1.41E+02	7.10E-03	1	1	6.58E-03	1.00E+00	chr8_84660555_84662042	Cacna1a
Human Phenotype	HP:0000612	Iris coloboma	190	1.43E-02	1.00E+00	4.94E-01	5.97E+00	5.03E-01	3	5.13E-03	3.06E-02	197	2.70E-02	1.00E+00	9.00E-01	7.82E+00	2.56E-01	2	36	1.32E-02	5.56E-02	chr13_40727364_40730800,chr13_63563733_63564766,chr13_63566316_63566849	Ptch1,Tfap2a
Human Phenotype	HP:0100615	Ovarian neoplasm	191	1.50E-02	1.00E+00	5.14E-01	1.08E+01	1.85E-01	2	1.88E-03	2.04E-02	393	8.20E-02	1.00E+00	1.00E+00	1.17E+01	8.53E-02	1	12	6.58E-03	8.33E-02	chr13_63563733_63564766,chr13_63566316_63566849	Ptch1
Human Phenotype	HP:0100276	Skin pit	192	1.54E-02	1.00E+00	5.27E-01	5.80E+00	5.17E-01	3	5.27E-03	3.06E-02	186	2.29E-02	1.00E+00	8.10E-01	8.53E+00	2.34E-01	2	33	1.32E-02	6.06E-02	chr13_40727364_40730800,chr13_63563733_63564766,chr13_63566316_63566849	Ptch1,Tfap2a
Human Phenotype	HP:0008765	Auditory hallucinations	193	1.55E-02	1.00E+00	5.28E-01	6.39E+01	1.56E-02	1	1.60E-04	1.02E-02	101	1.42E-02	1.00E+00	9.21E-01	7.04E+01	1.42E-02	1	2	6.58E-03	5.00E-01	chr8_84660555_84662042	Cacna1a
Human Phenotype	HP:0000582	Upslanted palpebral fissure	194	1.55E-02	1.00E+00	5.26E-01	4.21E+00	9.50E-01	4	9.70E-03	4.08E-02	138	1.69E-02	1.00E+00	8.06E-01	5.56E+00	5.40E-01	3	76	1.97E-02	3.95E-02	chr13_40727364_40730800,chr13_63563733_63564766,chr13_63566316_63566849,chr7_100372146_100372354	C2cd3,Ptch1,Tfap2a
Human Phenotype	HP:0001125	Transient unilateral blurring of vision	195	1.58E-02	1.00E+00	5.33E-01	6.28E+01	1.59E-02	1	1.63E-04	1.02E-02	101	1.42E-02	1.00E+00	9.21E-01	7.04E+01	1.42E-02	1	2	6.58E-03	5.00E-01	chr8_84660555_84662042	Cacna1a
Human Phenotype	HP:0010696	Polar cataract	196	1.62E-02	1.00E+00	5.44E-01	1.04E+01	1.93E-01	2	1.97E-03	2.04E-02	143	1.80E-02	1.00E+00	8.25E-01	9.71E+00	2.06E-01	2	29	1.32E-02	6.90E-02	chr4_141326801_141327760,chr8_124946584_124947555	Epha2,Sprtn
Human Phenotype	HP:0009602	Abnormality of thumb phalanx	197	1.63E-02	1.00E+00	5.44E-01	4.15E+00	9.64E-01	4	9.84E-03	4.08E-02	96	1.31E-02	1.00E+00	8.95E-01	6.12E+00	4.90E-01	3	69	1.97E-02	4.35E-02	chr13_53471407_53472168,chr13_53472662_53473247,chr13_63563733_63564766,chr13_63566316_63566849	Fancc,Msx2,Ptch1
Human Phenotype	HP:0010660	Abnormal hand bone ossification	198	1.65E-02	1.00E+00	5.48E-01	1.03E+01	1.95E-01	2	1.98E-03	2.04E-02	589	1.63E-01	1.00E+00	1.00E+00	5.63E+00	1.78E-01	1	25	6.58E-03	4.00E-02	chr13_63563733_63564766,chr13_63566316_63566849	Ptch1
Human Phenotype	HP:0006984	Distal sensory loss of all modalities	199	1.65E-02	1.00E+00	5.46E-01	6.00E+01	1.67E-02	1	1.70E-04	1.02E-02	199	2.81E-02	1.00E+00	9.28E-01	3.52E+01	2.84E-02	1	4	6.58E-03	2.50E-01	chr13_53471407_53472168	Sptlc1
Human Phenotype	HP:0000830	Anterior hypopituitarism	200	1.67E-02	1.00E+00	5.48E-01	5.63E+00	5.33E-01	3	5.44E-03	3.06E-02	236	3.43E-02	1.00E+00	9.55E-01	6.87E+00	2.91E-01	2	41	1.32E-02	4.88E-02	chr13_63563733_63564766,chr13_63566316_63566849,chr14_46387358_46388080	Bmp4,Ptch1
Human Phenotype	HP:0007455	Adermatoglyphia	201	1.70E-02	1.00E+00	5.56E-01	5.83E+01	1.72E-02	1	1.75E-04	1.02E-02	101	1.42E-02	1.00E+00	9.21E-01	7.04E+01	1.42E-02	1	2	6.58E-03	5.00E-01	chr11_100206147_100206767	Krt14
Human Phenotype	HP:0000283	Broad face	202	1.74E-02	1.00E+00	5.65E-01	1.00E+01	2.00E-01	2	2.04E-03	2.04E-02	415	8.85E-02	1.00E+00	1.00E+00	1.08E+01	9.24E-02	1	13	6.58E-03	7.69E-02	chr13_63563733_63564766,chr13_63566316_63566849	Ptch1
Human Phenotype	HP:0001898	Increased red blood cell mass	203	1.78E-02	1.00E+00	5.77E-01	5.55E+01	1.80E-02	1	1.84E-04	1.02E-02	199	2.81E-02	1.00E+00	9.28E-01	3.52E+01	2.84E-02	1	4	6.58E-03	2.50E-01	chr8_124946584_124947555	Egln1
Human Phenotype	HP:0010544	Vertical nystagmus	204	1.79E-02	1.00E+00	5.77E-01	5.53E+01	1.81E-02	1	1.84E-04	1.02E-02	101	1.42E-02	1.00E+00	9.21E-01	7.04E+01	1.42E-02	1	2	6.58E-03	5.00E-01	chr8_84660555_84662042	Cacna1a
Human Phenotype	HP:0005464	Craniofacial osteosclerosis	205	1.80E-02	1.00E+00	5.78E-01	5.49E+01	1.82E-02	1	1.86E-04	1.02E-02	154	2.12E-02	1.00E+00	9.03E-01	4.69E+01	2.13E-02	1	3	6.58E-03	3.33E-01	chr11_101964638_101965429	Sost
Human Phenotype	HP:0000565	Esotropia	206	1.81E-02	1.00E+00	5.78E-01	5.45E+00	5.50E-01	3	5.61E-03	3.06E-02	25	4.01E-03	1.00E+00	1.00E+00	9.38E+00	3.20E-01	3	45	1.97E-02	6.67E-02	chr11_101964638_101965429,chr11_96352608_96353722,chr8_84660555_84662042	Cacna1a,Hoxb1,Sost
Human Phenotype	HP:0000900	Thickened ribs	207	1.85E-02	1.00E+00	5.88E-01	5.34E+01	1.87E-02	1	1.91E-04	1.02E-02	271	4.19E-02	1.00E+00	1.00E+00	2.35E+01	4.26E-02	1	6	6.58E-03	1.67E-01	chr11_101964638_101965429	Sost
Human Phenotype	HP:0009803	Short phalanx of finger	208	1.86E-02	1.00E+00	5.87E-01	3.29E+00	1.52E+00	5	1.55E-02	5.10E-02	230	3.03E-02	1.00E+00	8.65E-01	4.44E+00	6.75E-01	3	95	1.97E-02	3.16E-02	chr10_80054157_80054700,chr10_80055087_80056206,chr13_63563733_63564766,chr13_63566316_63566849,chr14_46387358_46388080	Bmp4,Gpx4,Ptch1
Human Phenotype	HP:0000358	Posteriorly rotated ears	209	1.90E-02	1.00E+00	5.98E-01	3.27E+00	1.53E+00	5	1.56E-02	5.10E-02	78	9.21E-03	1.00E+00	7.75E-01	4.90E+00	8.17E-01	4	115	2.63E-02	3.48E-02	chr10_80054157_80054700,chr10_80055087_80056206,chr11_96352608_96353722,chr13_40727364_40730800,chr14_46387358_46388080	Bmp4,Gpx4,Hoxb1,Tfap2a
Human Phenotype	HP:0001123	Visual field defect	210	1.94E-02	1.00E+00	6.06E-01	5.32E+00	5.64E-01	3	5.76E-03	3.06E-02	411	8.43E-02	1.00E+00	1.00E+00	4.14E+00	4.83E-01	2	68	1.32E-02	2.94E-02	chr11_101964638_101965429,chr13_53471407_53472168,chr13_53472662_53473247	Msx2,Sost
Human Phenotype	HP:0000134	Female hypogonadism	211	1.95E-02	1.00E+00	6.07E-01	5.08E+01	1.97E-02	1	2.01E-04	1.02E-02	154	2.12E-02	1.00E+00	9.03E-01	4.69E+01	2.13E-02	1	3	6.58E-03	3.33E-01	chr14_46387358_46388080	Bmp4
Human Phenotype	HP:0010614	Fibroma	212	1.96E-02	1.00E+00	6.07E-01	9.38E+00	2.13E-01	2	2.17E-03	2.04E-02	589	1.63E-01	1.00E+00	1.00E+00	5.63E+00	1.78E-01	1	25	6.58E-03	4.00E-02	chr13_63563733_63564766,chr13_63566316_63566849	Ptch1
Human Phenotype	HP:0025312	Esophoria	213	1.99E-02	1.00E+00	6.13E-01	4.98E+01	2.01E-02	1	2.05E-04	1.02E-02	154	2.12E-02	1.00E+00	9.03E-01	4.69E+01	2.13E-02	1	3	6.58E-03	3.33E-01	chr11_96352608_96353722	Hoxb1
Human Phenotype	HP:0001177	Preaxial hand polydactyly	214	2.02E-02	1.00E+00	6.21E-01	9.22E+00	2.17E-01	2	2.21E-03	2.04E-02	38	5.64E-03	1.00E+00	9.74E-01	1.76E+01	1.14E-01	2	16	1.32E-02	1.25E-01	chr13_40727364_40730800,chr14_46387358_46388080	Bmp4,Tfap2a
Human Phenotype	HP:0000159	Abnormality of the lip	215	2.03E-02	1.00E+00	6.20E-01	2.11E+00	4.74E+00	10	4.83E-02	1.02E-01	87	1.02E-02	1.00E+00	7.68E-01	2.69E+00	2.97E+00	8	418	5.26E-02	1.91E-02	chr11_101964638_101965429,chr11_96352608_96353722,chr13_40727364_40730800,chr13_53471407_53472168,chr13_53472662_53473247,chr13_63563733_63564766,chr13_63566316_63566849,chr16_5254419_5255117,chr4_133755923_133757903,chr6_118758397_118758711	Alg1,Arid1a,Cacna1c,Hoxb1,Meox1,Msx2,Ptch1,Tfap2a
Human Phenotype	HP:0009617	Abnormality of the distal phalanx of the thumb	216	2.04E-02	1.00E+00	6.21E-01	9.17E+00	2.18E-01	2	2.22E-03	2.04E-02	489	1.14E-01	1.00E+00	1.00E+00	8.28E+00	1.21E-01	1	17	6.58E-03	5.88E-02	chr13_63563733_63564766,chr13_63566316_63566849	Ptch1
Human Phenotype	HP:0010517	Ectopic thymus tissue	217	2.06E-02	1.00E+00	6.23E-01	4.81E+01	2.08E-02	1	2.12E-04	1.02E-02	47	7.10E-03	1.00E+00	9.93E-01	1.41E+02	7.10E-03	1	1	6.58E-03	1.00E+00	chr13_40727364_40730800	Tfap2a
Human Phenotype	HP:0005473	Fusion of middle ear ossicles	217	2.06E-02	1.00E+00	6.23E-01	4.81E+01	2.08E-02	1	2.12E-04	1.02E-02	47	7.10E-03	1.00E+00	9.93E-01	1.41E+02	7.10E-03	1	1	6.58E-03	1.00E+00	chr13_40727364_40730800	Tfap2a
Human Phenotype	HP:0004464	Postauricular pit	217	2.06E-02	1.00E+00	6.23E-01	4.81E+01	2.08E-02	1	2.12E-04	1.02E-02	47	7.10E-03	1.00E+00	9.93E-01	1.41E+02	7.10E-03	1	1	6.58E-03	1.00E+00	chr13_40727364_40730800	Tfap2a
Human Phenotype	HP:0008606	Supraauricular pit	217	2.06E-02	1.00E+00	6.23E-01	4.81E+01	2.08E-02	1	2.12E-04	1.02E-02	47	7.10E-03	1.00E+00	9.93E-01	1.41E+02	7.10E-03	1	1	6.58E-03	1.00E+00	chr13_40727364_40730800	Tfap2a
Human Phenotype	HP:0000420	Short nasal septum	217	2.06E-02	1.00E+00	6.23E-01	4.81E+01	2.08E-02	1	2.12E-04	1.02E-02	47	7.10E-03	1.00E+00	9.93E-01	1.41E+02	7.10E-03	1	1	6.58E-03	1.00E+00	chr13_40727364_40730800	Tfap2a
Human Phenotype	HP:0010656	Abnormal epiphyseal ossification	222	2.15E-02	1.00E+00	6.37E-01	8.91E+00	2.24E-01	2	2.29E-03	2.04E-02	666	2.15E-01	1.00E+00	1.00E+00	4.14E+00	2.42E-01	1	34	6.58E-03	2.94E-02	chr10_80054157_80054700,chr10_80055087_80056206	Gpx4
Human Phenotype	HP:0000196	Lower lip pit	223	2.16E-02	1.00E+00	6.36E-01	4.58E+01	2.18E-02	1	2.23E-04	1.02E-02	101	1.42E-02	1.00E+00	9.21E-01	7.04E+01	1.42E-02	1	2	6.58E-03	5.00E-01	chr13_40727364_40730800	Tfap2a
Human Phenotype	HP:0000356	Abnormality of the outer ear	224	2.19E-02	1.00E+00	6.43E-01	2.00E+00	5.51E+00	11	5.62E-02	1.12E-01	153	2.09E-02	1.00E+00	8.97E-01	2.36E+00	3.39E+00	8	477	5.26E-02	1.68E-02	chr10_80054157_80054700,chr10_80055087_80056206,chr11_101964638_101965429,chr11_96352608_96353722,chr13_40727364_40730800,chr13_53471407_53472168,chr13_53472662_53473247,chr13_63563733_63564766,chr13_63566316_63566849,chr14_46387358_46388080,chr4_133755923_133757903	Arid1a,Bmp4,Gpx4,Hoxb1,Meox1,Msx2,Ptch1,Tfap2a
Human Phenotype	HP:0011217	Abnormal shape of the occiput	225	2.19E-02	1.00E+00	6.40E-01	8.83E+00	2.27E-01	2	2.31E-03	2.04E-02	666	2.15E-01	1.00E+00	1.00E+00	4.14E+00	2.42E-01	1	34	6.58E-03	2.94E-02	chr13_63563733_63564766,chr13_63566316_63566849	Ptch1
Human Phenotype	HP:0000137	Abnormality of the ovary	226	2.20E-02	1.00E+00	6.38E-01	5.06E+00	5.92E-01	3	6.05E-03	3.06E-02	372	6.99E-02	1.00E+00	1.00E+00	4.61E+00	4.33E-01	2	61	1.32E-02	3.28E-02	chr13_63563733_63564766,chr13_63566316_63566849,chr14_46387358_46388080	Bmp4,Ptch1
Human Phenotype	HP:0012272	J wave	227	2.21E-02	1.00E+00	6.39E-01	4.48E+01	2.23E-02	1	2.28E-04	1.02E-02	47	7.10E-03	1.00E+00	9.93E-01	1.41E+02	7.10E-03	1	1	6.58E-03	1.00E+00	chr6_118758397_118758711	Cacna1c
Human Phenotype	HP:0001085	Papilledema	228	2.22E-02	1.00E+00	6.38E-01	4.46E+01	2.24E-02	1	2.29E-04	1.02E-02	154	2.12E-02	1.00E+00	9.03E-01	4.69E+01	2.13E-02	1	3	6.58E-03	3.33E-01	chr11_101964638_101965429	Sost
Human Phenotype	HP:0002329	Drowsiness	229	2.23E-02	1.00E+00	6.40E-01	4.44E+01	2.25E-02	1	2.30E-04	1.02E-02	237	3.50E-02	1.00E+00	9.71E-01	2.82E+01	3.55E-02	1	5	6.58E-03	2.00E-01	chr8_84660555_84662042	Cacna1a
Human Phenotype	HP:0000987	Atypical scarring of skin	230	2.25E-02	1.00E+00	6.42E-01	8.71E+00	2.30E-01	2	2.34E-03	2.04E-02	137	1.68E-02	1.00E+00	8.05E-01	1.01E+01	1.99E-01	2	28	1.32E-02	7.14E-02	chr11_100206147_100206767,chr13_40727364_40730800	Krt14,Tfap2a
Human Phenotype	HP:0009600	Flexion contracture of thumb	231	2.27E-02	1.00E+00	6.45E-01	4.36E+01	2.29E-02	1	2.34E-04	1.02E-02	154	2.12E-02	1.00E+00	9.03E-01	4.69E+01	2.13E-02	1	3	6.58E-03	3.33E-01	chr14_46387358_46388080	Bmp4
Human Phenotype	HP:0011064	Abnormal number of incisors	232	2.28E-02	1.00E+00	6.45E-01	8.65E+00	2.31E-01	2	2.36E-03	2.04E-02	415	8.85E-02	1.00E+00	1.00E+00	1.08E+01	9.24E-02	1	13	6.58E-03	7.69E-02	chr13_63563733_63564766,chr13_63566316_63566849	Ptch1
Human Phenotype	HP:0012316	Fibrous tissue neoplasm	233	2.28E-02	1.00E+00	6.42E-01	8.65E+00	2.31E-01	2	2.36E-03	2.04E-02	597	1.69E-01	1.00E+00	1.00E+00	5.41E+00	1.85E-01	1	26	6.58E-03	3.85E-02	chr13_63563733_63564766,chr13_63566316_63566849	Ptch1
Human Phenotype	HP:0000889	Abnormality of the clavicle	234	2.29E-02	1.00E+00	6.43E-01	4.98E+00	6.02E-01	3	6.15E-03	3.06E-02	266	4.07E-02	1.00E+00	1.00E+00	6.26E+00	3.20E-01	2	45	1.32E-02	4.44E-02	chr11_101964638_101965429,chr13_53471407_53472168,chr13_53472662_53473247	Msx2,Sost
Human Phenotype	HP:0010538	Small sella turcica	235	2.30E-02	1.00E+00	6.42E-01	4.30E+01	2.32E-02	1	2.37E-04	1.02E-02	101	1.42E-02	1.00E+00	9.21E-01	7.04E+01	1.42E-02	1	2	6.58E-03	5.00E-01	chr14_46387358_46388080	Bmp4
Human Phenotype	HP:0000422	Abnormality of the nasal bridge	236	2.31E-02	1.00E+00	6.42E-01	2.17E+00	4.14E+00	9	4.23E-02	9.18E-02	100	1.40E-02	1.00E+00	9.22E-01	2.76E+00	2.54E+00	7	357	4.61E-02	1.96E-02	chr10_80054157_80054700,chr10_80055087_80056206,chr11_101964638_101965429,chr13_40727364_40730800,chr13_63563733_63564766,chr13_63566316_63566849,chr4_133755923_133757903,chr6_118758397_118758711,chr8_124946584_124947555	Arid1a,Cacna1c,Gpx4,Ptch1,Sost,Sprtn,Tfap2a
Human Phenotype	HP:0004440	Coronal craniosynostosis	237	2.31E-02	1.00E+00	6.42E-01	8.58E+00	2.33E-01	2	2.38E-03	2.04E-02	471	1.08E-01	1.00E+00	1.00E+00	8.80E+00	1.14E-01	1	16	6.58E-03	6.25E-02	chr13_53471407_53472168,chr13_53472662_53473247	Msx2
Human Phenotype	HP:0001360	Holoprosencephaly	238	2.34E-02	1.00E+00	6.45E-01	8.53E+00	2.34E-01	2	2.39E-03	2.04E-02	438	9.50E-02	1.00E+00	1.00E+00	1.01E+01	9.95E-02	1	14	6.58E-03	7.14E-02	chr13_63563733_63564766,chr13_63566316_63566849	Ptch1
Human Phenotype	HP:0100736	Abnormality of the soft palate	239	2.37E-02	1.00E+00	6.51E-01	4.92E+00	6.10E-01	3	6.23E-03	3.06E-02	266	4.07E-02	1.00E+00	1.00E+00	6.26E+00	3.20E-01	2	45	1.32E-02	4.44E-02	chr13_53471407_53472168,chr13_53472662_53473247,chr14_46387358_46388080	Bmp4,Msx2
Human Phenotype	HP:0009658	Aplasia/Hypoplasia of the phalanges of the thumb	240	2.44E-02	1.00E+00	6.67E-01	8.34E+00	2.40E-01	2	2.45E-03	2.04E-02	471	1.08E-01	1.00E+00	1.00E+00	8.80E+00	1.14E-01	1	16	6.58E-03	6.25E-02	chr13_63563733_63564766,chr13_63566316_63566849	Ptch1
Human Phenotype	HP:0010230	Cone-shaped epiphyses of the phalanges of the hand	241	2.46E-02	1.00E+00	6.70E-01	8.30E+00	2.41E-01	2	2.46E-03	2.04E-02	534	1.33E-01	1.00E+00	1.00E+00	7.04E+00	1.42E-01	1	20	6.58E-03	5.00E-02	chr10_80054157_80054700,chr10_80055087_80056206	Gpx4
Human Phenotype	HP:0002442	Dyscalculia	242	2.47E-02	1.00E+00	6.70E-01	4.00E+01	2.50E-02	1	2.55E-04	1.02E-02	101	1.42E-02	1.00E+00	9.21E-01	7.04E+01	1.42E-02	1	2	6.58E-03	5.00E-01	chr8_84660555_84662042	Cacna1a
Human Phenotype	HP:0003212	Increased IgE level	243	2.51E-02	1.00E+00	6.80E-01	3.93E+01	2.55E-02	1	2.60E-04	1.02E-02	315	5.55E-02	1.00E+00	1.00E+00	1.76E+01	5.68E-02	1	8	6.58E-03	1.25E-01	chr11_100206147_100206767	Krt9
Human Phenotype	HP:0001699	Sudden death	244	2.54E-02	1.00E+00	6.83E-01	8.16E+00	2.45E-01	2	2.50E-03	2.04E-02	74	7.92E-03	1.00E+00	7.03E-01	1.48E+01	1.35E-01	2	19	1.32E-02	1.05E-01	chr11_101964638_101965429,chr6_118758397_118758711	Cacna1c,Sost
Human Phenotype	HP:0001868	Autoamputation of foot	245	2.56E-02	1.00E+00	6.87E-01	3.86E+01	2.59E-02	1	2.65E-04	1.02E-02	101	1.42E-02	1.00E+00	9.21E-01	7.04E+01	1.42E-02	1	2	6.58E-03	5.00E-01	chr13_53471407_53472168	Sptlc1
Human Phenotype	HP:0011297	Abnormality of digit	246	2.58E-02	1.00E+00	6.89E-01	1.88E+00	6.39E+00	12	6.52E-02	1.22E-01	89	1.10E-02	1.00E+00	8.11E-01	2.34E+00	4.28E+00	10	602	6.58E-02	1.66E-02	chr10_80054157_80054700,chr10_80055087_80056206,chr11_101964638_101965429,chr13_40727364_40730800,chr13_53471407_53472168,chr13_53472662_53473247,chr13_63563733_63564766,chr13_63566316_63566849,chr14_46387358_46388080,chr4_133755923_133757903,chr6_118758397_118758711,chr7_100372146_100372354	Arid1a,Bmp4,C2cd3,Cacna1c,Fancc,Gpx4,Msx2,Ptch1,Sost,Tfap2a
Human Phenotype	HP:0000377	Abnormality of the pinna	247	2.59E-02	1.00E+00	6.88E-01	2.26E+00	3.54E+00	8	3.61E-02	8.16E-02	148	2.02E-02	1.00E+00	8.96E-01	2.82E+00	2.12E+00	6	299	3.95E-02	2.01E-02	chr11_101964638_101965429,chr13_40727364_40730800,chr13_53471407_53472168,chr13_53472662_53473247,chr13_63563733_63564766,chr13_63566316_63566849,chr14_46387358_46388080,chr4_133755923_133757903	Arid1a,Bmp4,Meox1,Msx2,Ptch1,Tfap2a
Human Phenotype	HP:0001139	Choroideremia	248	2.59E-02	1.00E+00	6.86E-01	3.81E+01	2.62E-02	1	2.68E-04	1.02E-02	101	1.42E-02	1.00E+00	9.21E-01	7.04E+01	1.42E-02	1	2	6.58E-03	5.00E-01	chr4_141326801_141327760	Epha2
Human Phenotype	HP:0009774	Triangular shaped phalanges of the hand	249	2.64E-02	1.00E+00	6.97E-01	3.57E+00	1.12E+00	4	1.14E-02	4.08E-02	135	1.64E-02	1.00E+00	7.96E-01	5.63E+00	5.33E-01	3	75	1.97E-02	4.00E-02	chr13_53471407_53472168,chr13_53472662_53473247,chr13_63563733_63564766,chr13_63566316_63566849	Fancc,Msx2,Ptch1
Human Phenotype	HP:0011356	Regional abnormality of skin	250	2.68E-02	1.00E+00	7.05E-01	2.99E+00	1.67E+00	5	1.71E-02	5.10E-02	26	4.03E-03	1.00E+00	1.00E+00	4.79E+00	1.04E+00	5	147	3.29E-02	3.40E-02	chr11_100206147_100206767,chr13_40727364_40730800,chr13_63563733_63564766,chr13_63566316_63566849,chr14_46387358_46388080	Bmp4,Krt14,Krt9,Ptch1,Tfap2a
Human Phenotype	HP:0003170	Abnormality of the acetabulum	251	2.69E-02	1.00E+00	7.03E-01	7.91E+00	2.53E-01	2	2.58E-03	2.04E-02	752	2.75E-01	1.00E+00	1.00E+00	3.13E+00	3.20E-01	1	45	6.58E-03	2.22E-02	chr10_80054157_80054700,chr10_80055087_80056206	Gpx4
Human Phenotype	HP:0009835	Aplasia/Hypoplasia of the distal phalanges of the hand	252	2.69E-02	1.00E+00	7.01E-01	4.68E+00	6.41E-01	3	6.54E-03	3.06E-02	293	4.57E-02	1.00E+00	1.00E+00	5.86E+00	3.41E-01	2	48	1.32E-02	4.17E-02	chr13_63563733_63564766,chr13_63566316_63566849,chr4_133755923_133757903	Arid1a,Ptch1
Human Phenotype	HP:0000350	Small forehead	253	2.71E-02	1.00E+00	7.04E-01	3.64E+01	2.75E-02	1	2.81E-04	1.02E-02	101	1.42E-02	1.00E+00	9.21E-01	7.04E+01	1.42E-02	1	2	6.58E-03	5.00E-01	chr13_40727364_40730800	Tfap2a
Human Phenotype	HP:0010049	Short metacarpal	254	2.75E-02	1.00E+00	7.10E-01	3.53E+00	1.13E+00	4	1.16E-02	4.08E-02	428	9.08E-02	1.00E+00	1.00E+00	3.96E+00	5.04E-01	2	71	1.32E-02	2.82E-02	chr10_80054157_80054700,chr10_80055087_80056206,chr13_63563733_63564766,chr13_63566316_63566849	Gpx4,Ptch1
Human Phenotype	HP:0001344	Absent speech	255	2.75E-02	1.00E+00	7.10E-01	4.64E+00	6.47E-01	3	6.60E-03	3.06E-02	90	1.16E-02	1.00E+00	8.47E-01	6.40E+00	4.69E-01	3	66	1.97E-02	4.55E-02	chr14_46387358_46388080,chr5_135790394_135790983,chr7_100372146_100372354	Bmp4,C2cd3,Mdh2
Human Phenotype	HP:0001472	Familial predisposition	256	2.78E-02	1.00E+00	7.13E-01	3.55E+01	2.82E-02	1	2.87E-04	1.02E-02	101	1.42E-02	1.00E+00	9.21E-01	7.04E+01	1.42E-02	1	2	6.58E-03	5.00E-01	chr14_46387358_46388080	Bmp4
Human Phenotype	HP:0100267	Lip pit	257	2.78E-02	1.00E+00	7.10E-01	3.55E+01	2.82E-02	1	2.87E-04	1.02E-02	154	2.12E-02	1.00E+00	9.03E-01	4.69E+01	2.13E-02	1	3	6.58E-03	3.33E-01	chr13_40727364_40730800	Tfap2a
Human Phenotype	HP:0000256	Macrocephaly	258	2.78E-02	1.00E+00	7.09E-01	2.96E+00	1.69E+00	5	1.73E-02	5.10E-02	568	1.48E-01	1.00E+00	1.00E+00	2.26E+00	1.33E+00	3	187	1.97E-02	1.60E-02	chr11_101964638_101965429,chr13_53471407_53472168,chr13_53472662_53473247,chr13_63563733_63564766,chr13_63566316_63566849	Msx2,Ptch1,Sost
Human Phenotype	HP:0009601	Aplasia/Hypoplasia of the thumb	259	2.79E-02	1.00E+00	7.07E-01	4.61E+00	6.50E-01	3	6.64E-03	3.06E-02	88	1.02E-02	1.00E+00	7.63E-01	6.70E+00	4.48E-01	3	63	1.97E-02	4.76E-02	chr13_40727364_40730800,chr13_63563733_63564766,chr13_63566316_63566849	Fancc,Ptch1,Tfap2a
Human Phenotype	HP:0000916	Broad clavicles	260	2.79E-02	1.00E+00	7.06E-01	3.53E+01	2.83E-02	1	2.89E-04	1.02E-02	271	4.19E-02	1.00E+00	1.00E+00	2.35E+01	4.26E-02	1	6	6.58E-03	1.67E-01	chr11_101964638_101965429	Sost
Human Phenotype	HP:0011802	Hamartoma of tongue	261	2.83E-02	1.00E+00	7.11E-01	3.49E+01	2.87E-02	1	2.93E-04	1.02E-02	199	2.81E-02	1.00E+00	9.28E-01	3.52E+01	2.84E-02	1	4	6.58E-03	2.50E-01	chr7_100372146_100372354	C2cd3
Human Phenotype	HP:0000164	Abnormality of the dentition	262	2.83E-02	1.00E+00	7.10E-01	2.10E+00	4.30E+00	9	4.38E-02	9.18E-02	133	1.63E-02	1.00E+00	8.06E-01	2.68E+00	2.61E+00	7	368	4.61E-02	1.90E-02	chr11_100206147_100206767,chr11_101964638_101965429,chr13_40727364_40730800,chr13_53471407_53472168,chr13_53472662_53473247,chr13_63563733_63564766,chr13_63566316_63566849,chr6_118758397_118758711,chr7_100372146_100372354	C2cd3,Cacna1c,Krt14,Msx2,Ptch1,Sost,Tfap2a
Human Phenotype	HP:0001167	Abnormality of finger	263	2.85E-02	1.00E+00	7.12E-01	2.00E+00	5.01E+00	10	5.11E-02	1.02E-01	128	1.42E-02	1.00E+00	7.29E-01	2.54E+00	3.15E+00	8	444	5.26E-02	1.80E-02	chr10_80054157_80054700,chr10_80055087_80056206,chr11_101964638_101965429,chr13_40727364_40730800,chr13_53471407_53472168,chr13_53472662_53473247,chr13_63563733_63564766,chr13_63566316_63566849,chr14_46387358_46388080,chr4_133755923_133757903	Arid1a,Bmp4,Fancc,Gpx4,Msx2,Ptch1,Sost,Tfap2a
Human Phenotype	HP:0040194	Increased head circumference	264	2.90E-02	1.00E+00	7.20E-01	2.92E+00	1.71E+00	5	1.74E-02	5.10E-02	580	1.52E-01	1.00E+00	1.00E+00	2.23E+00	1.34E+00	3	189	1.97E-02	1.59E-02	chr11_101964638_101965429,chr13_53471407_53472168,chr13_53472662_53473247,chr13_63563733_63564766,chr13_63566316_63566849	Msx2,Ptch1,Sost
Human Phenotype	HP:0000589	Coloboma	265	2.90E-02	1.00E+00	7.19E-01	3.47E+00	1.15E+00	4	1.18E-02	4.08E-02	223	2.87E-02	1.00E+00	8.45E-01	4.54E+00	6.61E-01	3	93	1.97E-02	3.23E-02	chr13_40727364_40730800,chr13_63563733_63564766,chr13_63566316_63566849,chr14_46387358_46388080	Bmp4,Ptch1,Tfap2a
Human Phenotype	HP:0001199	Triphalangeal thumb	266	2.96E-02	1.00E+00	7.32E-01	7.50E+00	2.67E-01	2	2.72E-03	2.04E-02	471	1.08E-01	1.00E+00	1.00E+00	8.80E+00	1.14E-01	1	16	6.58E-03	6.25E-02	chr13_53471407_53472168,chr13_53472662_53473247	Msx2
Human Phenotype	HP:0001363	Craniosynostosis	267	3.09E-02	1.00E+00	7.59E-01	4.43E+00	6.77E-01	3	6.91E-03	3.06E-02	335	5.83E-02	1.00E+00	1.00E+00	5.12E+00	3.91E-01	2	55	1.32E-02	3.64E-02	chr13_53471407_53472168,chr13_53472662_53473247,chr14_46387358_46388080	Bmp4,Msx2
Human Phenotype	HP:0001539	Omphalocele	268	3.11E-02	1.00E+00	7.63E-01	7.30E+00	2.74E-01	2	2.80E-03	2.04E-02	597	1.69E-01	1.00E+00	1.00E+00	5.41E+00	1.85E-01	1	26	6.58E-03	3.85E-02	chr13_63563733_63564766,chr13_63566316_63566849	Ptch1
Human Phenotype	HP:0000545	Myopia	269	3.12E-02	1.00E+00	7.61E-01	2.87E+00	1.74E+00	5	1.78E-02	5.10E-02	193	2.43E-02	1.00E+00	8.28E-01	3.66E+00	1.09E+00	4	154	2.63E-02	2.60E-02	chr13_40727364_40730800,chr13_53471407_53472168,chr13_53472662_53473247,chr14_46387358_46388080,chr4_141326801_141327760	Bmp4,Epha2,Msx2,Tfap2a
Human Phenotype	HP:0002335	Agenesis of cerebellar vermis	270	3.21E-02	1.00E+00	7.82E-01	3.06E+01	3.27E-02	1	3.33E-04	1.02E-02	237	3.50E-02	1.00E+00	9.71E-01	2.82E+01	3.55E-02	1	5	6.58E-03	2.00E-01	chr13_40727364_40730800	Tfap2a
Human Phenotype	HP:0001899	Increased hematocrit	271	3.24E-02	1.00E+00	7.84E-01	3.04E+01	3.29E-02	1	3.36E-04	1.02E-02	237	3.50E-02	1.00E+00	9.71E-01	2.82E+01	3.55E-02	1	5	6.58E-03	2.00E-01	chr8_124946584_124947555	Egln1
Human Phenotype	HP:0100836	Malignant neoplasm of the central nervous system	272	3.26E-02	1.00E+00	7.88E-01	7.11E+00	2.81E-01	2	2.87E-03	2.04E-02	635	1.98E-01	1.00E+00	1.00E+00	4.54E+00	2.20E-01	1	31	6.58E-03	3.23E-02	chr13_63563733_63564766,chr13_63566316_63566849	Ptch1
Human Phenotype	HP:0003214	Prolonged G2 phase of cell cycle	273	3.29E-02	1.00E+00	7.91E-01	2.99E+01	3.34E-02	1	3.41E-04	1.02E-02	199	2.81E-02	1.00E+00	9.28E-01	3.52E+01	2.84E-02	1	4	6.58E-03	2.50E-01	chr13_63563733_63564766	Fancc
Human Phenotype	HP:0001017	Anemic pallor	273	3.29E-02	1.00E+00	7.91E-01	2.99E+01	3.34E-02	1	3.41E-04	1.02E-02	199	2.81E-02	1.00E+00	9.28E-01	3.52E+01	2.84E-02	1	4	6.58E-03	2.50E-01	chr13_63563733_63564766	Fancc
Human Phenotype	HP:0003213	Deficient excision of UV-induced pyrimidine dimers in DNA	273	3.29E-02	1.00E+00	7.91E-01	2.99E+01	3.34E-02	1	3.41E-04	1.02E-02	199	2.81E-02	1.00E+00	9.28E-01	3.52E+01	2.84E-02	1	4	6.58E-03	2.50E-01	chr13_63563733_63564766	Fancc
Human Phenotype	HP:0005914	Aplasia/Hypoplasia involving the metacarpal bones	276	3.29E-02	1.00E+00	7.83E-01	3.33E+00	1.20E+00	4	1.23E-02	4.08E-02	465	1.02E-01	1.00E+00	1.00E+00	3.70E+00	5.40E-01	2	76	1.32E-02	2.63E-02	chr10_80054157_80054700,chr10_80055087_80056206,chr13_63563733_63564766,chr13_63566316_63566849	Gpx4,Ptch1
Human Phenotype	HP:0005217	Duplication of internal organs	277	3.31E-02	1.00E+00	7.86E-01	2.97E+01	3.37E-02	1	3.44E-04	1.02E-02	101	1.42E-02	1.00E+00	9.21E-01	7.04E+01	1.42E-02	1	2	6.58E-03	5.00E-01	chr13_40727364_40730800	Tfap2a
Human Phenotype	HP:0004785	Malrotation of colon	277	3.31E-02	1.00E+00	7.86E-01	2.97E+01	3.37E-02	1	3.44E-04	1.02E-02	101	1.42E-02	1.00E+00	9.21E-01	7.04E+01	1.42E-02	1	2	6.58E-03	5.00E-01	chr13_40727364_40730800	Tfap2a
Human Phenotype	HP:0100699	Scarring	279	3.33E-02	1.00E+00	7.83E-01	7.04E+00	2.84E-01	2	2.90E-03	2.04E-02	220	2.84E-02	1.00E+00	8.48E-01	7.61E+00	2.63E-01	2	37	1.32E-02	5.41E-02	chr11_100206147_100206767,chr13_40727364_40730800	Krt14,Tfap2a
Human Phenotype	HP:0011042	Abnormality of potassium homeostasis	280	3.36E-02	1.00E+00	7.88E-01	7.00E+00	2.86E-01	2	2.91E-03	2.04E-02	687	2.27E-01	1.00E+00	1.00E+00	3.91E+00	2.56E-01	1	36	6.58E-03	2.78E-02	chr12_16589553_16589895,chr12_16590033_16592004	Lpin1
Human Phenotype	HP:0005280	Depressed nasal bridge	281	3.41E-02	1.00E+00	7.98E-01	2.49E+00	2.41E+00	6	2.46E-02	6.12E-02	95	1.26E-02	1.00E+00	8.73E-01	3.63E+00	1.38E+00	5	194	3.29E-02	2.58E-02	chr10_80054157_80054700,chr10_80055087_80056206,chr11_101964638_101965429,chr13_40727364_40730800,chr4_133755923_133757903,chr6_118758397_118758711	Arid1a,Cacna1c,Gpx4,Sost,Tfap2a
Human Phenotype	HP:0011355	Localized skin lesion	282	3.44E-02	1.00E+00	8.01E-01	2.49E+00	2.41E+00	6	2.46E-02	6.12E-02	290	4.27E-02	1.00E+00	9.68E-01	2.63E+00	1.90E+00	5	268	3.29E-02	1.87E-02	chr11_100206147_100206767,chr13_40727364_40730800,chr13_53471407_53472168,chr13_53472662_53473247,chr13_63563733_63564766,chr13_63566316_63566849	Fancc,Krt14,Msx2,Ptch1,Tfap2a
Human Phenotype	HP:0001900	Increased hemoglobin	283	3.47E-02	1.00E+00	8.05E-01	2.83E+01	3.53E-02	1	3.60E-04	1.02E-02	271	4.19E-02	1.00E+00	1.00E+00	2.35E+01	4.26E-02	1	6	6.58E-03	1.67E-01	chr8_124946584_124947555	Egln1
Human Phenotype	HP:0001324	Muscle weakness	284	3.50E-02	1.00E+00	8.10E-01	2.27E+00	3.08E+00	7	3.14E-02	7.14E-02	432	9.12E-02	1.00E+00	1.00E+00	1.94E+00	3.10E+00	6	436	3.95E-02	1.38E-02	chr11_101964638_101965429,chr11_96352608_96353722,chr12_16589553_16589895,chr12_16590033_16592004,chr13_53471407_53472168,chr5_135790394_135790983,chr8_84660555_84662042	Cacna1a,Hoxb1,Lpin1,Mdh2,Sost,Sptlc1
Human Phenotype	HP:0002077	Migraine with aura	285	3.52E-02	1.00E+00	8.12E-01	2.79E+01	3.59E-02	1	3.66E-04	1.02E-02	199	2.81E-02	1.00E+00	9.28E-01	3.52E+01	2.84E-02	1	4	6.58E-03	2.50E-01	chr8_84660555_84662042	Cacna1a
Human Phenotype	HP:0002162	Low posterior hairline	286	3.61E-02	1.00E+00	8.29E-01	6.73E+00	2.97E-01	2	3.03E-03	2.04E-02	192	2.42E-02	1.00E+00	8.30E-01	8.28E+00	2.42E-01	2	34	1.32E-02	5.88E-02	chr11_101964638_101965429,chr13_40727364_40730800	Meox1,Tfap2a
Human Phenotype	HP:0001339	Lissencephaly	287	3.64E-02	1.00E+00	8.34E-01	6.69E+00	2.99E-01	2	3.05E-03	2.04E-02	677	2.21E-01	1.00E+00	1.00E+00	4.02E+00	2.49E-01	1	35	6.58E-03	2.86E-02	chr10_80054157_80054700,chr10_80055087_80056206	Gpx4
Human Phenotype	HP:0000738	Hallucinations	288	3.73E-02	1.00E+00	8.50E-01	6.61E+00	3.03E-01	2	3.09E-03	2.04E-02	184	2.16E-02	1.00E+00	7.72E-01	8.80E+00	2.27E-01	2	32	1.32E-02	6.25E-02	chr6_60830285_60830625,chr8_84660555_84662042	Cacna1a,Snca
Human Phenotype	HP:0011805	Abnormality of muscle morphology	289	3.73E-02	1.00E+00	8.48E-01	1.91E+00	5.25E+00	10	5.36E-02	1.02E-01	295	4.70E-02	1.00E+00	1.00E+00	1.91E+00	4.70E+00	9	662	5.92E-02	1.36E-02	chr12_16589553_16589895,chr12_16590033_16592004,chr13_40727364_40730800,chr13_53471407_53472168,chr14_46387358_46388080,chr16_5254419_5255117,chr4_133755923_133757903,chr5_135790394_135790983,chr8_124946584_124947555,chr8_84660555_84662042	Alg1,Arid1a,Bmp4,Cacna1a,Lpin1,Mdh2,Sprtn,Sptlc1,Tfap2a
Human Phenotype	HP:0003498	Disproportionate short stature	290	3.77E-02	1.00E+00	8.55E-01	4.09E+00	7.33E-01	3	7.48E-03	3.06E-02	450	9.73E-02	1.00E+00	1.00E+00	3.80E+00	5.26E-01	2	74	1.32E-02	2.70E-02	chr10_80054157_80054700,chr10_80055087_80056206,chr7_126781249_126781424	Gpx4,Tbx6
Human Phenotype	HP:0000290	Abnormality of the forehead	291	3.90E-02	1.00E+00	8.80E-01	1.98E+00	4.56E+00	9	4.65E-02	9.18E-02	194	2.53E-02	1.00E+00	8.57E-01	2.44E+00	2.86E+00	7	403	4.61E-02	1.74E-02	chr11_101964638_101965429,chr13_40727364_40730800,chr13_53471407_53472168,chr13_53472662_53473247,chr13_63563733_63564766,chr13_63566316_63566849,chr14_46387358_46388080,chr4_133755923_133757903,chr8_124946584_124947555	Arid1a,Bmp4,Msx2,Ptch1,Sost,Sprtn,Tfap2a
Human Phenotype	HP:0007670	Abnormal vestibulo-ocular reflex	292	3.95E-02	1.00E+00	8.88E-01	2.48E+01	4.03E-02	1	4.11E-04	1.02E-02	154	2.12E-02	1.00E+00	9.03E-01	4.69E+01	2.13E-02	1	3	6.58E-03	3.33E-01	chr8_84660555_84662042	Cacna1a
Human Phenotype	HP:0002084	Encephalocele	293	3.97E-02	1.00E+00	8.91E-01	6.38E+00	3.14E-01	2	3.20E-03	2.04E-02	677	2.21E-01	1.00E+00	1.00E+00	4.02E+00	2.49E-01	1	35	6.58E-03	2.86E-02	chr13_53471407_53472168,chr13_53472662_53473247	Msx2
Human Phenotype	HP:0100258	Preaxial polydactyly	294	4.05E-02	1.00E+00	9.04E-01	6.31E+00	3.17E-01	2	3.23E-03	2.04E-02	129	1.46E-02	1.00E+00	7.42E-01	1.08E+01	1.85E-01	2	26	1.32E-02	7.69E-02	chr13_40727364_40730800,chr14_46387358_46388080	Bmp4,Tfap2a
Human Phenotype	HP:0007159	Fluctuations in consciousness	295	4.11E-02	1.00E+00	9.16E-01	2.38E+01	4.20E-02	1	4.29E-04	1.02E-02	101	1.42E-02	1.00E+00	9.21E-01	7.04E+01	1.42E-02	1	2	6.58E-03	5.00E-01	chr6_60830285_60830625	Snca
Human Phenotype	HP:0001293	Cranial nerve compression	296	4.13E-02	1.00E+00	9.15E-01	2.37E+01	4.21E-02	1	4.30E-04	1.02E-02	296	4.87E-02	1.00E+00	1.00E+00	2.01E+01	4.97E-02	1	7	6.58E-03	1.43E-01	chr11_101964638_101965429	Sost
Human Phenotype	HP:0000081	Duplicated collecting system	297	4.13E-02	1.00E+00	9.14E-01	2.37E+01	4.22E-02	1	4.31E-04	1.02E-02	296	4.87E-02	1.00E+00	1.00E+00	2.01E+01	4.97E-02	1	7	6.58E-03	1.43E-01	chr13_63563733_63564766	Fancc
Human Phenotype	HP:0010929	Abnormality of cation homeostasis	298	4.14E-02	1.00E+00	9.13E-01	3.94E+00	7.62E-01	3	7.77E-03	3.06E-02	653	2.05E-01	1.00E+00	1.00E+00	2.39E+00	8.38E-01	2	118	1.32E-02	1.69E-02	chr12_16589553_16589895,chr12_16590033_16592004,chr6_118758397_118758711	Cacna1c,Lpin1
Human Phenotype	HP:0001367	Abnormal joint morphology	299	4.26E-02	1.00E+00	9.35E-01	1.80E+00	6.13E+00	11	6.25E-02	1.12E-01	292	4.56E-02	1.00E+00	1.00E+00	1.93E+00	4.67E+00	9	658	5.92E-02	1.37E-02	chr10_80054157_80054700,chr10_80055087_80056206,chr11_101964638_101965429,chr13_40727364_40730800,chr13_63563733_63564766,chr13_63566316_63566849,chr14_46387358_46388080,chr16_5254419_5255117,chr7_126781249_126781424,chr8_124946584_124947555,chr8_84660555_84662042	Alg1,Bmp4,Cacna1a,Gpx4,Meox1,Ptch1,Sprtn,Tbx6,Tfap2a
Human Phenotype	HP:0010651	Abnormality of the meninges	300	4.27E-02	1.00E+00	9.35E-01	6.13E+00	3.26E-01	2	3.33E-03	2.04E-02	650	2.04E-01	1.00E+00	1.00E+00	4.40E+00	2.27E-01	1	32	6.58E-03	3.13E-02	chr13_63563733_63564766,chr13_63566316_63566849	Ptch1
Human Phenotype	HP:0004334	Dermal atrophy	301	4.29E-02	1.00E+00	9.37E-01	6.11E+00	3.27E-01	2	3.34E-03	2.04E-02	263	3.91E-02	1.00E+00	9.75E-01	6.40E+00	3.13E-01	2	44	1.32E-02	4.55E-02	chr11_100206147_100206767,chr13_40727364_40730800	Krt14,Tfap2a
Human Phenotype	HP:0100871	Abnormality of the palm	302	4.31E-02	1.00E+00	9.37E-01	2.62E+00	1.91E+00	5	1.95E-02	5.10E-02	40	5.76E-03	1.00E+00	9.46E-01	4.40E+00	1.14E+00	5	160	3.29E-02	3.13E-02	chr11_100206147_100206767,chr13_40727364_40730800,chr13_63563733_63564766,chr13_63566316_63566849,chr14_46387358_46388080	Bmp4,Krt14,Krt9,Ptch1,Tfap2a
Human Phenotype	HP:0011844	Abnormal appendicular skeleton morphology	303	4.34E-02	1.00E+00	9.42E-01	1.69E+00	7.70E+00	13	7.86E-02	1.33E-01	183	2.12E-02	1.00E+00	7.61E-01	2.02E+00	5.45E+00	11	767	7.24E-02	1.43E-02	chr10_80054157_80054700,chr10_80055087_80056206,chr11_101964638_101965429,chr13_40727364_40730800,chr13_53471407_53472168,chr13_53472662_53473247,chr13_63563733_63564766,chr13_63566316_63566849,chr14_46387358_46388080,chr4_133755923_133757903,chr6_118758397_118758711,chr7_100372146_100372354,chr8_124946584_124947555	Arid1a,Bmp4,C2cd3,Cacna1c,Fancc,Gpx4,Msx2,Ptch1,Sost,Sprtn,Tfap2a
Human Phenotype	HP:0003418	Back pain	304	4.35E-02	1.00E+00	9.39E-01	2.25E+01	4.44E-02	1	4.53E-04	1.02E-02	340	6.22E-02	1.00E+00	1.00E+00	1.56E+01	6.39E-02	1	9	6.58E-03	1.11E-01	chr7_126781249_126781424	Tbx6
Human Phenotype	HP:0005916	Abnormal metacarpal morphology	305	4.36E-02	1.00E+00	9.40E-01	3.04E+00	1.32E+00	4	1.34E-02	4.08E-02	542	1.34E-01	1.00E+00	1.00E+00	3.13E+00	6.39E-01	2	90	1.32E-02	2.22E-02	chr10_80054157_80054700,chr10_80055087_80056206,chr13_63563733_63564766,chr13_63566316_63566849	Gpx4,Ptch1
Human Phenotype	HP:0009943	Complete duplication of thumb phalanx	306	4.41E-02	1.00E+00	9.46E-01	2.22E+01	4.51E-02	1	4.60E-04	1.02E-02	271	4.19E-02	1.00E+00	1.00E+00	2.35E+01	4.26E-02	1	6	6.58E-03	1.67E-01	chr13_63563733_63564766	Fancc
Human Phenotype	HP:0002817	Abnormality of the upper limb	307	4.42E-02	1.00E+00	9.46E-01	1.73E+00	6.94E+00	12	7.08E-02	1.22E-01	77	9.11E-03	1.00E+00	7.77E-01	2.29E+00	4.81E+00	11	677	7.24E-02	1.62E-02	chr10_80054157_80054700,chr10_80055087_80056206,chr11_100206147_100206767,chr11_101964638_101965429,chr13_40727364_40730800,chr13_53471407_53472168,chr13_53472662_53473247,chr13_63563733_63564766,chr13_63566316_63566849,chr14_46387358_46388080,chr4_133755923_133757903,chr8_124946584_124947555	Arid1a,Bmp4,Fancc,Gpx4,Krt14,Krt9,Msx2,Ptch1,Sost,Sprtn,Tfap2a
Human Phenotype	HP:0000894	Short clavicles	308	4.45E-02	1.00E+00	9.50E-01	5.99E+00	3.34E-01	2	3.41E-03	2.04E-02	546	1.39E-01	1.00E+00	1.00E+00	6.70E+00	1.49E-01	1	21	6.58E-03	4.76E-02	chr13_53471407_53472168,chr13_53472662_53473247	Msx2
Human Phenotype	HP:0002987	Elbow flexion contracture	309	4.46E-02	1.00E+00	9.48E-01	5.98E+00	3.34E-01	2	3.41E-03	2.04E-02	258	3.59E-02	1.00E+00	9.13E-01	6.70E+00	2.98E-01	2	42	1.32E-02	4.76E-02	chr13_40727364_40730800,chr8_124946584_124947555	Sprtn,Tfap2a
Human Phenotype	HP:0001425	Heterogeneous	310	4.47E-02	1.00E+00	9.47E-01	2.59E+00	1.93E+00	5	1.97E-02	5.10E-02	692	2.32E-01	1.00E+00	1.00E+00	1.80E+00	1.66E+00	3	234	1.97E-02	1.28E-02	chr13_53471407_53472168,chr13_53472662_53473247,chr13_63563733_63564766,chr13_63566316_63566849,chr8_84660555_84662042	Cacna1a,Msx2,Ptch1
Human Phenotype	HP:0010930	Abnormality of monovalent inorganic cation homeostasis	311	4.49E-02	1.00E+00	9.48E-01	5.96E+00	3.36E-01	2	3.42E-03	2.04E-02	759	2.80E-01	1.00E+00	1.00E+00	3.06E+00	3.27E-01	1	46	6.58E-03	2.17E-02	chr12_16589553_16589895,chr12_16590033_16592004	Lpin1
Human Phenotype	HP:0002317	Unsteady gait	312	4.51E-02	1.00E+00	9.50E-01	5.94E+00	3.36E-01	2	3.43E-03	2.04E-02	742	2.70E-01	1.00E+00	1.00E+00	3.20E+00	3.13E-01	1	44	6.58E-03	2.27E-02	chr8_26117824_26118019,chr8_26118257_26118822	Rnf170
Human Phenotype	HP:0005465	Facial hyperostosis	313	4.56E-02	1.00E+00	9.58E-01	2.14E+01	4.67E-02	1	4.77E-04	1.02E-02	154	2.12E-02	1.00E+00	9.03E-01	4.69E+01	2.13E-02	1	3	6.58E-03	3.33E-01	chr11_101964638_101965429	Sost
Human Phenotype	HP:0000277	Abnormality of the mandible	314	4.59E-02	1.00E+00	9.61E-01	2.01E+00	3.97E+00	8	4.05E-02	8.16E-02	191	2.41E-02	1.00E+00	8.30E-01	2.47E+00	2.83E+00	7	399	4.61E-02	1.75E-02	chr11_101964638_101965429,chr11_96352608_96353722,chr13_40727364_40730800,chr13_63563733_63564766,chr13_63566316_63566849,chr14_46387358_46388080,chr16_5254419_5255117,chr8_124946584_124947555	Alg1,Bmp4,Hoxb1,Ptch1,Sost,Sprtn,Tfap2a
Human Phenotype	HP:0003326	Myalgia	315	4.60E-02	1.00E+00	9.58E-01	5.88E+00	3.40E-01	2	3.47E-03	2.04E-02	742	2.70E-01	1.00E+00	1.00E+00	3.20E+00	3.13E-01	1	44	6.58E-03	2.27E-02	chr12_16589553_16589895,chr12_16590033_16592004	Lpin1
Human Phenotype	HP:0100037	Abnormality of the scalp hair	316	4.63E-02	1.00E+00	9.62E-01	2.98E+00	1.34E+00	4	1.37E-02	4.08E-02	81	9.48E-03	1.00E+00	7.69E-01	4.85E+00	8.24E-01	4	116	2.63E-02	3.45E-02	chr11_100206147_100206767,chr11_101964638_101965429,chr13_40727364_40730800,chr4_133755923_133757903	Arid1a,Krt14,Meox1,Tfap2a
Human Phenotype	HP:0001965	Abnormality of the scalp	317	4.73E-02	1.00E+00	9.81E-01	2.96E+00	1.35E+00	4	1.38E-02	4.08E-02	86	1.01E-02	1.00E+00	7.68E-01	4.77E+00	8.38E-01	4	118	2.63E-02	3.39E-02	chr11_100206147_100206767,chr11_101964638_101965429,chr13_40727364_40730800,chr4_133755923_133757903	Arid1a,Krt14,Meox1,Tfap2a
Human Phenotype	HP:0003676	Progressive	318	4.75E-02	1.00E+00	9.80E-01	2.95E+00	1.35E+00	4	1.38E-02	4.08E-02	350	6.30E-02	1.00E+00	1.00E+00	2.68E+00	1.49E+00	4	210	2.63E-02	1.90E-02	chr11_101964638_101965429,chr11_103697567_103698192,chr6_60830285_60830625,chr8_84660555_84662042	Cacna1a,Gosr2,Snca,Sost
Human Phenotype	HP:0006753	Neoplasm of the stomach	319	4.77E-02	1.00E+00	9.83E-01	5.76E+00	3.47E-01	2	3.54E-03	2.04E-02	620	1.87E-01	1.00E+00	1.00E+00	4.85E+00	2.06E-01	1	29	6.58E-03	3.45E-02	chr13_63563733_63564766,chr13_63566316_63566849	Ptch1
Human Phenotype	HP:0000303	Mandibular prognathia	320	4.79E-02	1.00E+00	9.83E-01	3.71E+00	8.08E-01	3	8.25E-03	3.06E-02	484	1.11E-01	1.00E+00	1.00E+00	3.52E+00	5.68E-01	2	80	1.32E-02	2.50E-02	chr11_101964638_101965429,chr13_63563733_63564766,chr13_63566316_63566849	Ptch1,Sost
Human Phenotype	HP:0008551	Microtia	321	4.80E-02	1.00E+00	9.83E-01	3.71E+00	8.09E-01	3	8.26E-03	3.06E-02	355	6.79E-02	1.00E+00	1.00E+00	4.69E+00	4.26E-01	2	60	1.32E-02	3.33E-02	chr13_40727364_40730800,chr13_53471407_53472168,chr13_53472662_53473247	Msx2,Tfap2a
Human Phenotype	HP:0003596	Middle age onset	322	4.80E-02	1.00E+00	9.80E-01	2.03E+01	4.92E-02	1	5.02E-04	1.02E-02	199	2.81E-02	1.00E+00	9.28E-01	3.52E+01	2.84E-02	1	4	6.58E-03	2.50E-01	chr6_60830285_60830625	Snca
Human Phenotype	HP:0008772	Aplasia/Hypoplasia of the external ear	323	4.83E-02	1.00E+00	9.83E-01	3.70E+00	8.11E-01	3	8.28E-03	3.06E-02	372	6.99E-02	1.00E+00	1.00E+00	4.61E+00	4.33E-01	2	61	1.32E-02	3.28E-02	chr13_40727364_40730800,chr13_53471407_53472168,chr13_53472662_53473247	Msx2,Tfap2a
Human Phenotype	HP:0003642	Type I transferrin isoform profile	324	4.84E-02	1.00E+00	9.82E-01	2.02E+01	4.96E-02	1	5.06E-04	1.02E-02	438	9.50E-02	1.00E+00	1.00E+00	1.01E+01	9.95E-02	1	14	6.58E-03	7.14E-02	chr16_5254419_5255117	Alg1
Human Phenotype	HP:0004602	Cervical C2/C3 vertebral fusion	325	4.91E-02	1.00E+00	9.92E-01	1.99E+01	5.03E-02	1	5.14E-04	1.02E-02	154	2.12E-02	1.00E+00	9.03E-01	4.69E+01	2.13E-02	1	3	6.58E-03	3.33E-01	chr11_101964638_101965429	Meox1
Human Phenotype	HP:0010785	Gonadal neoplasm	326	4.93E-02	1.00E+00	9.94E-01	5.65E+00	3.54E-01	2	3.61E-03	2.04E-02	597	1.69E-01	1.00E+00	1.00E+00	5.41E+00	1.85E-01	1	26	6.58E-03	3.85E-02	chr13_63563733_63564766,chr13_63566316_63566849	Ptch1
Human Phenotype	HP:0008771	Aplasia/Hypoplasia of the ear	327	5.02E-02	1.00E+00	1.00E+00	3.64E+00	8.24E-01	3	8.41E-03	3.06E-02	376	7.19E-02	1.00E+00	1.00E+00	4.54E+00	4.40E-01	2	62	1.32E-02	3.23E-02	chr13_40727364_40730800,chr13_53471407_53472168,chr13_53472662_53473247	Msx2,Tfap2a
Human Phenotype	HP:0000309	Abnormality of the midface	328	5.06E-02	1.00E+00	1.00E+00	2.26E+00	2.65E+00	6	2.71E-02	6.12E-02	188	2.32E-02	1.00E+00	8.11E-01	3.10E+00	1.61E+00	5	227	3.29E-02	2.20E-02	chr11_101964638_101965429,chr11_96352608_96353722,chr13_40727364_40730800,chr13_63563733_63564766,chr13_63566316_63566849,chr14_46387358_46388080	Bmp4,Hoxb1,Ptch1,Sost,Tfap2a
Human Phenotype	HP:0006710	Aplasia/Hypoplasia of the clavicles	329	5.07E-02	1.00E+00	1.00E+00	5.57E+00	3.59E-01	2	3.67E-03	2.04E-02	573	1.51E-01	1.00E+00	1.00E+00	6.12E+00	1.63E-01	1	23	6.58E-03	4.35E-02	chr13_53471407_53472168,chr13_53472662_53473247	Msx2
Human Phenotype	HP:0000980	Pallor	330	5.08E-02	1.00E+00	1.00E+00	1.92E+01	5.22E-02	1	5.32E-04	1.02E-02	393	8.20E-02	1.00E+00	1.00E+00	1.17E+01	8.53E-02	1	12	6.58E-03	8.33E-02	chr13_63563733_63564766	Fancc
Human Phenotype	HP:0000177	Abnormality of upper lip	331	5.14E-02	1.00E+00	1.00E+00	1.97E+00	4.07E+00	8	4.15E-02	8.16E-02	265	3.92E-02	1.00E+00	9.71E-01	2.41E+00	2.49E+00	6	350	3.95E-02	1.71E-02	chr11_101964638_101965429,chr11_96352608_96353722,chr13_40727364_40730800,chr13_53471407_53472168,chr13_53472662_53473247,chr13_63563733_63564766,chr13_63566316_63566849,chr6_118758397_118758711	Cacna1c,Hoxb1,Meox1,Msx2,Ptch1,Tfap2a
Human Phenotype	HP:0007378	Neoplasm of the gastrointestinal tract	332	5.16E-02	1.00E+00	1.00E+00	3.60E+00	8.34E-01	3	8.51E-03	3.06E-02	465	1.02E-01	1.00E+00	1.00E+00	3.70E+00	5.40E-01	2	76	1.32E-02	2.63E-02	chr13_63563733_63564766,chr13_63566316_63566849,chr8_124946584_124947555	Ptch1,Sprtn
Human Phenotype	HP:0002293	Alopecia of scalp	333	5.16E-02	1.00E+00	1.00E+00	1.89E+01	5.30E-02	1	5.41E-04	1.02E-02	296	4.87E-02	1.00E+00	1.00E+00	2.01E+01	4.97E-02	1	7	6.58E-03	1.43E-01	chr11_100206147_100206767	Krt14
Human Phenotype	HP:0000436	Abnormality of the nasal tip	334	5.17E-02	1.00E+00	1.00E+00	2.87E+00	1.39E+00	4	1.42E-02	4.08E-02	310	5.20E-02	1.00E+00	1.00E+00	3.58E+00	8.38E-01	3	118	1.97E-02	2.54E-02	chr13_40727364_40730800,chr13_63563733_63564766,chr13_63566316_63566849,chr8_124946584_124947555	Ptch1,Sprtn,Tfap2a
Human Phenotype	HP:0003221	Chromosomal breakage induced by crosslinking agents	335	5.25E-02	1.00E+00	1.00E+00	1.85E+01	5.39E-02	1	5.50E-04	1.02E-02	315	5.55E-02	1.00E+00	1.00E+00	1.76E+01	5.68E-02	1	8	6.58E-03	1.25E-01	chr13_63563733_63564766	Fancc
Human Phenotype	HP:0001163	Abnormality of the metacarpal bones	336	5.26E-02	1.00E+00	1.00E+00	2.85E+00	1.40E+00	4	1.43E-02	4.08E-02	581	1.56E-01	1.00E+00	1.00E+00	2.84E+00	7.03E-01	2	99	1.32E-02	2.02E-02	chr10_80054157_80054700,chr10_80055087_80056206,chr13_63563733_63564766,chr13_63566316_63566849	Gpx4,Ptch1
Human Phenotype	HP:0010609	Skin tags	337	5.28E-02	1.00E+00	1.00E+00	5.44E+00	3.68E-01	2	3.75E-03	2.04E-02	656	2.10E-01	1.00E+00	1.00E+00	4.27E+00	2.34E-01	1	33	6.58E-03	3.03E-02	chr13_63563733_63564766,chr13_63566316_63566849	Ptch1
Human Phenotype	HP:0000973	Cutis laxa	338	5.28E-02	1.00E+00	1.00E+00	5.44E+00	3.68E-01	2	3.75E-03	2.04E-02	739	2.64E-01	1.00E+00	1.00E+00	3.27E+00	3.05E-01	1	43	6.58E-03	2.33E-02	chr10_80054157_80054700,chr10_80055087_80056206	Gpx4
Human Phenotype	HP:0001155	Abnormality of the hand	339	5.29E-02	1.00E+00	1.00E+00	1.73E+00	6.36E+00	11	6.49E-02	1.12E-01	92	1.22E-02	1.00E+00	8.73E-01	2.30E+00	4.35E+00	10	612	6.58E-02	1.63E-02	chr10_80054157_80054700,chr10_80055087_80056206,chr11_100206147_100206767,chr11_101964638_101965429,chr13_40727364_40730800,chr13_53471407_53472168,chr13_53472662_53473247,chr13_63563733_63564766,chr13_63566316_63566849,chr14_46387358_46388080,chr4_133755923_133757903	Arid1a,Bmp4,Fancc,Gpx4,Krt14,Krt9,Msx2,Ptch1,Sost,Tfap2a
Human Phenotype	HP:0002813	Abnormality of limb bone morphology	340	5.38E-02	1.00E+00	1.00E+00	1.68E+00	7.16E+00	12	7.31E-02	1.22E-01	228	2.97E-02	1.00E+00	8.57E-01	1.99E+00	5.02E+00	10	707	6.58E-02	1.41E-02	chr10_80054157_80054700,chr10_80055087_80056206,chr11_101964638_101965429,chr13_40727364_40730800,chr13_53471407_53472168,chr13_53472662_53473247,chr13_63563733_63564766,chr13_63566316_63566849,chr14_46387358_46388080,chr4_133755923_133757903,chr6_118758397_118758711,chr7_100372146_100372354	Arid1a,Bmp4,C2cd3,Cacna1c,Fancc,Gpx4,Msx2,Ptch1,Sost,Tfap2a
Human Phenotype	HP:0005920	Abnormality of the epiphyses of the phalanges of the hand	341	5.39E-02	1.00E+00	1.00E+00	5.37E+00	3.72E-01	2	3.80E-03	2.04E-02	613	1.81E-01	1.00E+00	1.00E+00	5.03E+00	1.99E-01	1	28	6.58E-03	3.57E-02	chr10_80054157_80054700,chr10_80055087_80056206	Gpx4
Human Phenotype	HP:0001273	Abnormality of the corpus callosum	342	5.45E-02	1.00E+00	1.00E+00	2.22E+00	2.70E+00	6	2.76E-02	6.12E-02	338	6.18E-02	1.00E+00	1.00E+00	2.36E+00	2.12E+00	5	298	3.29E-02	1.68E-02	chr13_63563733_63564766,chr13_63566316_63566849,chr14_46387358_46388080,chr4_133755923_133757903,chr5_135790394_135790983,chr7_100372146_100372354	Arid1a,Bmp4,C2cd3,Mdh2,Ptch1
Human Phenotype	HP:0011729	Abnormality of joint mobility	343	5.45E-02	1.00E+00	1.00E+00	1.85E+00	4.86E+00	9	4.96E-02	9.18E-02	222	2.87E-02	1.00E+00	8.48E-01	2.22E+00	3.60E+00	8	507	5.26E-02	1.58E-02	chr11_101964638_101965429,chr13_40727364_40730800,chr13_63563733_63564766,chr13_63566316_63566849,chr14_46387358_46388080,chr16_5254419_5255117,chr7_126781249_126781424,chr8_124946584_124947555,chr8_84660555_84662042	Alg1,Bmp4,Cacna1a,Meox1,Ptch1,Sprtn,Tbx6,Tfap2a
Human Phenotype	HP:0000174	Abnormality of the palate	344	5.60E-02	1.00E+00	1.00E+00	1.93E+00	4.14E+00	8	4.23E-02	8.16E-02	379	7.41E-02	1.00E+00	1.00E+00	2.05E+00	2.93E+00	6	412	3.95E-02	1.46E-02	chr11_101964638_101965429,chr13_40727364_40730800,chr13_53471407_53472168,chr13_53472662_53473247,chr13_63563733_63564766,chr13_63566316_63566849,chr14_46387358_46388080,chr7_100372146_100372354	Bmp4,C2cd3,Meox1,Msx2,Ptch1,Tfap2a
Human Phenotype	HP:0004493	Craniofacial hyperostosis	345	5.62E-02	1.00E+00	1.00E+00	1.73E+01	5.78E-02	1	5.90E-04	1.02E-02	199	2.81E-02	1.00E+00	9.28E-01	3.52E+01	2.84E-02	1	4	6.58E-03	2.50E-01	chr11_101964638_101965429	Sost
Human Phenotype	HP:0002514	Cerebral calcification	346	5.63E-02	1.00E+00	1.00E+00	5.25E+00	3.81E-01	2	3.89E-03	2.04E-02	784	2.95E-01	1.00E+00	1.00E+00	2.87E+00	3.48E-01	1	49	6.58E-03	2.04E-02	chr13_63563733_63564766,chr13_63566316_63566849	Ptch1
Human Phenotype	HP:0000782	Abnormality of the scapula	347	5.63E-02	1.00E+00	1.00E+00	3.47E+00	8.64E-01	3	8.82E-03	3.06E-02	90	1.16E-02	1.00E+00	8.47E-01	6.40E+00	4.69E-01	3	66	1.97E-02	4.55E-02	chr11_101964638_101965429,chr13_63563733_63564766,chr13_63566316_63566849	Meox1,Ptch1,Sost
Human Phenotype	HP:0030791	Abnormal jaw morphology	348	5.65E-02	1.00E+00	1.00E+00	1.93E+00	4.15E+00	8	4.23E-02	8.16E-02	226	2.94E-02	1.00E+00	8.54E-01	2.37E+00	2.96E+00	7	416	4.61E-02	1.68E-02	chr11_101964638_101965429,chr11_96352608_96353722,chr13_40727364_40730800,chr13_63563733_63564766,chr13_63566316_63566849,chr14_46387358_46388080,chr16_5254419_5255117,chr8_124946584_124947555	Alg1,Bmp4,Hoxb1,Ptch1,Sost,Sprtn,Tfap2a
Human Phenotype	HP:0001802	Absent toenail	349	5.67E-02	1.00E+00	1.00E+00	1.71E+01	5.84E-02	1	5.96E-04	1.02E-02	237	3.50E-02	1.00E+00	9.71E-01	2.82E+01	3.55E-02	1	5	6.58E-03	2.00E-01	chr4_133755923_133757903	Arid1a
Human Phenotype	HP:0003034	Diaphyseal sclerosis	350	5.67E-02	1.00E+00	1.00E+00	1.71E+01	5.84E-02	1	5.96E-04	1.02E-02	199	2.81E-02	1.00E+00	9.28E-01	3.52E+01	2.84E-02	1	4	6.58E-03	2.50E-01	chr11_101964638_101965429	Sost
Human Phenotype	HP:0002334	Abnormality of the cerebellar vermis	351	5.71E-02	1.00E+00	1.00E+00	3.45E+00	8.69E-01	3	8.87E-03	3.06E-02	223	2.87E-02	1.00E+00	8.45E-01	4.54E+00	6.61E-01	3	93	1.97E-02	3.23E-02	chr13_40727364_40730800,chr14_46387358_46388080,chr8_84660555_84662042	Bmp4,Cacna1a,Tfap2a
Human Phenotype	HP:0001790	Nonimmune hydrops fetalis	352	5.77E-02	1.00E+00	1.00E+00	1.68E+01	5.94E-02	1	6.06E-04	1.02E-02	357	6.88E-02	1.00E+00	1.00E+00	1.41E+01	7.10E-02	1	10	6.58E-03	1.00E-01	chr16_5254419_5255117	Alg1
Human Phenotype	HP:0007068	Inferior vermis hypoplasia	353	5.78E-02	1.00E+00	1.00E+00	1.68E+01	5.95E-02	1	6.07E-04	1.02E-02	199	2.81E-02	1.00E+00	9.28E-01	3.52E+01	2.84E-02	1	4	6.58E-03	2.50E-01	chr14_46387358_46388080	Bmp4
Human Phenotype	HP:0000568	Microphthalmia	354	5.89E-02	1.00E+00	1.00E+00	2.75E+00	1.46E+00	4	1.49E-02	4.08E-02	97	1.32E-02	1.00E+00	8.97E-01	4.40E+00	9.09E-01	4	128	2.63E-02	3.13E-02	chr13_40727364_40730800,chr13_63563733_63564766,chr13_63566316_63566849,chr14_46387358_46388080	Bmp4,Fancc,Ptch1,Tfap2a
Human Phenotype	HP:0002516	Increased intracranial pressure	355	5.92E-02	1.00E+00	1.00E+00	1.64E+01	6.10E-02	1	6.22E-04	1.02E-02	237	3.50E-02	1.00E+00	9.71E-01	2.82E+01	3.55E-02	1	5	6.58E-03	2.00E-01	chr11_101964638_101965429	Sost
Human Phenotype	HP:0011120	Concave nasal ridge	356	5.95E-02	1.00E+00	1.00E+00	1.63E+01	6.13E-02	1	6.25E-04	1.02E-02	296	4.87E-02	1.00E+00	1.00E+00	2.01E+01	4.97E-02	1	7	6.58E-03	1.43E-01	chr11_101964638_101965429	Sost
Human Phenotype	HP:0001805	Thick nail	357	5.98E-02	1.00E+00	1.00E+00	1.62E+01	6.17E-02	1	6.29E-04	1.02E-02	357	6.88E-02	1.00E+00	1.00E+00	1.41E+01	7.10E-02	1	10	6.58E-03	1.00E-01	chr11_100206147_100206767	Krt14
Human Phenotype	HP:0000925	Abnormality of the vertebral column	358	6.05E-02	1.00E+00	1.00E+00	1.75E+00	5.73E+00	10	5.84E-02	1.02E-01	195	2.55E-02	1.00E+00	8.60E-01	2.14E+00	4.20E+00	9	591	5.92E-02	1.52E-02	chr10_80054157_80054700,chr10_80055087_80056206,chr11_101964638_101965429,chr11_103697567_103698192,chr13_40727364_40730800,chr13_63563733_63564766,chr13_63566316_63566849,chr14_46387358_46388080,chr7_126781249_126781424,chr8_124946584_124947555	Bmp4,Gosr2,Gpx4,Meox1,Ptch1,Sost,Sprtn,Tbx6,Tfap2a
Human Phenotype	HP:0000466	Limited neck range of motion	359	6.06E-02	1.00E+00	1.00E+00	1.60E+01	6.25E-02	1	6.38E-04	1.02E-02	154	2.12E-02	1.00E+00	9.03E-01	4.69E+01	2.13E-02	1	3	6.58E-03	3.33E-01	chr11_101964638_101965429	Meox1
Human Phenotype	HP:0040068	Abnormality of limb bone	360	6.06E-02	1.00E+00	1.00E+00	1.64E+00	7.30E+00	12	7.45E-02	1.22E-01	234	3.33E-02	1.00E+00	9.36E-01	1.95E+00	5.12E+00	10	721	6.58E-02	1.39E-02	chr10_80054157_80054700,chr10_80055087_80056206,chr11_101964638_101965429,chr13_40727364_40730800,chr13_53471407_53472168,chr13_53472662_53473247,chr13_63563733_63564766,chr13_63566316_63566849,chr14_46387358_46388080,chr4_133755923_133757903,chr6_118758397_118758711,chr7_100372146_100372354	Arid1a,Bmp4,C2cd3,Cacna1c,Fancc,Gpx4,Msx2,Ptch1,Sost,Tfap2a
Human Phenotype	HP:0010579	Cone-shaped epiphysis	361	6.07E-02	1.00E+00	1.00E+00	5.02E+00	3.98E-01	2	4.06E-03	2.04E-02	620	1.87E-01	1.00E+00	1.00E+00	4.85E+00	2.06E-01	1	29	6.58E-03	3.45E-02	chr10_80054157_80054700,chr10_80055087_80056206	Gpx4
Human Phenotype	HP:0006855	Cerebellar vermis atrophy	362	6.08E-02	1.00E+00	1.00E+00	1.60E+01	6.27E-02	1	6.40E-04	1.02E-02	296	4.87E-02	1.00E+00	1.00E+00	2.01E+01	4.97E-02	1	7	6.58E-03	1.43E-01	chr8_84660555_84662042	Cacna1a
Human Phenotype	HP:0003111	Abnormality of ion homeostasis	363	6.11E-02	1.00E+00	1.00E+00	3.36E+00	8.94E-01	3	9.12E-03	3.06E-02	728	2.54E-01	1.00E+00	1.00E+00	2.05E+00	9.73E-01	2	137	1.32E-02	1.46E-02	chr12_16589553_16589895,chr12_16590033_16592004,chr6_118758397_118758711	Cacna1c,Lpin1
Human Phenotype	HP:0008905	Rhizomelia	364	6.18E-02	1.00E+00	1.00E+00	4.97E+00	4.02E-01	2	4.10E-03	2.04E-02	687	2.27E-01	1.00E+00	1.00E+00	3.91E+00	2.56E-01	1	36	6.58E-03	2.78E-02	chr10_80054157_80054700,chr10_80055087_80056206	Gpx4
Human Phenotype	HP:0008066	Abnormal blistering of the skin	365	6.26E-02	1.00E+00	1.00E+00	1.55E+01	6.46E-02	1	6.60E-04	1.02E-02	438	9.50E-02	1.00E+00	1.00E+00	1.01E+01	9.95E-02	1	14	6.58E-03	7.14E-02	chr11_100206147_100206767	Krt14
Human Phenotype	HP:0000651	Diplopia	366	6.27E-02	1.00E+00	1.00E+00	1.55E+01	6.47E-02	1	6.60E-04	1.02E-02	340	6.22E-02	1.00E+00	1.00E+00	1.56E+01	6.39E-02	1	9	6.58E-03	1.11E-01	chr8_84660555_84662042	Cacna1a
Human Phenotype	HP:0002486	Myotonia	367	6.29E-02	1.00E+00	1.00E+00	1.54E+01	6.49E-02	1	6.63E-04	1.02E-02	393	8.20E-02	1.00E+00	1.00E+00	1.17E+01	8.53E-02	1	12	6.58E-03	8.33E-02	chr8_84660555_84662042	Cacna1a
Human Phenotype	HP:0002188	Delayed CNS myelination	368	6.30E-02	1.00E+00	1.00E+00	1.54E+01	6.50E-02	1	6.63E-04	1.02E-02	457	1.01E-01	1.00E+00	1.00E+00	9.38E+00	1.07E-01	1	15	6.58E-03	6.67E-02	chr14_46387358_46388080	Bmp4
Human Phenotype	HP:0002357	Dysphasia	369	6.32E-02	1.00E+00	1.00E+00	1.53E+01	6.52E-02	1	6.66E-04	1.02E-02	296	4.87E-02	1.00E+00	1.00E+00	2.01E+01	4.97E-02	1	7	6.58E-03	1.43E-01	chr8_84660555_84662042	Cacna1a
Human Phenotype	HP:0009997	Duplication of phalanx of hand	370	6.43E-02	1.00E+00	1.00E+00	3.28E+00	9.14E-01	3	9.33E-03	3.06E-02	141	1.75E-02	1.00E+00	8.17E-01	5.48E+00	5.47E-01	3	77	1.97E-02	3.90E-02	chr13_40727364_40730800,chr13_63563733_63564766,chr14_46387358_46388080	Bmp4,Fancc,Tfap2a
Human Phenotype	HP:0000539	Abnormality of refraction	371	6.45E-02	1.00E+00	1.00E+00	2.33E+00	2.14E+00	5	2.19E-02	5.10E-02	354	6.75E-02	1.00E+00	1.00E+00	2.62E+00	1.53E+00	4	215	2.63E-02	1.86E-02	chr13_40727364_40730800,chr13_53471407_53472168,chr13_53472662_53473247,chr14_46387358_46388080,chr4_141326801_141327760	Bmp4,Epha2,Msx2,Tfap2a
Human Phenotype	HP:0000486	Strabismus	372	6.45E-02	1.00E+00	1.00E+00	1.98E+00	3.54E+00	7	3.61E-02	7.14E-02	94	1.23E-02	1.00E+00	8.63E-01	2.83E+00	2.47E+00	7	348	4.61E-02	2.01E-02	chr11_101964638_101965429,chr11_96352608_96353722,chr13_40727364_40730800,chr13_63563733_63564766,chr13_63566316_63566849,chr5_135790394_135790983,chr8_84660555_84662042	Cacna1a,Fancc,Hoxb1,Mdh2,Ptch1,Sost,Tfap2a
Human Phenotype	HP:0011420	Age of death	373	6.47E-02	1.00E+00	1.00E+00	3.27E+00	9.16E-01	3	9.35E-03	3.06E-02	351	6.44E-02	1.00E+00	1.00E+00	3.27E+00	9.16E-01	3	129	1.97E-02	2.33E-02	chr11_101964638_101965429,chr16_5254419_5255117,chr6_118758397_118758711	Alg1,Cacna1c,Sost
Human Phenotype	HP:0009794	Branchial anomaly	374	6.51E-02	1.00E+00	1.00E+00	1.49E+01	6.73E-02	1	6.87E-04	1.02E-02	154	2.12E-02	1.00E+00	9.03E-01	4.69E+01	2.13E-02	1	3	6.58E-03	3.33E-01	chr13_40727364_40730800	Tfap2a
Human Phenotype	HP:0011747	Abnormality of the anterior pituitary	375	6.52E-02	1.00E+00	1.00E+00	3.26E+00	9.19E-01	3	9.38E-03	3.06E-02	413	8.64E-02	1.00E+00	1.00E+00	4.08E+00	4.90E-01	2	69	1.32E-02	2.90E-02	chr13_63563733_63564766,chr13_63566316_63566849,chr14_46387358_46388080	Bmp4,Ptch1
Human Phenotype	HP:0007787	Posterior subcapsular cataract	376	6.53E-02	1.00E+00	1.00E+00	1.48E+01	6.75E-02	1	6.88E-04	1.02E-02	393	8.20E-02	1.00E+00	1.00E+00	1.17E+01	8.53E-02	1	12	6.58E-03	8.33E-02	chr8_124946584_124947555	Sprtn
Human Phenotype	HP:0005927	Aplasia/hypoplasia involving bones of the hand	377	6.55E-02	1.00E+00	1.00E+00	2.12E+00	2.84E+00	6	2.89E-02	6.12E-02	185	2.17E-02	1.00E+00	7.70E-01	3.16E+00	1.58E+00	5	223	3.29E-02	2.24E-02	chr10_80054157_80054700,chr10_80055087_80056206,chr13_40727364_40730800,chr13_63563733_63564766,chr13_63566316_63566849,chr14_46387358_46388080	Bmp4,Fancc,Gpx4,Ptch1,Tfap2a
Human Phenotype	HP:0011999	Paranoia	378	6.60E-02	1.00E+00	1.00E+00	1.47E+01	6.82E-02	1	6.96E-04	1.02E-02	357	6.88E-02	1.00E+00	1.00E+00	1.41E+01	7.10E-02	1	10	6.58E-03	1.00E-01	chr6_60830285_60830625	Snca
Human Phenotype	HP:0000528	Anophthalmia	379	6.62E-02	1.00E+00	1.00E+00	4.78E+00	4.18E-01	2	4.27E-03	2.04E-02	75	8.76E-03	1.00E+00	7.67E-01	1.41E+01	1.42E-01	2	20	1.32E-02	1.00E-01	chr13_40727364_40730800,chr14_46387358_46388080	Bmp4,Tfap2a
Human Phenotype	HP:0002143	Abnormality of the spinal cord	380	6.64E-02	1.00E+00	1.00E+00	3.24E+00	9.26E-01	3	9.45E-03	3.06E-02	569	1.49E-01	1.00E+00	1.00E+00	2.93E+00	6.82E-01	2	96	1.32E-02	2.08E-02	chr13_63563733_63564766,chr13_63566316_63566849,chr7_126781249_126781424	Ptch1,Tbx6
Human Phenotype	HP:0002991	Abnormality of fibula morphology	381	6.67E-02	1.00E+00	1.00E+00	4.76E+00	4.20E-01	2	4.29E-03	2.04E-02	627	1.93E-01	1.00E+00	1.00E+00	4.69E+00	2.13E-01	1	30	6.58E-03	3.33E-02	chr10_80054157_80054700,chr10_80055087_80056206	Gpx4
Human Phenotype	HP:0004275	Duplication of hand bones	382	6.68E-02	1.00E+00	1.00E+00	3.23E+00	9.29E-01	3	9.48E-03	3.06E-02	145	1.81E-02	1.00E+00	8.22E-01	5.41E+00	5.54E-01	3	78	1.97E-02	3.85E-02	chr13_40727364_40730800,chr13_63563733_63564766,chr14_46387358_46388080	Bmp4,Fancc,Tfap2a
Human Phenotype	HP:0000549	Abnormal conjugate eye movement	383	6.80E-02	1.00E+00	1.00E+00	1.96E+00	3.58E+00	7	3.65E-02	7.14E-02	131	1.48E-02	1.00E+00	7.44E-01	2.73E+00	2.56E+00	7	361	4.61E-02	1.94E-02	chr11_101964638_101965429,chr11_96352608_96353722,chr13_40727364_40730800,chr13_63563733_63564766,chr13_63566316_63566849,chr5_135790394_135790983,chr8_84660555_84662042	Cacna1a,Fancc,Hoxb1,Mdh2,Ptch1,Sost,Tfap2a
Human Phenotype	HP:0010297	Bifid tongue	384	6.89E-02	1.00E+00	1.00E+00	1.40E+01	7.14E-02	1	7.28E-04	1.02E-02	237	3.50E-02	1.00E+00	9.71E-01	2.82E+01	3.55E-02	1	5	6.58E-03	2.00E-01	chr7_100372146_100372354	C2cd3
Human Phenotype	HP:0003396	Syringomyelia	385	6.91E-02	1.00E+00	1.00E+00	1.40E+01	7.16E-02	1	7.31E-04	1.02E-02	315	5.55E-02	1.00E+00	1.00E+00	1.76E+01	5.68E-02	1	8	6.58E-03	1.25E-01	chr7_126781249_126781424	Tbx6
Human Phenotype	HP:0003387	Decreased number of large peripheral myelinated nerve fibers	386	6.95E-02	1.00E+00	1.00E+00	1.39E+01	7.21E-02	1	7.35E-04	1.02E-02	340	6.22E-02	1.00E+00	1.00E+00	1.56E+01	6.39E-02	1	9	6.58E-03	1.11E-01	chr13_53471407_53472168	Sptlc1
Human Phenotype	HP:0009553	Abnormality of the hairline	387	6.96E-02	1.00E+00	1.00E+00	3.17E+00	9.45E-01	3	9.64E-03	3.06E-02	151	2.07E-02	1.00E+00	9.00E-01	5.15E+00	5.83E-01	3	82	1.97E-02	3.66E-02	chr11_101964638_101965429,chr13_40727364_40730800,chr4_133755923_133757903	Arid1a,Meox1,Tfap2a
Human Phenotype	HP:0001901	Polycythemia	388	7.03E-02	1.00E+00	1.00E+00	1.37E+01	7.29E-02	1	7.44E-04	1.02E-02	381	7.54E-02	1.00E+00	1.00E+00	1.28E+01	7.81E-02	1	11	6.58E-03	9.09E-02	chr8_124946584_124947555	Egln1
Human Phenotype	HP:0002419	Molar tooth sign on MRI	389	7.04E-02	1.00E+00	1.00E+00	1.37E+01	7.30E-02	1	7.45E-04	1.02E-02	519	1.27E-01	1.00E+00	1.00E+00	7.41E+00	1.35E-01	1	19	6.58E-03	5.26E-02	chr7_100372146_100372354	C2cd3
Human Phenotype	HP:0003743	Genetic anticipation	390	7.08E-02	1.00E+00	1.00E+00	1.36E+01	7.34E-02	1	7.49E-04	1.02E-02	340	6.22E-02	1.00E+00	1.00E+00	1.56E+01	6.39E-02	1	9	6.58E-03	1.11E-01	chr8_84660555_84662042	Cacna1a
Human Phenotype	HP:0002046	Heat intolerance	391	7.18E-02	1.00E+00	1.00E+00	1.34E+01	7.45E-02	1	7.61E-04	1.02E-02	381	7.54E-02	1.00E+00	1.00E+00	1.28E+01	7.81E-02	1	11	6.58E-03	9.09E-02	chr11_100206147_100206767	Krt14
Human Phenotype	HP:0000360	Tinnitus	392	7.23E-02	1.00E+00	1.00E+00	1.33E+01	7.50E-02	1	7.66E-04	1.02E-02	457	1.01E-01	1.00E+00	1.00E+00	9.38E+00	1.07E-01	1	15	6.58E-03	6.67E-02	chr8_84660555_84662042	Cacna1a
Human Phenotype	HP:0011867	Abnormality of the wing of the ilium	393	7.24E-02	1.00E+00	1.00E+00	4.54E+00	4.41E-01	2	4.50E-03	2.04E-02	724	2.54E-01	1.00E+00	1.00E+00	3.43E+00	2.91E-01	1	41	6.58E-03	2.44E-02	chr10_80054157_80054700,chr10_80055087_80056206	Gpx4
Human Phenotype	HP:0003316	Butterfly vertebrae	394	7.24E-02	1.00E+00	1.00E+00	1.33E+01	7.52E-02	1	7.67E-04	1.02E-02	237	3.50E-02	1.00E+00	9.71E-01	2.82E+01	3.55E-02	1	5	6.58E-03	2.00E-01	chr7_126781249_126781424	Tbx6
Human Phenotype	HP:0000518	Cataract	395	7.26E-02	1.00E+00	1.00E+00	2.25E+00	2.22E+00	5	2.27E-02	5.10E-02	485	1.11E-01	1.00E+00	1.00E+00	2.19E+00	1.83E+00	4	257	2.63E-02	1.56E-02	chr13_40727364_40730800,chr13_63563733_63564766,chr13_63566316_63566849,chr4_141326801_141327760,chr8_124946584_124947555	Epha2,Ptch1,Sprtn,Tfap2a
Human Phenotype	HP:0001115	Posterior polar cataract	396	7.29E-02	1.00E+00	1.00E+00	1.32E+01	7.56E-02	1	7.72E-04	1.02E-02	315	5.55E-02	1.00E+00	1.00E+00	1.76E+01	5.68E-02	1	8	6.58E-03	1.25E-01	chr4_141326801_141327760	Epha2
Human Phenotype	HP:0010565	Aplasia/Hypoplasia of the Epiglottis	397	7.32E-02	1.00E+00	1.00E+00	1.32E+01	7.60E-02	1	7.76E-04	1.02E-02	271	4.19E-02	1.00E+00	1.00E+00	2.35E+01	4.26E-02	1	6	6.58E-03	1.67E-01	chr7_100372146_100372354	C2cd3
Human Phenotype	HP:0001349	Facial diplegia	398	7.34E-02	1.00E+00	1.00E+00	1.31E+01	7.62E-02	1	7.77E-04	1.02E-02	393	8.20E-02	1.00E+00	1.00E+00	1.17E+01	8.53E-02	1	12	6.58E-03	8.33E-02	chr11_101964638_101965429	Sost
Human Phenotype	HP:0009832	Abnormality of the distal phalanx of finger	399	7.46E-02	1.00E+00	1.00E+00	3.08E+00	9.73E-01	3	9.93E-03	3.06E-02	411	8.43E-02	1.00E+00	1.00E+00	4.14E+00	4.83E-01	2	68	1.32E-02	2.94E-02	chr13_63563733_63564766,chr13_63566316_63566849,chr4_133755923_133757903	Arid1a,Ptch1
Human Phenotype	HP:0100360	Contractures of the joints of the upper limbs	400	7.47E-02	1.00E+00	1.00E+00	3.08E+00	9.74E-01	3	9.94E-03	3.06E-02	270	4.18E-02	1.00E+00	1.00E+00	3.91E+00	7.67E-01	3	108	1.97E-02	2.78E-02	chr13_40727364_40730800,chr14_46387358_46388080,chr8_124946584_124947555	Bmp4,Sprtn,Tfap2a
Human Phenotype	HP:0005924	Abnormality of the epiphyses of the hand	401	7.50E-02	1.00E+00	1.00E+00	4.45E+00	4.50E-01	2	4.59E-03	2.04E-02	687	2.27E-01	1.00E+00	1.00E+00	3.91E+00	2.56E-01	1	36	6.58E-03	2.78E-02	chr10_80054157_80054700,chr10_80055087_80056206	Gpx4
Human Phenotype	HP:0003680	Nonprogressive	402	7.50E-02	1.00E+00	1.00E+00	1.28E+01	7.80E-02	1	7.96E-04	1.02E-02	457	1.01E-01	1.00E+00	1.00E+00	9.38E+00	1.07E-01	1	15	6.58E-03	6.67E-02	chr11_96352608_96353722	Hoxb1
Human Phenotype	HP:0001218	Autoamputation	403	7.54E-02	1.00E+00	1.00E+00	1.28E+01	7.83E-02	1	7.99E-04	1.02E-02	393	8.20E-02	1.00E+00	1.00E+00	1.17E+01	8.53E-02	1	12	6.58E-03	8.33E-02	chr13_53471407_53472168	Sptlc1
Human Phenotype	HP:0000280	Coarse facial features	404	7.55E-02	1.00E+00	1.00E+00	3.07E+00	9.79E-01	3	9.99E-03	3.06E-02	581	1.56E-01	1.00E+00	1.00E+00	2.84E+00	7.03E-01	2	99	1.32E-02	2.02E-02	chr13_63563733_63564766,chr13_63566316_63566849,chr4_133755923_133757903	Arid1a,Ptch1
Human Phenotype	HP:0100887	Abnormality of globe size	405	7.56E-02	1.00E+00	1.00E+00	2.52E+00	1.59E+00	4	1.62E-02	4.08E-02	146	1.87E-02	1.00E+00	8.41E-01	3.96E+00	1.01E+00	4	142	2.63E-02	2.82E-02	chr13_40727364_40730800,chr13_63563733_63564766,chr13_63566316_63566849,chr14_46387358_46388080	Bmp4,Fancc,Ptch1,Tfap2a
Human Phenotype	HP:0003839	Abnormality of upper limb epiphysis morphology	406	7.65E-02	1.00E+00	1.00E+00	4.39E+00	4.55E-01	2	4.64E-03	2.04E-02	696	2.38E-01	1.00E+00	1.00E+00	3.70E+00	2.70E-01	1	38	6.58E-03	2.63E-02	chr10_80054157_80054700,chr10_80055087_80056206	Gpx4
Human Phenotype	HP:0001850	Abnormality of the tarsal bones	407	7.83E-02	1.00E+00	1.00E+00	4.34E+00	4.61E-01	2	4.70E-03	2.04E-02	818	3.20E-01	1.00E+00	1.00E+00	2.61E+00	3.84E-01	1	54	6.58E-03	1.85E-02	chr10_80054157_80054700,chr10_80055087_80056206	Gpx4
Human Phenotype	HP:0002131	Episodic ataxia	408	7.83E-02	1.00E+00	1.00E+00	1.23E+01	8.16E-02	1	8.32E-04	1.02E-02	340	6.22E-02	1.00E+00	1.00E+00	1.56E+01	6.39E-02	1	9	6.58E-03	1.11E-01	chr8_84660555_84662042	Cacna1a
Human Phenotype	HP:0001896	Reticulocytopenia	409	7.84E-02	1.00E+00	1.00E+00	1.23E+01	8.16E-02	1	8.32E-04	1.02E-02	381	7.54E-02	1.00E+00	1.00E+00	1.28E+01	7.81E-02	1	11	6.58E-03	9.09E-02	chr13_63563733_63564766	Fancc
Human Phenotype	HP:0002943	Thoracic scoliosis	410	7.92E-02	1.00E+00	1.00E+00	1.21E+01	8.25E-02	1	8.42E-04	1.02E-02	357	6.88E-02	1.00E+00	1.00E+00	1.41E+01	7.10E-02	1	10	6.58E-03	1.00E-01	chr8_124946584_124947555	Sprtn
Human Phenotype	HP:0012531	Pain	411	7.93E-02	1.00E+00	1.00E+00	3.00E+00	1.00E+00	3	1.02E-02	3.06E-02	737	2.60E-01	1.00E+00	1.00E+00	2.03E+00	9.88E-01	2	139	1.32E-02	1.44E-02	chr12_16589553_16589895,chr12_16590033_16592004,chr7_126781249_126781424	Lpin1,Tbx6
Human Phenotype	HP:0005483	Abnormality of the epiglottis	412	7.97E-02	1.00E+00	1.00E+00	1.21E+01	8.30E-02	1	8.47E-04	1.02E-02	296	4.87E-02	1.00E+00	1.00E+00	2.01E+01	4.97E-02	1	7	6.58E-03	1.43E-01	chr7_100372146_100372354	C2cd3
Human Phenotype	HP:0010938	Abnormality of the external nose	413	8.01E-02	1.00E+00	1.00E+00	1.88E+00	3.73E+00	7	3.80E-02	7.14E-02	225	2.88E-02	1.00E+00	8.42E-01	2.60E+00	2.31E+00	6	325	3.95E-02	1.85E-02	chr11_101964638_101965429,chr11_96352608_96353722,chr13_40727364_40730800,chr13_63563733_63564766,chr13_63566316_63566849,chr4_133755923_133757903,chr8_124946584_124947555	Arid1a,Hoxb1,Ptch1,Sost,Sprtn,Tfap2a
Human Phenotype	HP:0003165	Elevated circulating parathyroid hormone level	414	8.03E-02	1.00E+00	1.00E+00	1.20E+01	8.36E-02	1	8.54E-04	1.02E-02	315	5.55E-02	1.00E+00	1.00E+00	1.76E+01	5.68E-02	1	8	6.58E-03	1.25E-01	chr11_101964638_101965429	Sost
Human Phenotype	HP:0001152	Saccadic smooth pursuit	415	8.06E-02	1.00E+00	1.00E+00	1.19E+01	8.40E-02	1	8.57E-04	1.02E-02	315	5.55E-02	1.00E+00	1.00E+00	1.76E+01	5.68E-02	1	8	6.58E-03	1.25E-01	chr8_84660555_84662042	Cacna1a
Human Phenotype	HP:0005986	Limitation of neck motion	416	8.09E-02	1.00E+00	1.00E+00	1.19E+01	8.44E-02	1	8.61E-04	1.02E-02	315	5.55E-02	1.00E+00	1.00E+00	1.76E+01	5.68E-02	1	8	6.58E-03	1.25E-01	chr11_101964638_101965429	Meox1
Human Phenotype	HP:0000926	Platyspondyly	417	8.10E-02	1.00E+00	1.00E+00	4.25E+00	4.70E-01	2	4.80E-03	2.04E-02	881	3.76E-01	1.00E+00	1.00E+00	2.13E+00	4.69E-01	1	66	6.58E-03	1.52E-02	chr10_80054157_80054700,chr10_80055087_80056206	Gpx4
Human Phenotype	HP:0002414	Spina bifida	418	8.14E-02	1.00E+00	1.00E+00	4.24E+00	4.72E-01	2	4.81E-03	2.04E-02	711	2.48E-01	1.00E+00	1.00E+00	3.52E+00	2.84E-01	1	40	6.58E-03	2.50E-02	chr13_63563733_63564766,chr13_63566316_63566849	Ptch1
Human Phenotype	HP:0001548	Overgrowth	419	8.19E-02	1.00E+00	1.00E+00	1.17E+01	8.54E-02	1	8.71E-04	1.02E-02	519	1.27E-01	1.00E+00	1.00E+00	7.41E+00	1.35E-01	1	19	6.58E-03	5.26E-02	chr11_101964638_101965429	Sost
Human Phenotype	HP:0001289	Confusion	420	8.23E-02	1.00E+00	1.00E+00	1.16E+01	8.59E-02	1	8.76E-04	1.02E-02	415	8.85E-02	1.00E+00	1.00E+00	1.08E+01	9.24E-02	1	13	6.58E-03	7.69E-02	chr8_84660555_84662042	Cacna1a
Human Phenotype	HP:0010301	Spinal dysraphism	421	8.29E-02	1.00E+00	1.00E+00	4.19E+00	4.77E-01	2	4.87E-03	2.04E-02	732	2.59E-01	1.00E+00	1.00E+00	3.35E+00	2.98E-01	1	42	6.58E-03	2.38E-02	chr13_63563733_63564766,chr13_63566316_63566849	Ptch1
Human Phenotype	HP:0007477	Abnormal dermatoglyphics	422	8.30E-02	1.00E+00	1.00E+00	2.94E+00	1.02E+00	3	1.04E-02	3.06E-02	135	1.64E-02	1.00E+00	7.96E-01	5.63E+00	5.33E-01	3	75	1.97E-02	4.00E-02	chr11_100206147_100206767,chr13_40727364_40730800,chr14_46387358_46388080	Bmp4,Krt14,Tfap2a
Human Phenotype	HP:0003160	Abnormal isoelectric focusing of serum transferrin	423	8.33E-02	1.00E+00	1.00E+00	1.15E+01	8.69E-02	1	8.87E-04	1.02E-02	534	1.33E-01	1.00E+00	1.00E+00	7.04E+00	1.42E-01	1	20	6.58E-03	5.00E-02	chr16_5254419_5255117	Alg1
Human Phenotype	HP:0002652	Skeletal dysplasia	424	8.34E-02	1.00E+00	1.00E+00	4.18E+00	4.79E-01	2	4.88E-03	2.04E-02	801	3.05E-01	1.00E+00	1.00E+00	2.76E+00	3.62E-01	1	51	6.58E-03	1.96E-02	chr10_80054157_80054700,chr10_80055087_80056206	Gpx4
Human Phenotype	HP:0005107	Abnormality of the sacrum	425	8.35E-02	1.00E+00	1.00E+00	4.18E+00	4.79E-01	2	4.89E-03	2.04E-02	705	2.43E-01	1.00E+00	1.00E+00	3.61E+00	2.77E-01	1	39	6.58E-03	2.56E-02	chr10_80054157_80054700,chr10_80055087_80056206	Gpx4
Human Phenotype	HP:0012347	Abnormal protein N-linked glycosylation	426	8.37E-02	1.00E+00	1.00E+00	1.14E+01	8.74E-02	1	8.92E-04	1.02E-02	546	1.39E-01	1.00E+00	1.00E+00	6.70E+00	1.49E-01	1	21	6.58E-03	4.76E-02	chr16_5254419_5255117	Alg1
Human Phenotype	HP:0001269	Hemiparesis	427	8.40E-02	1.00E+00	1.00E+00	1.14E+01	8.77E-02	1	8.95E-04	1.02E-02	471	1.08E-01	1.00E+00	1.00E+00	8.80E+00	1.14E-01	1	16	6.58E-03	6.25E-02	chr8_84660555_84662042	Cacna1a
Human Phenotype	HP:0004742	Abnormality of the renal collecting system	428	8.49E-02	1.00E+00	1.00E+00	1.13E+01	8.87E-02	1	9.05E-04	1.02E-02	340	6.22E-02	1.00E+00	1.00E+00	1.56E+01	6.39E-02	1	9	6.58E-03	1.11E-01	chr13_63563733_63564766	Fancc
Human Phenotype	HP:0003474	Sensory impairment	429	8.54E-02	1.00E+00	1.00E+00	2.91E+00	1.03E+00	3	1.05E-02	3.06E-02	718	2.49E-01	1.00E+00	1.00E+00	2.09E+00	9.59E-01	2	135	1.32E-02	1.48E-02	chr13_53471407_53472168,chr8_26117824_26118019,chr8_26118257_26118822	Rnf170,Sptlc1
Human Phenotype	HP:0006496	Aplasia/hypoplasia involving bones of the upper limbs	430	8.60E-02	1.00E+00	1.00E+00	1.97E+00	3.05E+00	6	3.11E-02	6.12E-02	221	2.86E-02	1.00E+00	8.50E-01	2.93E+00	1.71E+00	5	240	3.29E-02	2.08E-02	chr10_80054157_80054700,chr10_80055087_80056206,chr13_40727364_40730800,chr13_63563733_63564766,chr13_63566316_63566849,chr14_46387358_46388080	Bmp4,Fancc,Gpx4,Ptch1,Tfap2a
Human Phenotype	HP:0000774	Narrow chest	431	8.61E-02	1.00E+00	1.00E+00	4.10E+00	4.88E-01	2	4.98E-03	2.04E-02	807	3.10E-01	1.00E+00	1.00E+00	2.71E+00	3.69E-01	1	52	6.58E-03	1.92E-02	chr10_80054157_80054700,chr10_80055087_80056206	Gpx4
Human Phenotype	HP:0003581	Adult onset	432	8.61E-02	1.00E+00	1.00E+00	2.89E+00	1.04E+00	3	1.06E-02	3.06E-02	661	2.10E-01	1.00E+00	1.00E+00	2.35E+00	8.53E-01	2	120	1.32E-02	1.67E-02	chr6_60830285_60830625,chr8_26117824_26118019,chr8_26118257_26118822	Rnf170,Snca
Human Phenotype	HP:0000464	Abnormality of the neck	433	8.67E-02	1.00E+00	1.00E+00	2.13E+00	2.35E+00	5	2.39E-02	5.10E-02	483	1.09E-01	1.00E+00	1.00E+00	2.21E+00	1.81E+00	4	255	2.63E-02	1.57E-02	chr10_80054157_80054700,chr10_80055087_80056206,chr11_101964638_101965429,chr13_40727364_40730800,chr7_126781249_126781424	Gpx4,Meox1,Tbx6,Tfap2a
Human Phenotype	HP:0000622	Blurred vision	434	8.70E-02	1.00E+00	1.00E+00	1.10E+01	9.10E-02	1	9.28E-04	1.02E-02	296	4.87E-02	1.00E+00	1.00E+00	2.01E+01	4.97E-02	1	7	6.58E-03	1.43E-01	chr8_84660555_84662042	Cacna1a
Human Phenotype	HP:0003487	Babinski sign	435	8.75E-02	1.00E+00	1.00E+00	2.88E+00	1.04E+00	3	1.06E-02	3.06E-02	765	2.81E-01	1.00E+00	1.00E+00	1.92E+00	1.04E+00	2	147	1.32E-02	1.36E-02	chr5_135790394_135790983,chr8_26117824_26118019,chr8_26118257_26118822	Mdh2,Rnf170
Human Phenotype	HP:0003829	Incomplete penetrance	436	8.77E-02	1.00E+00	1.00E+00	2.87E+00	1.04E+00	3	1.07E-02	3.06E-02	557	1.42E-01	1.00E+00	1.00E+00	3.03E+00	6.61E-01	2	93	1.32E-02	2.15E-02	chr13_63563733_63564766,chr13_63566316_63566849,chr8_84660555_84662042	Cacna1a,Ptch1
Human Phenotype	HP:0000676	Abnormality of the incisor	437	8.82E-02	1.00E+00	1.00E+00	4.04E+00	4.95E-01	2	5.05E-03	2.04E-02	620	1.87E-01	1.00E+00	1.00E+00	4.85E+00	2.06E-01	1	29	6.58E-03	3.45E-02	chr13_63563733_63564766,chr13_63566316_63566849	Ptch1
Human Phenotype	HP:0012448	Delayed myelination	438	8.84E-02	1.00E+00	1.00E+00	4.04E+00	4.95E-01	2	5.05E-03	2.04E-02	425	8.86E-02	1.00E+00	1.00E+00	4.02E+00	4.97E-01	2	70	1.32E-02	2.86E-02	chr14_46387358_46388080,chr5_135790394_135790983	Bmp4,Mdh2
Human Phenotype	HP:0011361	Congenital abnormal hair pattern	439	8.84E-02	1.00E+00	1.00E+00	2.86E+00	1.05E+00	3	1.07E-02	3.06E-02	198	2.71E-02	1.00E+00	9.00E-01	4.64E+00	6.47E-01	3	91	1.97E-02	3.30E-02	chr11_101964638_101965429,chr13_40727364_40730800,chr4_133755923_133757903	Arid1a,Meox1,Tfap2a
Human Phenotype	HP:0002754	Osteomyelitis	440	8.85E-02	1.00E+00	1.00E+00	1.08E+01	9.26E-02	1	9.45E-04	1.02E-02	489	1.14E-01	1.00E+00	1.00E+00	8.28E+00	1.21E-01	1	17	6.58E-03	5.88E-02	chr13_53471407_53472168	Sptlc1
Human Phenotype	HP:0000540	Hypermetropia	441	8.87E-02	1.00E+00	1.00E+00	4.03E+00	4.96E-01	2	5.06E-03	2.04E-02	885	3.80E-01	1.00E+00	1.00E+00	2.10E+00	4.76E-01	1	67	6.58E-03	1.49E-02	chr13_53471407_53472168,chr13_53472662_53473247	Msx2
Human Phenotype	HP:0100530	Abnormality of calcium-phosphate metabolism	442	8.96E-02	1.00E+00	1.00E+00	1.07E+01	9.38E-02	1	9.57E-04	1.02E-02	340	6.22E-02	1.00E+00	1.00E+00	1.56E+01	6.39E-02	1	9	6.58E-03	1.11E-01	chr11_101964638_101965429	Sost
Human Phenotype	HP:0000935	Thickened cortex of long bones	443	8.97E-02	1.00E+00	1.00E+00	1.06E+01	9.39E-02	1	9.59E-04	1.02E-02	271	4.19E-02	1.00E+00	1.00E+00	2.35E+01	4.26E-02	1	6	6.58E-03	1.67E-01	chr11_101964638_101965429	Sost
Human Phenotype	HP:0012503	Abnormality of the pituitary gland	444	8.98E-02	1.00E+00	1.00E+00	2.84E+00	1.06E+00	3	1.08E-02	3.06E-02	505	1.18E-01	1.00E+00	1.00E+00	3.39E+00	5.90E-01	2	83	1.32E-02	2.41E-02	chr13_63563733_63564766,chr13_63566316_63566849,chr14_46387358_46388080	Bmp4,Ptch1
Human Phenotype	HP:0030448	Soft tissue sarcoma	445	9.00E-02	1.00E+00	1.00E+00	4.00E+00	5.01E-01	2	5.11E-03	2.04E-02	776	2.90E-01	1.00E+00	1.00E+00	2.93E+00	3.41E-01	1	48	6.58E-03	2.08E-02	chr13_63563733_63564766,chr13_63566316_63566849	Ptch1
Human Phenotype	HP:0010720	Abnormal hair pattern	446	9.00E-02	1.00E+00	1.00E+00	2.84E+00	1.06E+00	3	1.08E-02	3.06E-02	227	2.95E-02	1.00E+00	8.53E-01	4.49E+00	6.68E-01	3	94	1.97E-02	3.19E-02	chr11_101964638_101965429,chr13_40727364_40730800,chr4_133755923_133757903	Arid1a,Meox1,Tfap2a
Human Phenotype	HP:0003254	Abnormality of DNA repair	447	9.12E-02	1.00E+00	1.00E+00	1.05E+01	9.56E-02	1	9.76E-04	1.02E-02	381	7.54E-02	1.00E+00	1.00E+00	1.28E+01	7.81E-02	1	11	6.58E-03	9.09E-02	chr13_63563733_63564766	Fancc
Human Phenotype	HP:0002500	Abnormality of the cerebral white matter	448	9.14E-02	1.00E+00	1.00E+00	1.93E+00	3.10E+00	6	3.17E-02	6.12E-02	449	9.73E-02	1.00E+00	1.00E+00	2.06E+00	2.43E+00	5	342	3.29E-02	1.46E-02	chr13_63563733_63564766,chr13_63566316_63566849,chr14_46387358_46388080,chr4_133755923_133757903,chr5_135790394_135790983,chr7_100372146_100372354	Arid1a,Bmp4,C2cd3,Mdh2,Ptch1
Human Phenotype	HP:0003236	Elevated serum creatine phosphokinase	449	9.25E-02	1.00E+00	1.00E+00	2.81E+00	1.07E+00	3	1.09E-02	3.06E-02	737	2.60E-01	1.00E+00	1.00E+00	2.03E+00	9.88E-01	2	139	1.32E-02	1.44E-02	chr11_103697567_103698192,chr12_16589553_16589895,chr12_16590033_16592004	Gosr2,Lpin1
Human Phenotype	HP:0002301	Hemiplegia	450	9.26E-02	1.00E+00	1.00E+00	1.03E+01	9.72E-02	1	9.91E-04	1.02E-02	393	8.20E-02	1.00E+00	1.00E+00	1.17E+01	8.53E-02	1	12	6.58E-03	8.33E-02	chr8_84660555_84662042	Cacna1a
Human Phenotype	HP:0000517	Abnormality of the lens	451	9.29E-02	1.00E+00	1.00E+00	2.09E+00	2.40E+00	5	2.44E-02	5.10E-02	533	1.33E-01	1.00E+00	1.00E+00	2.05E+00	1.95E+00	4	275	2.63E-02	1.45E-02	chr13_40727364_40730800,chr13_63563733_63564766,chr13_63566316_63566849,chr4_141326801_141327760,chr8_124946584_124947555	Epha2,Ptch1,Sprtn,Tfap2a
Human Phenotype	HP:0000978	Bruising susceptibility	452	9.30E-02	1.00E+00	1.00E+00	3.92E+00	5.11E-01	2	5.21E-03	2.04E-02	372	6.99E-02	1.00E+00	1.00E+00	4.61E+00	4.33E-01	2	61	1.32E-02	3.28E-02	chr13_63563733_63564766,chr6_118758397_118758711	Ankrd26,Fancc
Human Phenotype	HP:0004443	Lambdoidal craniosynostosis	453	9.31E-02	1.00E+00	1.00E+00	1.02E+01	9.77E-02	1	9.96E-04	1.02E-02	340	6.22E-02	1.00E+00	1.00E+00	1.56E+01	6.39E-02	1	9	6.58E-03	1.11E-01	chr14_46387358_46388080	Bmp4
Human Phenotype	HP:0000864	Abnormality of the hypothalamus-pituitary axis	454	9.33E-02	1.00E+00	1.00E+00	2.79E+00	1.07E+00	3	1.10E-02	3.06E-02	506	1.20E-01	1.00E+00	1.00E+00	3.35E+00	5.97E-01	2	84	1.32E-02	2.38E-02	chr13_63563733_63564766,chr13_63566316_63566849,chr14_46387358_46388080	Bmp4,Ptch1
Human Phenotype	HP:0030809	Abnormal tongue morphology	455	9.40E-02	1.00E+00	1.00E+00	2.78E+00	1.08E+00	3	1.10E-02	3.06E-02	262	3.90E-02	1.00E+00	9.77E-01	4.02E+00	7.46E-01	3	105	1.97E-02	2.86E-02	chr14_46387358_46388080,chr4_133755923_133757903,chr7_100372146_100372354	Arid1a,Bmp4,C2cd3
Human Phenotype	HP:0008069	Neoplasm of the skin	456	9.61E-02	1.00E+00	1.00E+00	3.84E+00	5.21E-01	2	5.31E-03	2.04E-02	885	3.80E-01	1.00E+00	1.00E+00	2.10E+00	4.76E-01	1	67	6.58E-03	1.49E-02	chr13_63563733_63564766,chr13_63566316_63566849	Ptch1
Human Phenotype	HP:0011121	Abnormality of skin morphology	457	9.77E-02	1.00E+00	1.00E+00	1.59E+00	6.28E+00	10	6.41E-02	1.02E-01	392	8.02E-02	1.00E+00	1.00E+00	1.72E+00	5.24E+00	9	737	5.92E-02	1.22E-02	chr10_80054157_80054700,chr10_80055087_80056206,chr11_100206147_100206767,chr13_40727364_40730800,chr13_53471407_53472168,chr13_53472662_53473247,chr13_63563733_63564766,chr13_63566316_63566849,chr14_46387358_46388080,chr6_118758397_118758711	Ankrd26,Bmp4,Fancc,Gpx4,Krt14,Krt9,Msx2,Ptch1,Tfap2a
Human Phenotype	HP:0001807	Ridged nail	458	9.81E-02	1.00E+00	1.00E+00	9.69E+00	1.03E-01	1	1.05E-03	1.02E-02	471	1.08E-01	1.00E+00	1.00E+00	8.80E+00	1.14E-01	1	16	6.58E-03	6.25E-02	chr11_100206147_100206767	Krt14
Human Phenotype	HP:0100006	Neoplasm of the central nervous system	459	9.95E-02	1.00E+00	1.00E+00	3.76E+00	5.32E-01	2	5.42E-03	2.04E-02	776	2.90E-01	1.00E+00	1.00E+00	2.93E+00	3.41E-01	1	48	6.58E-03	2.08E-02	chr13_63563733_63564766,chr13_63566316_63566849	Ptch1
Human Phenotype	HP:0010702	Increased antibody level in blood	460	9.96E-02	1.00E+00	1.00E+00	9.54E+00	1.05E-01	1	1.07E-03	1.02E-02	597	1.69E-01	1.00E+00	1.00E+00	5.41E+00	1.85E-01	1	26	6.58E-03	3.85E-02	chr11_100206147_100206767	Krt9
Human Phenotype	HP:0012345	Abnormal glycosylation	461	1.02E-01	1.00E+00	1.00E+00	9.34E+00	1.07E-01	1	1.09E-03	1.02E-02	562	1.45E-01	1.00E+00	1.00E+00	6.40E+00	1.56E-01	1	22	6.58E-03	4.55E-02	chr16_5254419_5255117	Alg1
Human Phenotype	HP:0012232	Shortened QT interval	462	1.02E-01	1.00E+00	1.00E+00	9.27E+00	1.08E-01	1	1.10E-03	1.02E-02	237	3.50E-02	1.00E+00	9.71E-01	2.82E+01	3.55E-02	1	5	6.58E-03	2.00E-01	chr6_118758397_118758711	Cacna1c
Human Phenotype	HP:0000523	Subcapsular cataract	463	1.02E-01	1.00E+00	1.00E+00	9.26E+00	1.08E-01	1	1.10E-03	1.02E-02	507	1.20E-01	1.00E+00	1.00E+00	7.82E+00	1.28E-01	1	18	6.58E-03	5.56E-02	chr8_124946584_124947555	Sprtn
Human Phenotype	HP:0000759	Abnormal peripheral nervous system morphology	464	1.03E-01	1.00E+00	1.00E+00	1.87E+00	3.21E+00	6	3.27E-02	6.12E-02	572	1.51E-01	1.00E+00	1.00E+00	1.78E+00	2.81E+00	5	395	3.29E-02	1.27E-02	chr11_101964638_101965429,chr11_96352608_96353722,chr13_53471407_53472168,chr8_26117824_26118019,chr8_26118257_26118822,chr8_84660555_84662042	Cacna1a,Hoxb1,Rnf170,Sost,Sptlc1
Human Phenotype	HP:0004437	Cranial hyperostosis	465	1.04E-01	1.00E+00	1.00E+00	9.15E+00	1.09E-01	1	1.12E-03	1.02E-02	393	8.20E-02	1.00E+00	1.00E+00	1.17E+01	8.53E-02	1	12	6.58E-03	8.33E-02	chr11_101964638_101965429	Sost
Human Phenotype	HP:0002438	Cerebellar malformation	466	1.04E-01	1.00E+00	1.00E+00	2.66E+00	1.13E+00	3	1.15E-02	3.06E-02	308	4.99E-02	1.00E+00	1.00E+00	3.64E+00	8.24E-01	3	116	1.97E-02	2.59E-02	chr13_40727364_40730800,chr14_46387358_46388080,chr8_84660555_84662042	Bmp4,Cacna1a,Tfap2a
Human Phenotype	HP:0000400	Macrotia	467	1.05E-01	1.00E+00	1.00E+00	2.65E+00	1.13E+00	3	1.16E-02	3.06E-02	532	1.32E-01	1.00E+00	1.00E+00	3.16E+00	6.32E-01	2	89	1.32E-02	2.25E-02	chr13_63563733_63564766,chr13_63566316_63566849,chr14_46387358_46388080	Bmp4,Ptch1
Human Phenotype	HP:0040012	Chromosome breakage	468	1.06E-01	1.00E+00	1.00E+00	8.95E+00	1.12E-01	1	1.14E-03	1.02E-02	393	8.20E-02	1.00E+00	1.00E+00	1.17E+01	8.53E-02	1	12	6.58E-03	8.33E-02	chr13_63563733_63564766	Fancc
Human Phenotype	HP:0008067	Abnormally lax or hyperextensible skin	469	1.06E-01	1.00E+00	1.00E+00	3.63E+00	5.52E-01	2	5.63E-03	2.04E-02	849	3.44E-01	1.00E+00	1.00E+00	2.39E+00	4.19E-01	1	59	6.58E-03	1.69E-02	chr10_80054157_80054700,chr10_80055087_80056206	Gpx4
Human Phenotype	HP:0000153	Abnormality of the mouth	470	1.07E-01	1.00E+00	1.00E+00	1.46E+00	8.90E+00	13	9.09E-02	1.33E-01	196	2.67E-02	1.00E+00	8.94E-01	1.88E+00	6.38E+00	12	898	7.89E-02	1.34E-02	chr11_100206147_100206767,chr11_101964638_101965429,chr11_96352608_96353722,chr13_40727364_40730800,chr13_53471407_53472168,chr13_53472662_53473247,chr13_63563733_63564766,chr13_63566316_63566849,chr14_46387358_46388080,chr16_5254419_5255117,chr4_133755923_133757903,chr6_118758397_118758711,chr7_100372146_100372354	Alg1,Arid1a,Bmp4,C2cd3,Cacna1c,Hoxb1,Krt14,Meox1,Msx2,Ptch1,Sost,Tfap2a
Human Phenotype	HP:0009882	Short distal phalanx of finger	471	1.09E-01	1.00E+00	1.00E+00	3.57E+00	5.61E-01	2	5.72E-03	2.04E-02	732	2.59E-01	1.00E+00	1.00E+00	3.35E+00	2.98E-01	1	42	6.58E-03	2.38E-02	chr13_63563733_63564766,chr13_63566316_63566849	Ptch1
Human Phenotype	HP:0010787	Genital neoplasm	472	1.09E-01	1.00E+00	1.00E+00	3.56E+00	5.62E-01	2	5.73E-03	2.04E-02	711	2.48E-01	1.00E+00	1.00E+00	3.52E+00	2.84E-01	1	40	6.58E-03	2.50E-02	chr13_63563733_63564766,chr13_63566316_63566849	Ptch1
Human Phenotype	HP:0000163	Abnormality of the oral cavity	473	1.09E-01	1.00E+00	1.00E+00	1.52E+00	7.26E+00	11	7.41E-02	1.12E-01	260	3.61E-02	1.00E+00	9.12E-01	1.93E+00	5.19E+00	10	731	6.58E-02	1.37E-02	chr11_100206147_100206767,chr11_101964638_101965429,chr13_40727364_40730800,chr13_53471407_53472168,chr13_53472662_53473247,chr13_63563733_63564766,chr13_63566316_63566849,chr14_46387358_46388080,chr4_133755923_133757903,chr6_118758397_118758711,chr7_100372146_100372354	Arid1a,Bmp4,C2cd3,Cacna1c,Krt14,Meox1,Msx2,Ptch1,Sost,Tfap2a
Human Phenotype	HP:0000746	Delusions	474	1.09E-01	1.00E+00	1.00E+00	8.63E+00	1.16E-01	1	1.18E-03	1.02E-02	546	1.39E-01	1.00E+00	1.00E+00	6.70E+00	1.49E-01	1	21	6.58E-03	4.76E-02	chr6_60830285_60830625	Snca
Human Phenotype	HP:0000135	Hypogonadism	475	1.11E-01	1.00E+00	1.00E+00	2.59E+00	1.16E+00	3	1.18E-02	3.06E-02	294	4.57E-02	1.00E+00	1.00E+00	3.77E+00	7.96E-01	3	112	1.97E-02	2.68E-02	chr13_63563733_63564766,chr14_46387358_46388080,chr16_5254419_5255117	Alg1,Bmp4,Fancc
Human Phenotype	HP:0001250	Seizures	476	1.12E-01	1.00E+00	1.00E+00	1.51E+00	7.29E+00	11	7.44E-02	1.12E-01	528	1.28E-01	1.00E+00	1.00E+00	1.55E+00	5.80E+00	9	817	5.92E-02	1.10E-02	chr11_103697567_103698192,chr13_40727364_40730800,chr13_53471407_53472168,chr13_53472662_53473247,chr13_63563733_63564766,chr13_63566316_63566849,chr16_5254419_5255117,chr4_133755923_133757903,chr5_135790394_135790983,chr6_118758397_118758711,chr8_84660555_84662042	Alg1,Arid1a,Cacna1a,Cacna1c,Gosr2,Mdh2,Msx2,Ptch1,Tfap2a
Human Phenotype	HP:0000480	Retinal coloboma	477	1.13E-01	1.00E+00	1.00E+00	8.38E+00	1.19E-01	1	1.22E-03	1.02E-02	357	6.88E-02	1.00E+00	1.00E+00	1.41E+01	7.10E-02	1	10	6.58E-03	1.00E-01	chr13_40727364_40730800	Tfap2a
Human Phenotype	HP:0001792	Small nail	478	1.13E-01	1.00E+00	1.00E+00	3.48E+00	5.74E-01	2	5.86E-03	2.04E-02	331	5.64E-02	1.00E+00	1.00E+00	5.21E+00	3.84E-01	2	54	1.32E-02	3.70E-02	chr13_40727364_40730800,chr4_133755923_133757903	Arid1a,Tfap2a
Human Phenotype	HP:0011821	Abnormality of facial skeleton	479	1.13E-01	1.00E+00	1.00E+00	1.65E+00	4.86E+00	8	4.95E-02	8.16E-02	371	6.92E-02	1.00E+00	1.00E+00	1.95E+00	3.59E+00	7	505	4.61E-02	1.39E-02	chr11_101964638_101965429,chr11_96352608_96353722,chr13_40727364_40730800,chr13_63563733_63564766,chr13_63566316_63566849,chr14_46387358_46388080,chr16_5254419_5255117,chr8_124946584_124947555	Alg1,Bmp4,Hoxb1,Ptch1,Sost,Sprtn,Tfap2a
Human Phenotype	HP:0010674	Abnormality of the curvature of the vertebral column	480	1.14E-01	1.00E+00	1.00E+00	1.72E+00	4.07E+00	7	4.16E-02	7.14E-02	434	9.27E-02	1.00E+00	1.00E+00	1.93E+00	3.11E+00	6	438	3.95E-02	1.37E-02	chr11_101964638_101965429,chr11_103697567_103698192,chr13_40727364_40730800,chr13_63563733_63564766,chr13_63566316_63566849,chr7_126781249_126781424,chr8_124946584_124947555	Gosr2,Meox1,Ptch1,Sprtn,Tbx6,Tfap2a
Human Phenotype	HP:0007370	Aplasia/Hypoplasia of the corpus callosum	481	1.14E-01	1.00E+00	1.00E+00	1.95E+00	2.56E+00	5	2.61E-02	5.10E-02	544	1.38E-01	1.00E+00	1.00E+00	2.02E+00	1.98E+00	4	279	2.63E-02	1.43E-02	chr13_63563733_63564766,chr13_63566316_63566849,chr14_46387358_46388080,chr5_135790394_135790983,chr7_100372146_100372354	Bmp4,C2cd3,Mdh2,Ptch1
Human Phenotype	HP:0001597	Abnormality of the nail	482	1.15E-01	1.00E+00	1.00E+00	2.17E+00	1.85E+00	4	1.88E-02	4.08E-02	309	5.14E-02	1.00E+00	1.00E+00	2.87E+00	1.39E+00	4	196	2.63E-02	2.04E-02	chr11_100206147_100206767,chr11_101964638_101965429,chr13_40727364_40730800,chr4_133755923_133757903	Arid1a,Krt14,Sost,Tfap2a
Human Phenotype	HP:0003448	Decreased sensory nerve conduction velocity	483	1.16E-01	1.00E+00	1.00E+00	8.10E+00	1.24E-01	1	1.26E-03	1.02E-02	357	6.88E-02	1.00E+00	1.00E+00	1.41E+01	7.10E-02	1	10	6.58E-03	1.00E-01	chr13_53471407_53472168	Sptlc1
Human Phenotype	HP:0001933	Subcutaneous hemorrhage	484	1.16E-01	1.00E+00	1.00E+00	3.42E+00	5.85E-01	2	5.97E-03	2.04E-02	467	1.04E-01	1.00E+00	1.00E+00	3.66E+00	5.47E-01	2	77	1.32E-02	2.60E-02	chr13_63563733_63564766,chr6_118758397_118758711	Ankrd26,Fancc
Human Phenotype	HP:0006392	Increased density of long bones	485	1.17E-01	1.00E+00	1.00E+00	8.08E+00	1.24E-01	1	1.26E-03	1.02E-02	271	4.19E-02	1.00E+00	1.00E+00	2.35E+01	4.26E-02	1	6	6.58E-03	1.67E-01	chr11_101964638_101965429	Sost
Human Phenotype	HP:0004452	Abnormality of the middle ear ossicles	486	1.17E-01	1.00E+00	1.00E+00	8.06E+00	1.24E-01	1	1.27E-03	1.02E-02	315	5.55E-02	1.00E+00	1.00E+00	1.76E+01	5.68E-02	1	8	6.58E-03	1.25E-01	chr13_40727364_40730800	Tfap2a
Human Phenotype	HP:0003401	Paresthesia	487	1.17E-01	1.00E+00	1.00E+00	8.03E+00	1.25E-01	1	1.27E-03	1.02E-02	457	1.01E-01	1.00E+00	1.00E+00	9.38E+00	1.07E-01	1	15	6.58E-03	6.67E-02	chr8_84660555_84662042	Cacna1a
Human Phenotype	HP:0011792	Neoplasm by histology	488	1.18E-01	1.00E+00	1.00E+00	2.52E+00	1.19E+00	3	1.22E-02	3.06E-02	595	1.69E-01	1.00E+00	1.00E+00	2.71E+00	7.39E-01	2	104	1.32E-02	1.92E-02	chr13_40727364_40730800,chr13_63563733_63564766,chr13_63566316_63566849	Ptch1,Tfap2a
Human Phenotype	HP:0002867	Abnormality of the ilium	489	1.18E-01	1.00E+00	1.00E+00	3.39E+00	5.89E-01	2	6.01E-03	2.04E-02	852	3.48E-01	1.00E+00	1.00E+00	2.35E+00	4.26E-01	1	60	6.58E-03	1.67E-02	chr10_80054157_80054700,chr10_80055087_80056206	Gpx4
Human Phenotype	HP:0002076	Migraine	490	1.18E-01	1.00E+00	1.00E+00	7.94E+00	1.26E-01	1	1.29E-03	1.02E-02	489	1.14E-01	1.00E+00	1.00E+00	8.28E+00	1.21E-01	1	17	6.58E-03	5.88E-02	chr8_84660555_84662042	Cacna1a
Human Phenotype	HP:0009830	Peripheral neuropathy	491	1.19E-01	1.00E+00	1.00E+00	2.14E+00	1.87E+00	4	1.91E-02	4.08E-02	747	2.70E-01	1.00E+00	1.00E+00	1.66E+00	1.80E+00	3	254	1.97E-02	1.18E-02	chr13_53471407_53472168,chr8_26117824_26118019,chr8_26118257_26118822,chr8_84660555_84662042	Cacna1a,Rnf170,Sptlc1
Human Phenotype	HP:0008873	Disproportionate short-limb short stature	492	1.20E-01	1.00E+00	1.00E+00	3.36E+00	5.94E-01	2	6.07E-03	2.04E-02	822	3.25E-01	1.00E+00	1.00E+00	2.56E+00	3.91E-01	1	55	6.58E-03	1.82E-02	chr10_80054157_80054700,chr10_80055087_80056206	Gpx4
Human Phenotype	HP:0000104	Renal agenesis	493	1.20E-01	1.00E+00	1.00E+00	3.36E+00	5.96E-01	2	6.08E-03	2.04E-02	263	3.91E-02	1.00E+00	9.75E-01	6.40E+00	3.13E-01	2	44	1.32E-02	4.55E-02	chr13_40727364_40730800,chr13_63563733_63564766	Fancc,Tfap2a
Human Phenotype	HP:0000553	Abnormality of the uvea	494	1.20E-01	1.00E+00	1.00E+00	2.13E+00	1.88E+00	4	1.92E-02	4.08E-02	456	9.99E-02	1.00E+00	1.00E+00	2.71E+00	1.11E+00	3	156	1.97E-02	1.92E-02	chr13_40727364_40730800,chr13_63563733_63564766,chr13_63566316_63566849,chr4_141326801_141327760	Epha2,Ptch1,Tfap2a
Human Phenotype	HP:0004374	Hemiplegia/hemiparesis	495	1.21E-01	1.00E+00	1.00E+00	7.73E+00	1.29E-01	1	1.32E-03	1.02E-02	562	1.45E-01	1.00E+00	1.00E+00	6.40E+00	1.56E-01	1	22	6.58E-03	4.55E-02	chr8_84660555_84662042	Cacna1a
Human Phenotype	HP:0004375	Neoplasm of the nervous system	496	1.22E-01	1.00E+00	1.00E+00	3.32E+00	6.03E-01	2	6.15E-03	2.04E-02	857	3.53E-01	1.00E+00	1.00E+00	2.31E+00	4.33E-01	1	61	6.58E-03	1.64E-02	chr13_63563733_63564766,chr13_63566316_63566849	Ptch1
Human Phenotype	HP:0000885	Broad ribs	497	1.23E-01	1.00E+00	1.00E+00	7.61E+00	1.31E-01	1	1.34E-03	1.02E-02	415	8.85E-02	1.00E+00	1.00E+00	1.08E+01	9.24E-02	1	13	6.58E-03	7.69E-02	chr11_101964638_101965429	Sost
Human Phenotype	HP:0002362	Shuffling gait	498	1.24E-01	1.00E+00	1.00E+00	7.58E+00	1.32E-01	1	1.35E-03	1.02E-02	357	6.88E-02	1.00E+00	1.00E+00	1.41E+01	7.10E-02	1	10	6.58E-03	1.00E-01	chr6_60830285_60830625	Snca
Human Phenotype	HP:0002418	Abnormality of midbrain morphology	499	1.24E-01	1.00E+00	1.00E+00	7.58E+00	1.32E-01	1	1.35E-03	1.02E-02	546	1.39E-01	1.00E+00	1.00E+00	6.70E+00	1.49E-01	1	21	6.58E-03	4.76E-02	chr7_100372146_100372354	C2cd3
Human Phenotype	HP:0000835	Adrenal hypoplasia	500	1.24E-01	1.00E+00	1.00E+00	7.55E+00	1.33E-01	1	1.35E-03	1.02E-02	415	8.85E-02	1.00E+00	1.00E+00	1.08E+01	9.24E-02	1	13	6.58E-03	7.69E-02	chr14_46387358_46388080	Bmp4
Mouse Phenotype Single KO	MP:0009882	absent palatal shelf	1	1.51E-07	1.38E-03	1.38E-03	8.94E+01	4.47E-02	4	4.56E-04	4.08E-02	39	4.94E-04	1.00E+00	1.15E-01	5.63E+01	3.55E-02	2	5	1.32E-02	4.00E-01	chr13_63563733_63564766,chr13_63566316_63566849,chr2_71541880_71544776,chr2_71544955_71545796	Dlx2,Ptch1
Mouse Phenotype Single KO	MP:0003992	increased mortality induced by ionizing radiation	2	5.60E-07	5.08E-03	2.54E-03	2.07E+01	2.90E-01	6	2.96E-03	6.12E-02	21	2.44E-04	1.00E+00	1.05E-01	1.31E+01	3.05E-01	4	43	2.63E-02	9.30E-02	chr10_80054157_80054700,chr10_80055087_80056206,chr13_63563733_63564766,chr13_63566316_63566849,chr17_35836387_35836777,chr6_121069244_121070033	Bid,Gpx4,Mdc1,Ptch1
Mouse Phenotype Single KO	MP:0020149	abnormal mortality induced by ionizing radiation	3	9.85E-07	8.95E-03	2.98E-03	1.88E+01	3.20E-01	6	3.26E-03	6.12E-02	30	3.44E-04	1.00E+00	1.04E-01	1.20E+01	3.34E-01	4	47	2.63E-02	8.51E-02	chr10_80054157_80054700,chr10_80055087_80056206,chr13_63563733_63564766,chr13_63566316_63566849,chr17_35836387_35836777,chr6_121069244_121070033	Bid,Gpx4,Mdc1,Ptch1
Mouse Phenotype Single KO	MP:0012734	abnormal response to radiation	4	1.10E-06	1.00E-02	2.51E-03	1.84E+01	3.26E-01	6	3.33E-03	6.12E-02	32	4.05E-04	1.00E+00	1.15E-01	1.15E+01	3.48E-01	4	49	2.63E-02	8.16E-02	chr10_80054157_80054700,chr10_80055087_80056206,chr13_63563733_63564766,chr13_63566316_63566849,chr17_35836387_35836777,chr6_121069244_121070033	Bid,Gpx4,Mdc1,Ptch1
Mouse Phenotype Single KO	MP:0001586	abnormal erythrocyte cell number	5	2.19E-06	1.99E-02	3.97E-03	5.46E+00	2.20E+00	12	2.24E-02	1.22E-01	7	5.83E-05	5.30E-01	7.57E-02	5.26E+00	1.71E+00	9	241	5.92E-02	3.73E-02	chr11_120186364_120189507,chr11_70233509_70233695,chr14_46387358_46388080,chr17_83920344_83920701,chr17_84184827_84185319,chr17_84185496_84186847,chr2_75703196_75704248,chr5_111006204_111007025,chr5_138195378_138196719,chr8_124946584_124947555,chr8_26117824_26118019,chr8_26118257_26118822	Bcl6b,Bmp4,Egln1,Hook3,Nfe2l2,Nxpe5,Slc38a10,Ttc28,Zfp36l2
Mouse Phenotype Single KO	MP:0002875	decreased erythrocyte cell number	6	2.52E-06	2.29E-02	3.82E-03	6.77E+00	1.48E+00	10	1.51E-02	1.02E-01	23	2.69E-04	1.00E+00	1.06E-01	5.60E+00	1.25E+00	7	176	4.61E-02	3.98E-02	chr11_120186364_120189507,chr14_46387358_46388080,chr17_83920344_83920701,chr17_84184827_84185319,chr17_84185496_84186847,chr2_75703196_75704248,chr5_111006204_111007025,chr5_138195378_138196719,chr8_26117824_26118019,chr8_26118257_26118822	Bmp4,Hook3,Nfe2l2,Nxpe5,Slc38a10,Ttc28,Zfp36l2
Mouse Phenotype Single KO	MP:0013242	abnormal amino acid metabolism	7	3.64E-06	3.31E-02	4.73E-03	1.05E+02	2.84E-02	3	2.90E-04	3.06E-02	448	4.19E-02	1.00E+00	8.50E-01	2.35E+01	4.26E-02	1	6	6.58E-03	1.67E-01	chr17_83920344_83920701,chr17_84184827_84185319,chr17_84185496_84186847	Haao
Mouse Phenotype Single KO	MP:0000129	ameloblast degeneration	8	6.16E-06	5.60E-02	7.00E-03	8.84E+01	3.39E-02	3	3.46E-04	3.06E-02	25	2.98E-04	1.00E+00	1.08E-01	7.04E+01	2.84E-02	2	4	1.32E-02	5.00E-01	chr13_53471407_53472168,chr13_53472662_53473247,chr2_75703196_75704248	Msx2,Nfe2l2
Mouse Phenotype Single KO	MP:0011481	anterior iris synechia	9	3.25E-05	2.96E-01	3.29E-02	2.28E+01	1.76E-01	4	1.79E-03	4.08E-02	19	1.84E-04	1.00E+00	8.80E-02	2.64E+01	1.14E-01	3	16	1.97E-02	1.88E-01	chr13_53471407_53472168,chr13_53472662_53473247,chr14_46387358_46388080,chr7_19355987_19356721	Bmp4,Msx2,Ppp1r13l
Mouse Phenotype Single KO	MP:0000107	abnormal frontal bone morphology	10	5.03E-05	4.57E-01	4.57E-02	7.40E+00	9.46E-01	7	9.66E-03	7.14E-02	10	8.55E-05	7.77E-01	7.77E-02	1.12E+01	4.48E-01	5	63	3.29E-02	7.94E-02	chr10_68276719_68277215,chr13_40727364_40730800,chr13_53471407_53472168,chr13_53472662_53473247,chr13_63563733_63564766,chr13_63566316_63566849,chr14_46387358_46388080	Arid5b,Bmp4,Msx2,Ptch1,Tfap2a
Mouse Phenotype Single KO	MP:0013662	decreased myeloid cell number	11	5.36E-05	4.87E-01	4.43E-02	4.30E+00	2.56E+00	11	2.61E-02	1.12E-01	59	1.46E-03	1.00E+00	2.25E-01	3.73E+00	2.15E+00	8	302	5.26E-02	2.65E-02	chr11_120186364_120189507,chr13_63563733_63564766,chr14_46387358_46388080,chr17_83920344_83920701,chr17_84184827_84185319,chr17_84185496_84186847,chr2_75703196_75704248,chr5_111006204_111007025,chr5_138195378_138196719,chr8_26117824_26118019,chr8_26118257_26118822	Bmp4,Fancc,Hook3,Nfe2l2,Nxpe5,Slc38a10,Ttc28,Zfp36l2
Mouse Phenotype Single KO	MP:0001270	distended abdomen	12	5.87E-05	5.33E-01	4.44E-02	9.07E+00	6.62E-01	6	6.75E-03	6.12E-02	174	1.07E-02	1.00E+00	5.58E-01	6.60E+00	4.55E-01	3	64	1.97E-02	4.69E-02	chr12_16589553_16589895,chr12_16590033_16592004,chr2_71541880_71544776,chr2_71544955_71545796,chr9_55542234_55544237,chr9_55544680_55546400	Dlx2,Isl2,Lpin1
Mouse Phenotype Single KO	MP:0002576	abnormal enamel morphology	13	5.87E-05	5.34E-01	4.10E-02	1.24E+01	4.04E-01	5	4.12E-03	5.10E-02	66	1.79E-03	1.00E+00	2.46E-01	1.24E+01	2.42E-01	3	34	1.97E-02	8.82E-02	chr13_53471407_53472168,chr13_53472662_53473247,chr13_63563733_63564766,chr13_63566316_63566849,chr2_75703196_75704248	Msx2,Nfe2l2,Ptch1
Mouse Phenotype Single KO	MP:0005266	abnormal metabolism	14	8.01E-05	7.28E-01	5.20E-02	3.14E+00	4.77E+00	15	4.87E-02	1.53E-01	160	8.71E-03	1.00E+00	4.95E-01	2.42E+00	4.13E+00	10	581	6.58E-02	1.72E-02	chr10_80054157_80054700,chr10_80055087_80056206,chr12_16589553_16589895,chr12_16590033_16592004,chr13_63563733_63564766,chr13_63566316_63566849,chr17_35836387_35836777,chr17_83920344_83920701,chr17_84184827_84185319,chr17_84185496_84186847,chr6_118758397_118758711,chr6_121069244_121070033,chr7_100372146_100372354,chr8_124946584_124947555,chr8_84660555_84662042	Bid,Cacna1a,Cacna1c,Gpx4,Haao,Lpin1,Mdc1,Ppme1,Ptch1,Sprtn
Mouse Phenotype Single KO	MP:0004222	iris synechia	15	8.38E-05	7.61E-01	5.07E-02	1.78E+01	2.24E-01	4	2.29E-03	4.08E-02	31	3.67E-04	1.00E+00	1.08E-01	2.11E+01	1.42E-01	3	20	1.97E-02	1.50E-01	chr13_53471407_53472168,chr13_53472662_53473247,chr14_46387358_46388080,chr7_19355987_19356721	Bmp4,Msx2,Ppp1r13l
Mouse Phenotype Single KO	MP:0000603	pale liver	16	8.51E-05	7.73E-01	4.83E-02	1.14E+01	4.37E-01	5	4.46E-03	5.10E-02	807	9.95E-02	1.00E+00	1.00E+00	3.75E+00	5.33E-01	2	75	1.32E-02	2.67E-02	chr12_16589553_16589895,chr12_16590033_16592004,chr17_83920344_83920701,chr17_84184827_84185319,chr17_84185496_84186847	Lpin1,Zfp36l2
Mouse Phenotype Single KO	MP:0013661	abnormal myeloid cell number	17	1.20E-04	1.00E+00	6.40E-02	3.39E+00	3.83E+00	13	3.91E-02	1.33E-01	56	1.27E-03	1.00E+00	2.06E-01	3.18E+00	3.14E+00	10	442	6.58E-02	2.26E-02	chr11_120186364_120189507,chr11_70233509_70233695,chr13_63563733_63564766,chr14_46387358_46388080,chr17_83920344_83920701,chr17_84184827_84185319,chr17_84185496_84186847,chr2_75703196_75704248,chr5_111006204_111007025,chr5_138195378_138196719,chr8_124946584_124947555,chr8_26117824_26118019,chr8_26118257_26118822	Bcl6b,Bmp4,Egln1,Fancc,Hook3,Nfe2l2,Nxpe5,Slc38a10,Ttc28,Zfp36l2
Mouse Phenotype Single KO	MP:0000928	incomplete rostral neuropore closure	18	1.39E-04	1.00E+00	6.99E-02	7.74E+00	7.75E-01	6	7.91E-03	6.12E-02	13	1.15E-04	1.00E+00	8.02E-02	1.05E+01	4.76E-01	5	67	3.29E-02	7.46E-02	chr12_118847345_118851129,chr13_40727364_40730800,chr13_63563733_63564766,chr13_63566316_63566849,chr15_89174182_89175604,chr16_30066210_30067176	Hes1,Plxnb2,Ptch1,Sp8,Tfap2a
Mouse Phenotype Single KO	MP:0003930	abnormal tooth hard tissue morphology	19	1.56E-04	1.00E+00	7.45E-02	1.00E+01	4.98E-01	5	5.08E-03	5.10E-02	97	4.81E-03	1.00E+00	4.51E-01	8.80E+00	3.41E-01	3	48	1.97E-02	6.25E-02	chr13_53471407_53472168,chr13_53472662_53473247,chr13_63563733_63564766,chr13_63566316_63566849,chr2_75703196_75704248	Msx2,Nfe2l2,Ptch1
Mouse Phenotype Single KO	MP:0012542	abnormal neuropore morphology	20	1.57E-04	1.00E+00	7.15E-02	7.56E+00	7.94E-01	6	8.10E-03	6.12E-02	14	1.41E-04	1.00E+00	9.18E-02	1.01E+01	4.97E-01	5	70	3.29E-02	7.14E-02	chr12_118847345_118851129,chr13_40727364_40730800,chr13_63563733_63564766,chr13_63566316_63566849,chr15_89174182_89175604,chr16_30066210_30067176	Hes1,Plxnb2,Ptch1,Sp8,Tfap2a
Mouse Phenotype Single KO	MP:0003869	ectopic cartilage	21	2.01E-04	1.00E+00	8.68E-02	9.87E+01	2.03E-02	2	2.07E-04	2.04E-02	394	3.50E-02	1.00E+00	8.08E-01	2.82E+01	3.55E-02	1	5	6.58E-03	2.00E-01	chr2_71541880_71544776,chr2_71544955_71545796	Dlx2
Mouse Phenotype Single KO	MP:0003049	abnormal lumbar vertebrae morphology	22	2.41E-04	1.00E+00	9.97E-02	5.73E+00	1.22E+00	7	1.25E-02	7.14E-02	2	1.54E-05	1.40E-01	6.98E-02	7.26E+00	1.10E+00	8	155	5.26E-02	5.16E-02	chr11_101658299_101659257,chr12_118847345_118851129,chr15_102982607_102983365,chr3_89280734_89281464,chr5_111006204_111007025,chr6_39204889_39205411,chr7_126781249_126781424	Arl4d,Efna1,Hoxc8,Hoxc9,Kdm7a,Sp8,Tbx6,Ttc28
Mouse Phenotype Single KO	MP:0004969	pale kidney	23	2.45E-04	1.00E+00	9.66E-02	1.34E+01	2.98E-01	4	3.04E-03	4.08E-02	289	2.16E-02	1.00E+00	6.80E-01	8.80E+00	2.27E-01	2	32	1.32E-02	6.25E-02	chr10_68276719_68277215,chr17_83920344_83920701,chr17_84184827_84185319,chr17_84185496_84186847	Arid5b,Zfp36l2
Mouse Phenotype Single KO	MP:0009295	decreased interscapular fat pad weight	24	2.59E-04	1.00E+00	9.80E-02	2.49E+01	1.20E-01	3	1.23E-03	3.06E-02	77	3.16E-03	1.00E+00	3.73E-01	2.35E+01	8.53E-02	2	12	1.32E-02	1.67E-01	chr12_16589553_16589895,chr12_16590033_16592004,chr8_124946584_124947555	Lpin1,Sprtn
Mouse Phenotype Single KO	MP:0001288	abnormal lens induction	25	2.82E-04	1.00E+00	1.02E-01	1.29E+01	3.09E-01	4	3.15E-03	4.08E-02	18	1.50E-04	1.00E+00	7.58E-02	2.82E+01	1.07E-01	3	15	1.97E-02	2.00E-01	chr13_40727364_40730800,chr13_53471407_53472168,chr13_53472662_53473247,chr14_46387358_46388080	Bmp4,Msx2,Tfap2a
Mouse Phenotype Single KO	MP:0000870	absent cerebellum vermis lobule VIII	26	3.02E-04	1.00E+00	1.05E-01	8.04E+01	2.49E-02	2	2.54E-04	2.04E-02	128	7.10E-03	1.00E+00	5.04E-01	1.41E+02	7.10E-03	1	1	6.58E-03	1.00E+00	chr13_53471407_53472168,chr13_53472662_53473247	Msx2
Mouse Phenotype Single KO	MP:0013765	iris hyperplasia	26	3.02E-04	1.00E+00	1.05E-01	8.04E+01	2.49E-02	2	2.54E-04	2.04E-02	128	7.10E-03	1.00E+00	5.04E-01	1.41E+02	7.10E-03	1	1	6.58E-03	1.00E+00	chr13_53471407_53472168,chr13_53472662_53473247	Msx2
Mouse Phenotype Single KO	MP:0000871	absent cerebellum vermis lobule IX	26	3.02E-04	1.00E+00	1.05E-01	8.04E+01	2.49E-02	2	2.54E-04	2.04E-02	128	7.10E-03	1.00E+00	5.04E-01	1.41E+02	7.10E-03	1	1	6.58E-03	1.00E+00	chr13_53471407_53472168,chr13_53472662_53473247	Msx2
Mouse Phenotype Single KO	MP:0010255	cortical cataracts	29	3.13E-04	1.00E+00	9.82E-02	7.88E+01	2.54E-02	2	2.59E-04	2.04E-02	25	2.98E-04	1.00E+00	1.08E-01	7.04E+01	2.84E-02	2	4	1.32E-02	5.00E-01	chr14_46387358_46388080,chr4_141326801_141327760	Bmp4,Epha2
Mouse Phenotype Single KO	MP:0009992	abnormal cerebellum vermis lobule IX morphology	30	3.31E-04	1.00E+00	1.00E-01	7.67E+01	2.61E-02	2	2.66E-04	2.04E-02	200	1.42E-02	1.00E+00	6.43E-01	7.04E+01	1.42E-02	1	2	6.58E-03	5.00E-01	chr13_53471407_53472168,chr13_53472662_53473247	Msx2
Mouse Phenotype Single KO	MP:0000127	degenerate molars	31	3.34E-04	1.00E+00	9.80E-02	7.63E+01	2.62E-02	2	2.68E-04	2.04E-02	200	1.42E-02	1.00E+00	6.43E-01	7.04E+01	1.42E-02	1	2	6.58E-03	5.00E-01	chr13_53471407_53472168,chr13_53472662_53473247	Msx2
Mouse Phenotype Single KO	MP:0003699	abnormal female reproductive system physiology	32	3.35E-04	1.00E+00	9.51E-02	2.64E+00	6.06E+00	16	6.19E-02	1.63E-01	58	1.39E-03	1.00E+00	2.17E-01	2.77E+00	4.33E+00	12	609	7.89E-02	1.97E-02	chr10_68276719_68277215,chr10_80054157_80054700,chr10_80055087_80056206,chr12_16589553_16589895,chr12_16590033_16592004,chr13_63563733_63564766,chr13_63566316_63566849,chr14_46387358_46388080,chr17_83920344_83920701,chr17_84184827_84185319,chr17_84185496_84186847,chr4_134019055_134020274,chr5_134313576_134314029,chr7_126781249_126781424,chr7_19355987_19356721,chr8_84660555_84662042	Arid5b,Bmp4,Cacna1a,Fancc,Gpx4,Gtf2i,Lin28a,Lpin1,Ppp1r13l,Ptch1,Tbx6,Zfp36l2
Mouse Phenotype Single KO	MP:0003235	abnormal alisphenoid bone morphology	33	3.44E-04	1.00E+00	9.48E-02	1.23E+01	3.26E-01	4	3.32E-03	4.08E-02	161	8.76E-03	1.00E+00	4.94E-01	1.41E+01	1.42E-01	2	20	1.32E-02	1.00E-01	chr13_63563733_63564766,chr13_63566316_63566849,chr2_71541880_71544776,chr2_71544955_71545796	Dlx2,Ptch1
Mouse Phenotype Single KO	MP:0009278	abnormal bone marrow cell physiology	34	3.52E-04	1.00E+00	9.41E-02	1.22E+01	3.28E-01	4	3.34E-03	4.08E-02	298	2.29E-02	1.00E+00	6.99E-01	8.53E+00	2.34E-01	2	33	1.32E-02	6.06E-02	chr17_83920344_83920701,chr17_84184827_84185319,chr17_84185496_84186847,chr6_121069244_121070033	Bid,Zfp36l2
Mouse Phenotype Single KO	MP:0005152	pancytopenia	35	3.52E-04	1.00E+00	9.14E-02	2.24E+01	1.34E-01	3	1.37E-03	3.06E-02	894	1.20E-01	1.00E+00	1.00E+00	7.82E+00	1.28E-01	1	18	6.58E-03	5.56E-02	chr17_83920344_83920701,chr17_84184827_84185319,chr17_84185496_84186847	Zfp36l2
Mouse Phenotype Single KO	MP:0012405	abnormal nail matrix morphology	36	3.74E-04	1.00E+00	9.43E-02	7.21E+01	2.77E-02	2	2.83E-04	2.04E-02	200	1.42E-02	1.00E+00	6.43E-01	7.04E+01	1.42E-02	1	2	6.58E-03	5.00E-01	chr13_53471407_53472168,chr13_53472662_53473247	Msx2
Mouse Phenotype Single KO	MP:0011591	decreased hormone-sensitive lipase activity	37	4.54E-04	1.00E+00	1.12E-01	6.54E+01	3.06E-02	2	3.12E-04	2.04E-02	128	7.10E-03	1.00E+00	5.04E-01	1.41E+02	7.10E-03	1	1	6.58E-03	1.00E+00	chr12_16589553_16589895,chr12_16590033_16592004	Lpin1
Mouse Phenotype Single KO	MP:0011589	abnormal hormone-sensitive lipase activity	38	4.74E-04	1.00E+00	1.13E-01	6.40E+01	3.13E-02	2	3.19E-04	2.04E-02	200	1.42E-02	1.00E+00	6.43E-01	7.04E+01	1.42E-02	1	2	6.58E-03	5.00E-01	chr12_16589553_16589895,chr12_16590033_16592004	Lpin1
Mouse Phenotype Single KO	MP:0006283	increased medulloblastoma incidence	39	4.75E-04	1.00E+00	1.11E-01	6.39E+01	3.13E-02	2	3.19E-04	2.04E-02	394	3.50E-02	1.00E+00	8.08E-01	2.82E+01	3.55E-02	1	5	6.58E-03	2.00E-01	chr13_63563733_63564766,chr13_63566316_63566849	Ptch1
Mouse Phenotype Single KO	MP:0001071	abnormal facial nerve morphology	40	5.00E-04	1.00E+00	1.13E-01	1.11E+01	3.60E-01	4	3.67E-03	4.08E-02	1	1.75E-06	1.59E-02	1.59E-02	2.43E+01	2.06E-01	5	29	3.29E-02	1.72E-01	chr11_96352608_96353722,chr13_40727364_40730800,chr2_71541880_71544776,chr2_71544955_71545796	Dlx1,Dlx2,Hoxb1,Hoxb2,Tfap2a
Mouse Phenotype Single KO	MP:0009337	abnormal splenocyte number	41	5.06E-04	1.00E+00	1.12E-01	1.11E+01	3.61E-01	4	3.69E-03	4.08E-02	437	3.91E-02	1.00E+00	8.12E-01	6.40E+00	3.13E-01	2	44	1.32E-02	4.55E-02	chr17_83920344_83920701,chr17_84184827_84185319,chr17_84185496_84186847,chr2_118544289_118545050	Bmf,Zfp36l2
Mouse Phenotype Single KO	MP:0004602	abnormal vertebral articular process morphology	42	5.50E-04	1.00E+00	1.19E-01	1.82E+03	5.50E-04	1	5.61E-06	1.02E-02	128	7.10E-03	1.00E+00	5.04E-01	1.41E+02	7.10E-03	1	1	6.58E-03	1.00E+00	chr7_126781249_126781424	Tbx6
Mouse Phenotype Single KO	MP:0009687	empty decidua capsularis	43	5.66E-04	1.00E+00	1.20E-01	5.85E+01	3.42E-02	2	3.49E-04	2.04E-02	745	8.85E-02	1.00E+00	1.00E+00	1.08E+01	9.24E-02	1	13	6.58E-03	7.69E-02	chr10_80054157_80054700,chr10_80055087_80056206	Gpx4
Mouse Phenotype Single KO	MP:0009332	abnormal splenocyte morphology	44	5.88E-04	1.00E+00	1.21E-01	1.06E+01	3.76E-01	4	3.84E-03	4.08E-02	480	4.57E-02	1.00E+00	8.66E-01	5.86E+00	3.41E-01	2	48	1.32E-02	4.17E-02	chr17_83920344_83920701,chr17_84184827_84185319,chr17_84185496_84186847,chr2_118544289_118545050	Bmf,Zfp36l2
Mouse Phenotype Single KO	MP:0005270	abnormal zygomatic bone morphology	45	6.41E-04	1.00E+00	1.29E-01	1.04E+01	3.85E-01	4	3.93E-03	4.08E-02	45	7.21E-04	1.00E+00	1.46E-01	1.69E+01	1.78E-01	3	25	1.97E-02	1.20E-01	chr13_40727364_40730800,chr2_71541880_71544776,chr2_71544955_71545796,chr5_111006204_111007025	Dlx2,Tfap2a,Ttc28
Mouse Phenotype Single KO	MP:0002036	increased rhabdomyosarcoma incidence	46	6.50E-04	1.00E+00	1.28E-01	5.45E+01	3.67E-02	2	3.74E-04	2.04E-02	324	2.81E-02	1.00E+00	7.89E-01	3.52E+01	2.84E-02	1	4	6.58E-03	2.50E-01	chr13_63563733_63564766,chr13_63566316_63566849	Ptch1
Mouse Phenotype Single KO	MP:0001926	female infertility	47	6.88E-04	1.00E+00	1.33E-01	3.76E+00	2.39E+00	9	2.44E-02	9.18E-02	225	1.51E-02	1.00E+00	6.10E-01	3.02E+00	1.99E+00	6	280	3.95E-02	2.14E-02	chr10_68276719_68277215,chr12_16589553_16589895,chr12_16590033_16592004,chr13_63563733_63564766,chr13_63566316_63566849,chr17_83920344_83920701,chr17_84184827_84185319,chr17_84185496_84186847,chr7_19355987_19356721	Arid5b,Fancc,Lpin1,Ppp1r13l,Ptch1,Zfp36l2
Mouse Phenotype Single KO	MP:0000017	big ears	48	7.62E-04	1.00E+00	1.44E-01	5.03E+01	3.97E-02	2	4.06E-04	2.04E-02	394	3.50E-02	1.00E+00	8.08E-01	2.82E+01	3.55E-02	1	5	6.58E-03	2.00E-01	chr13_53471407_53472168,chr13_53472662_53473247	Msx2
Mouse Phenotype Single KO	MP:0000333	decreased bone marrow cell number	49	7.64E-04	1.00E+00	1.42E-01	5.60E+00	1.07E+00	6	1.09E-02	6.12E-02	92	4.06E-03	1.00E+00	4.01E-01	6.19E+00	6.47E-01	4	91	2.63E-02	4.40E-02	chr10_68276719_68277215,chr13_63563733_63564766,chr17_83920344_83920701,chr17_84184827_84185319,chr17_84185496_84186847,chr8_84660555_84662042	Arid5b,Cacna1a,Fancc,Zfp36l2
Mouse Phenotype Single KO	MP:0001929	abnormal gametogenesis	50	7.72E-04	1.00E+00	1.40E-01	2.66E+00	5.27E+00	14	5.38E-02	1.43E-01	76	2.94E-03	1.00E+00	3.52E-01	2.53E+00	4.74E+00	12	667	7.89E-02	1.80E-02	chr10_68276719_68277215,chr10_80054157_80054700,chr10_80055087_80056206,chr11_87422538_87423866,chr12_16589553_16589895,chr12_16590033_16592004,chr13_63563733_63564766,chr13_63566316_63566849,chr14_46387358_46388080,chr17_35836387_35836777,chr4_134019055_134020274,chr5_138992412_138994516,chr7_6706261_6706761,chr7_82869018_82869904	Arid5b,Bmp4,Fancc,Gpx4,Lin28a,Lpin1,Mdc1,Mex3b,Pdgfa,Peg3,Ptch1,Tex14
Mouse Phenotype Single KO	MP:0000077	abnormal interparietal bone morphology	51	7.73E-04	1.00E+00	1.38E-01	7.05E+00	7.10E-01	5	7.24E-03	5.10E-02	86	3.76E-03	1.00E+00	3.97E-01	9.60E+00	3.13E-01	3	44	1.97E-02	6.82E-02	chr13_40727364_40730800,chr13_53471407_53472168,chr13_53472662_53473247,chr13_63563733_63564766,chr13_63566316_63566849	Msx2,Ptch1,Tfap2a
Mouse Phenotype Single KO	MP:0011579	decreased lipoprotein lipase activity	52	7.80E-04	1.00E+00	1.36E-01	4.97E+01	4.02E-02	2	4.10E-04	2.04E-02	267	2.12E-02	1.00E+00	7.20E-01	4.69E+01	2.13E-02	1	3	6.58E-03	3.33E-01	chr12_16589553_16589895,chr12_16590033_16592004	Lpin1
Mouse Phenotype Single KO	MP:0008021	increased blastoma incidence	53	7.81E-04	1.00E+00	1.34E-01	4.97E+01	4.02E-02	2	4.11E-04	2.04E-02	543	5.55E-02	1.00E+00	9.28E-01	1.76E+01	5.68E-02	1	8	6.58E-03	1.25E-01	chr13_63563733_63564766,chr13_63566316_63566849	Ptch1
Mouse Phenotype Single KO	MP:0000574	abnormal foot pad morphology	54	8.61E-04	1.00E+00	1.45E-01	1.64E+01	1.83E-01	3	1.86E-03	3.06E-02	167	9.64E-03	1.00E+00	5.24E-01	1.34E+01	1.49E-01	2	21	1.32E-02	9.52E-02	chr11_100206147_100206767,chr13_63563733_63564766,chr13_63566316_63566849	Krt9,Ptch1
Mouse Phenotype Single KO	MP:0004971	dermal hyperplasia	55	8.75E-04	1.00E+00	1.44E-01	4.69E+01	4.26E-02	2	4.35E-04	2.04E-02	324	2.81E-02	1.00E+00	7.89E-01	3.52E+01	2.84E-02	1	4	6.58E-03	2.50E-01	chr13_63563733_63564766,chr13_63566316_63566849	Ptch1
Mouse Phenotype Single KO	MP:0000423	delayed hair regrowth	56	1.01E-03	1.00E+00	1.64E-01	4.35E+01	4.59E-02	2	4.69E-04	2.04E-02	394	3.50E-02	1.00E+00	8.08E-01	2.82E+01	3.55E-02	1	5	6.58E-03	2.00E-01	chr13_53471407_53472168,chr13_53472662_53473247	Msx2
Mouse Phenotype Single KO	MP:0010290	increased muscle tumor incidence	57	1.08E-03	1.00E+00	1.72E-01	4.22E+01	4.74E-02	2	4.84E-04	2.04E-02	587	6.22E-02	1.00E+00	9.62E-01	1.56E+01	6.39E-02	1	9	6.58E-03	1.11E-01	chr13_63563733_63564766,chr13_63566316_63566849	Ptch1
Mouse Phenotype Single KO	MP:0000459	abnormal presacral vertebrae morphology	58	1.10E-03	1.00E+00	1.73E-01	3.52E+00	2.56E+00	9	2.61E-02	9.18E-02	5	3.29E-05	2.99E-01	5.98E-02	5.03E+00	1.99E+00	10	280	6.58E-02	3.57E-02	chr11_101658299_101659257,chr11_96352608_96353722,chr12_118847345_118851129,chr14_46387358_46388080,chr15_102982607_102983365,chr3_89280734_89281464,chr5_111006204_111007025,chr6_39204889_39205411,chr7_126781249_126781424	Arl4d,Bmp4,Efna1,Hoxb2,Hoxc8,Hoxc9,Kdm7a,Sp8,Tbx6,Ttc28
Mouse Phenotype Single KO	MP:0000583	long toenails	59	1.17E-03	1.00E+00	1.80E-01	4.05E+01	4.94E-02	2	5.04E-04	2.04E-02	448	4.19E-02	1.00E+00	8.50E-01	2.35E+01	4.26E-02	1	6	6.58E-03	1.67E-01	chr13_53471407_53472168,chr13_53472662_53473247	Msx2
Mouse Phenotype Single KO	MP:0000914	exencephaly	60	1.18E-03	1.00E+00	1.79E-01	3.85E+00	2.08E+00	8	2.12E-02	8.16E-02	37	4.69E-04	1.00E+00	1.15E-01	5.11E+00	1.37E+00	7	193	4.61E-02	3.63E-02	chr12_118847345_118851129,chr13_40727364_40730800,chr13_63563733_63564766,chr13_63566316_63566849,chr15_89174182_89175604,chr16_30066210_30067176,chr5_134313576_134314029,chr7_100372146_100372354	C2cd3,Gtf2i,Hes1,Plxnb2,Ptch1,Sp8,Tfap2a
Mouse Phenotype Single KO	MP:0000887	delaminated cerebellar granule layer	61	1.20E-03	1.00E+00	1.78E-01	4.00E+01	5.00E-02	2	5.10E-04	2.04E-02	200	1.42E-02	1.00E+00	6.43E-01	7.04E+01	1.42E-02	1	2	6.58E-03	5.00E-01	chr13_53471407_53472168,chr13_53472662_53473247	Msx2
Mouse Phenotype Single KO	MP:0000063	decreased bone mineral density	62	1.20E-03	1.00E+00	1.76E-01	3.47E+00	2.59E+00	9	2.65E-02	9.18E-02	88	3.87E-03	1.00E+00	3.99E-01	3.53E+00	1.98E+00	7	279	4.61E-02	2.51E-02	chr11_101658299_101659257,chr11_120186364_120189507,chr11_69399728_69400631,chr13_53471407_53472168,chr13_53472662_53473247,chr4_134019055_134020274,chr5_111006204_111007025,chr8_26117824_26118019,chr8_26118257_26118822	Arl4d,Cyb5d1,Hook3,Lin28a,Msx2,Slc38a10,Ttc28
Mouse Phenotype Single KO	MP:0009293	decreased inguinal fat pad weight	63	1.21E-03	1.00E+00	1.74E-01	1.46E+01	2.05E-01	3	2.10E-03	3.06E-02	233	1.68E-02	1.00E+00	6.55E-01	1.01E+01	1.99E-01	2	28	1.32E-02	7.14E-02	chr12_16589553_16589895,chr12_16590033_16592004,chr8_124946584_124947555	Lpin1,Sprtn
Mouse Phenotype Single KO	MP:0001156	abnormal spermatogenesis	64	1.21E-03	1.00E+00	1.72E-01	2.80E+00	4.29E+00	12	4.38E-02	1.22E-01	110	6.26E-03	1.00E+00	5.17E-01	2.55E+00	3.93E+00	10	553	6.58E-02	1.81E-02	chr10_68276719_68277215,chr10_80054157_80054700,chr10_80055087_80056206,chr11_87422538_87423866,chr12_16589553_16589895,chr12_16590033_16592004,chr13_63563733_63564766,chr13_63566316_63566849,chr17_35836387_35836777,chr4_134019055_134020274,chr5_138992412_138994516,chr7_82869018_82869904	Arid5b,Fancc,Gpx4,Lin28a,Lpin1,Mdc1,Mex3b,Pdgfa,Ptch1,Tex14
Mouse Phenotype Single KO	MP:0008146	asymmetric sternocostal joints	65	1.23E-03	1.00E+00	1.71E-01	8.71E+00	4.59E-01	4	4.68E-03	4.08E-02	57	1.37E-03	1.00E+00	2.18E-01	1.36E+01	2.20E-01	3	31	1.97E-02	9.68E-02	chr10_68276719_68277215,chr13_63563733_63564766,chr13_63566316_63566849,chr15_102982607_102983365	Arid5b,Hoxc9,Ptch1
Mouse Phenotype Single KO	MP:0011577	abnormal lipoprotein lipase activity	66	1.23E-03	1.00E+00	1.69E-01	3.94E+01	5.07E-02	2	5.17E-04	2.04E-02	448	4.19E-02	1.00E+00	8.50E-01	2.35E+01	4.26E-02	1	6	6.58E-03	1.67E-01	chr12_16589553_16589895,chr12_16590033_16592004	Lpin1
Mouse Phenotype Single KO	MP:0011486	ectopic ureter	67	1.26E-03	1.00E+00	1.71E-01	3.90E+01	5.13E-02	2	5.23E-04	2.04E-02	15	1.50E-04	1.00E+00	9.07E-02	9.38E+01	2.13E-02	2	3	1.32E-02	6.67E-01	chr14_46387358_46388080,chr3_37642698_37643251	Bmp4,Spry1
Mouse Phenotype Single KO	MP:0009277	increased brain tumor incidence	68	1.34E-03	1.00E+00	1.80E-01	3.77E+01	5.30E-02	2	5.41E-04	2.04E-02	676	7.54E-02	1.00E+00	1.00E+00	1.28E+01	7.81E-02	1	11	6.58E-03	9.09E-02	chr13_63563733_63564766,chr13_63566316_63566849	Ptch1
Mouse Phenotype Single KO	MP:0008861	abnormal hair shedding	69	1.38E-03	1.00E+00	1.82E-01	3.72E+01	5.38E-02	2	5.49E-04	2.04E-02	324	2.81E-02	1.00E+00	7.89E-01	3.52E+01	2.84E-02	1	4	6.58E-03	2.50E-01	chr13_53471407_53472168,chr13_53472662_53473247	Msx2
Mouse Phenotype Single KO	MP:0004733	abnormal thoracic cavity morphology	70	1.42E-03	1.00E+00	1.84E-01	1.38E+01	2.17E-01	3	2.22E-03	3.06E-02	184	1.25E-02	1.00E+00	6.17E-01	1.17E+01	1.71E-01	2	24	1.32E-02	8.33E-02	chr13_63563733_63564766,chr13_63566316_63566849,chr5_138992412_138994516	Pdgfa,Ptch1
Mouse Phenotype Single KO	MP:0004378	frontal bone foramen	71	1.44E-03	1.00E+00	1.85E-01	3.64E+01	5.50E-02	2	5.61E-04	2.04E-02	267	2.12E-02	1.00E+00	7.20E-01	4.69E+01	2.13E-02	1	3	6.58E-03	3.33E-01	chr13_53471407_53472168,chr13_53472662_53473247	Msx2
Mouse Phenotype Single KO	MP:0001247	dermal cysts	72	1.47E-03	1.00E+00	1.86E-01	3.60E+01	5.55E-02	2	5.67E-04	2.04E-02	543	5.55E-02	1.00E+00	9.28E-01	1.76E+01	5.68E-02	1	8	6.58E-03	1.25E-01	chr13_63563733_63564766,chr13_63566316_63566849	Ptch1
Mouse Phenotype Single KO	MP:0011582	decreased triglyceride lipase activity	73	1.53E-03	1.00E+00	1.90E-01	3.53E+01	5.66E-02	2	5.78E-04	2.04E-02	324	2.81E-02	1.00E+00	7.89E-01	3.52E+01	2.84E-02	1	4	6.58E-03	2.50E-01	chr12_16589553_16589895,chr12_16590033_16592004	Lpin1
Mouse Phenotype Single KO	MP:0004703	abnormal vertebral column morphology	74	1.64E-03	1.00E+00	2.02E-01	2.27E+00	7.04E+00	16	7.18E-02	1.63E-01	4	3.14E-05	2.85E-01	7.13E-02	3.28E+00	4.87E+00	16	686	1.05E-01	2.33E-02	chr10_68276719_68277215,chr11_101658299_101659257,chr11_101964638_101965429,chr11_96352608_96353722,chr12_118847345_118851129,chr13_40727364_40730800,chr13_63563733_63564766,chr13_63566316_63566849,chr14_46387358_46388080,chr15_102982607_102983365,chr3_89280734_89281464,chr4_141326801_141327760,chr5_111006204_111007025,chr6_39204889_39205411,chr7_126781249_126781424,chr8_124946584_124947555	Arid5b,Arl4d,Bmp4,Efna1,Epha2,Hoxb2,Hoxc8,Hoxc9,Kdm7a,Meox1,Ptch1,Sp8,Sprtn,Tbx6,Tfap2a,Ttc28
Mouse Phenotype Single KO	MP:0002650	abnormal ameloblast morphology	75	1.64E-03	1.00E+00	1.99E-01	1.31E+01	2.29E-01	3	2.34E-03	3.06E-02	143	7.12E-03	1.00E+00	4.52E-01	1.56E+01	1.28E-01	2	18	1.32E-02	1.11E-01	chr13_53471407_53472168,chr13_53472662_53473247,chr2_75703196_75704248	Msx2,Nfe2l2
Mouse Phenotype Single KO	MP:0009836	abnormal sperm principal piece morphology	76	1.72E-03	1.00E+00	2.06E-01	3.33E+01	6.01E-02	2	6.13E-04	2.04E-02	676	7.54E-02	1.00E+00	1.00E+00	1.28E+01	7.81E-02	1	11	6.58E-03	9.09E-02	chr10_80054157_80054700,chr10_80055087_80056206	Gpx4
Mouse Phenotype Single KO	MP:0000155	asymmetric rib joints	77	1.81E-03	1.00E+00	2.13E-01	7.83E+00	5.11E-01	4	5.21E-03	4.08E-02	72	2.66E-03	1.00E+00	3.36E-01	1.08E+01	2.77E-01	3	39	1.97E-02	7.69E-02	chr10_68276719_68277215,chr13_63563733_63564766,chr13_63566316_63566849,chr15_102982607_102983365	Arid5b,Hoxc9,Ptch1
Mouse Phenotype Single KO	MP:0009339	decreased splenocyte number	78	1.81E-03	1.00E+00	2.11E-01	1.27E+01	2.37E-01	3	2.42E-03	3.06E-02	1047	1.63E-01	1.00E+00	1.00E+00	5.63E+00	1.78E-01	1	25	6.58E-03	4.00E-02	chr17_83920344_83920701,chr17_84184827_84185319,chr17_84185496_84186847	Zfp36l2
Mouse Phenotype Single KO	MP:0004624	abnormal thoracic cage morphology	79	1.83E-03	1.00E+00	2.10E-01	2.66E+00	4.51E+00	12	4.60E-02	1.22E-01	8	6.29E-05	5.71E-01	7.14E-02	3.91E+00	3.07E+00	12	432	7.89E-02	2.78E-02	chr10_68276719_68277215,chr11_101658299_101659257,chr11_101964638_101965429,chr11_96352608_96353722,chr13_40727364_40730800,chr13_63563733_63564766,chr13_63566316_63566849,chr14_46387358_46388080,chr15_102982607_102983365,chr6_39204889_39205411,chr7_116032327_116033153,chr7_126781249_126781424	Arid5b,Arl4d,Bmp4,Hoxb2,Hoxc8,Hoxc9,Kdm7a,Meox1,Ptch1,Sox6,Tbx6,Tfap2a
Mouse Phenotype Single KO	MP:0000454	abnormal jaw morphology	80	1.88E-03	1.00E+00	2.13E-01	2.65E+00	4.52E+00	12	4.61E-02	1.22E-01	54	1.09E-03	1.00E+00	1.84E-01	3.53E+00	2.55E+00	9	359	5.92E-02	2.51E-02	chr10_68276719_68277215,chr11_120186364_120189507,chr11_96352608_96353722,chr13_40727364_40730800,chr13_53471407_53472168,chr13_53472662_53473247,chr13_63563733_63564766,chr13_63566316_63566849,chr2_71541880_71544776,chr2_71544955_71545796,chr2_75703196_75704248,chr5_111006204_111007025	Arid5b,Dlx2,Hoxb1,Msx2,Nfe2l2,Ptch1,Slc38a10,Tfap2a,Ttc28
Mouse Phenotype Single KO	MP:0003179	thrombocytopenia	81	1.89E-03	1.00E+00	2.12E-01	4.68E+00	1.28E+00	6	1.31E-02	6.12E-02	293	2.23E-02	1.00E+00	6.93E-01	3.75E+00	1.07E+00	4	150	2.63E-02	2.67E-02	chr11_120186364_120189507,chr13_63563733_63564766,chr17_83920344_83920701,chr17_84184827_84185319,chr17_84185496_84186847,chr2_75703196_75704248	Fancc,Nfe2l2,Slc38a10,Zfp36l2
Mouse Phenotype Single KO	MP:0005274	abnormal viscerocranium morphology	82	1.90E-03	1.00E+00	2.11E-01	2.52E+00	5.15E+00	13	5.26E-02	1.33E-01	48	7.88E-04	1.00E+00	1.49E-01	3.39E+00	2.95E+00	10	415	6.58E-02	2.41E-02	chr10_68276719_68277215,chr11_120186364_120189507,chr11_96352608_96353722,chr13_40727364_40730800,chr13_53471407_53472168,chr13_53472662_53473247,chr13_63563733_63564766,chr13_63566316_63566849,chr14_46387358_46388080,chr2_71541880_71544776,chr2_71544955_71545796,chr2_75703196_75704248,chr5_111006204_111007025	Arid5b,Bmp4,Dlx2,Hoxb1,Msx2,Nfe2l2,Ptch1,Slc38a10,Tfap2a,Ttc28
Mouse Phenotype Single KO	MP:0010300	increased skin tumor incidence	83	1.95E-03	1.00E+00	2.13E-01	1.23E+01	2.43E-01	3	2.48E-03	3.06E-02	90	4.01E-03	1.00E+00	4.05E-01	9.38E+00	3.20E-01	3	45	1.97E-02	6.67E-02	chr11_100206147_100206767,chr13_63563733_63564766,chr13_63566316_63566849	Krt14,Krt9,Ptch1
Mouse Phenotype Single KO	MP:0005371	limbs/digits/tail phenotype	84	1.95E-03	1.00E+00	2.11E-01	2.05E+00	9.27E+00	19	9.46E-02	1.94E-01	35	4.48E-04	1.00E+00	1.16E-01	2.60E+00	6.15E+00	16	865	1.05E-01	1.85E-02	chr10_68276719_68277215,chr11_100206147_100206767,chr11_101964638_101965429,chr12_118847345_118851129,chr13_40727364_40730800,chr13_53471407_53472168,chr13_53472662_53473247,chr13_63563733_63564766,chr13_63566316_63566849,chr14_46387358_46388080,chr15_102982607_102983365,chr15_89174182_89175604,chr4_141326801_141327760,chr5_111006204_111007025,chr6_39204889_39205411,chr7_100372146_100372354,chr7_126781249_126781424,chr8_26117824_26118019,chr8_26118257_26118822	Arid5b,Bmp4,C2cd3,Epha2,Hook3,Hoxc8,Kdm7a,Krt9,Msx2,Plxnb2,Ptch1,Sost,Sp8,Tbx6,Tfap2a,Ttc28
Mouse Phenotype Single KO	MP:0009122	decreased white fat cell lipid droplet size	85	2.07E-03	1.00E+00	2.22E-01	3.02E+01	6.61E-02	2	6.75E-04	2.04E-02	394	3.50E-02	1.00E+00	8.08E-01	2.82E+01	3.55E-02	1	5	6.58E-03	2.00E-01	chr12_16589553_16589895,chr12_16590033_16592004	Lpin1
Mouse Phenotype Single KO	MP:0004460	alisphenoid bone hypoplasia	86	2.08E-03	1.00E+00	2.20E-01	3.02E+01	6.63E-02	2	6.77E-04	2.04E-02	324	2.81E-02	1.00E+00	7.89E-01	3.52E+01	2.84E-02	1	4	6.58E-03	2.50E-01	chr13_63563733_63564766,chr13_63566316_63566849	Ptch1
Mouse Phenotype Single KO	MP:0012707	incomplete caudal neuropore closure	87	2.09E-03	1.00E+00	2.18E-01	3.01E+01	6.64E-02	2	6.77E-04	2.04E-02	63	1.75E-03	1.00E+00	2.52E-01	3.13E+01	6.39E-02	2	9	1.32E-02	2.22E-01	chr12_118847345_118851129,chr15_89174182_89175604	Plxnb2,Sp8
Mouse Phenotype Single KO	MP:0009742	increased corneal stroma thickness	88	2.09E-03	1.00E+00	2.16E-01	3.01E+01	6.65E-02	2	6.78E-04	2.04E-02	394	3.50E-02	1.00E+00	8.08E-01	2.82E+01	3.55E-02	1	5	6.58E-03	2.00E-01	chr13_53471407_53472168,chr13_53472662_53473247	Msx2
Mouse Phenotype Single KO	MP:0009250	abnormal appendicular skeleton morphology	89	2.12E-03	1.00E+00	2.17E-01	2.22E+00	7.22E+00	16	7.36E-02	1.63E-01	12	1.11E-04	1.00E+00	8.40E-02	3.25E+00	4.31E+00	14	606	9.21E-02	2.31E-02	chr10_68276719_68277215,chr11_101964638_101965429,chr11_120186364_120189507,chr11_96352608_96353722,chr12_118847345_118851129,chr13_40727364_40730800,chr13_53471407_53472168,chr13_53472662_53473247,chr13_63563733_63564766,chr13_63566316_63566849,chr14_46387358_46388080,chr15_102982607_102983365,chr5_111006204_111007025,chr7_116032327_116033153,chr8_26117824_26118019,chr8_26118257_26118822	Arid5b,Bmp4,Hook3,Hoxb2,Hoxc8,Hoxc9,Msx2,Ptch1,Slc38a10,Sost,Sox6,Sp8,Tfap2a,Ttc28
Mouse Phenotype Single KO	MP:0002716	small male preputial glands	90	2.13E-03	1.00E+00	2.15E-01	2.98E+01	6.70E-02	2	6.84E-04	2.04E-02	490	4.87E-02	1.00E+00	9.03E-01	2.01E+01	4.97E-02	1	7	6.58E-03	1.43E-01	chr13_63563733_63564766,chr13_63566316_63566849	Ptch1
Mouse Phenotype Single KO	MP:0001588	abnormal hemoglobin	91	2.27E-03	1.00E+00	2.27E-01	3.16E+00	2.85E+00	9	2.91E-02	9.18E-02	523	5.00E-02	1.00E+00	8.69E-01	2.27E+00	2.64E+00	6	372	3.95E-02	1.61E-02	chr11_120186364_120189507,chr11_69399728_69400631,chr17_83920344_83920701,chr17_84184827_84185319,chr17_84185496_84186847,chr2_75703196_75704248,chr8_124946584_124947555,chr8_26117824_26118019,chr8_26118257_26118822	Cyb5d1,Egln1,Hook3,Nfe2l2,Slc38a10,Zfp36l2
Mouse Phenotype Single KO	MP:0030127	small stapes	92	2.31E-03	1.00E+00	2.28E-01	2.86E+01	6.99E-02	2	7.13E-04	2.04E-02	25	2.98E-04	1.00E+00	1.08E-01	7.04E+01	2.84E-02	2	4	1.32E-02	5.00E-01	chr2_71541880_71544776,chr2_71544955_71545796	Dlx1,Dlx2
Mouse Phenotype Single KO	MP:0011580	abnormal triglyceride lipase activity	93	2.42E-03	1.00E+00	2.37E-01	2.79E+01	7.16E-02	2	7.31E-04	2.04E-02	543	5.55E-02	1.00E+00	9.28E-01	1.76E+01	5.68E-02	1	8	6.58E-03	1.25E-01	chr12_16589553_16589895,chr12_16590033_16592004	Lpin1
Mouse Phenotype Single KO	MP:0000647	abnormal sebaceous gland morphology	94	2.53E-03	1.00E+00	2.45E-01	7.13E+00	5.61E-01	4	5.72E-03	4.08E-02	176	1.11E-02	1.00E+00	5.75E-01	6.50E+00	4.62E-01	3	65	1.97E-02	4.62E-02	chr13_63563733_63564766,chr13_63566316_63566849,chr6_39204889_39205411,chr7_19355987_19356721	Kdm7a,Ppp1r13l,Ptch1
Mouse Phenotype Single KO	MP:0001524	impaired limb coordination	95	2.53E-03	1.00E+00	2.42E-01	5.37E+00	9.31E-01	5	9.50E-03	5.10E-02	126	7.04E-03	1.00E+00	5.08E-01	7.68E+00	3.91E-01	3	55	1.97E-02	5.45E-02	chr12_16589553_16589895,chr12_16590033_16592004,chr8_26117824_26118019,chr8_26118257_26118822,chr8_84660555_84662042	Cacna1a,Lpin1,Rnf170
Mouse Phenotype Single KO	MP:0009743	preaxial polydactyly	96	2.55E-03	1.00E+00	2.41E-01	1.12E+01	2.68E-01	3	2.73E-03	3.06E-02	305	2.42E-02	1.00E+00	7.22E-01	8.28E+00	2.42E-01	2	34	1.32E-02	5.88E-02	chr13_63563733_63564766,chr13_63566316_63566849,chr14_46387358_46388080	Bmp4,Ptch1
Mouse Phenotype Single KO	MP:0012544	abnormal caudal neuropore morphology	97	2.61E-03	1.00E+00	2.44E-01	2.69E+01	7.44E-02	2	7.59E-04	2.04E-02	68	2.17E-03	1.00E+00	2.90E-01	2.82E+01	7.10E-02	2	10	1.32E-02	2.00E-01	chr12_118847345_118851129,chr15_89174182_89175604	Plxnb2,Sp8
Mouse Phenotype Single KO	MP:0006320	abnormal interscapular fat pad morphology	98	2.68E-03	1.00E+00	2.48E-01	1.10E+01	2.72E-01	3	2.78E-03	3.06E-02	179	1.15E-02	1.00E+00	5.84E-01	1.22E+01	1.63E-01	2	23	1.32E-02	8.70E-02	chr12_16589553_16589895,chr12_16590033_16592004,chr8_124946584_124947555	Lpin1,Sprtn
Mouse Phenotype Single KO	MP:0011803	double kidney pelvis	99	2.71E-03	1.00E+00	2.49E-01	3.69E+02	2.71E-03	1	2.77E-05	1.02E-02	200	1.42E-02	1.00E+00	6.43E-01	7.04E+01	1.42E-02	1	2	6.58E-03	5.00E-01	chr15_89174182_89175604	Plxnb2
Mouse Phenotype Single KO	MP:0010980	ectopic ureteric bud	100	2.72E-03	1.00E+00	2.47E-01	2.63E+01	7.60E-02	2	7.76E-04	2.04E-02	46	7.38E-04	1.00E+00	1.46E-01	4.69E+01	4.26E-02	2	6	1.32E-02	3.33E-01	chr14_46387358_46388080,chr3_37642698_37643251	Bmp4,Spry1
Mouse Phenotype Single KO	MP:0000157	abnormal sternum morphology	101	2.73E-03	1.00E+00	2.45E-01	3.37E+00	2.38E+00	8	2.43E-02	8.16E-02	3	2.63E-05	2.39E-01	7.98E-02	6.74E+00	1.19E+00	8	167	5.26E-02	4.79E-02	chr10_68276719_68277215,chr11_96352608_96353722,chr13_40727364_40730800,chr13_63563733_63564766,chr13_63566316_63566849,chr14_46387358_46388080,chr15_102982607_102983365,chr7_116032327_116033153	Arid5b,Bmp4,Hoxb2,Hoxc8,Hoxc9,Ptch1,Sox6,Tfap2a
Mouse Phenotype Single KO	MP:0000588	thick tail	102	2.85E-03	1.00E+00	2.54E-01	2.57E+01	7.78E-02	2	7.94E-04	2.04E-02	587	6.22E-02	1.00E+00	9.62E-01	1.56E+01	6.39E-02	1	9	6.58E-03	1.11E-01	chr13_63563733_63564766,chr13_63566316_63566849	Ptch1
Mouse Phenotype Single KO	MP:0000367	abnormal coat/ hair morphology	103	2.86E-03	1.00E+00	2.53E-01	2.52E+00	4.76E+00	12	4.86E-02	1.22E-01	165	9.02E-03	1.00E+00	4.97E-01	2.56E+00	3.52E+00	9	495	5.92E-02	1.82E-02	chr12_16589553_16589895,chr12_16590033_16592004,chr13_53471407_53472168,chr13_53472662_53473247,chr13_63563733_63564766,chr13_63566316_63566849,chr15_89174182_89175604,chr16_5254419_5255117,chr19_57119757_57120427,chr3_50442906_50443889,chr7_19355987_19356721,chr8_84660555_84662042	Afap1l2,Alg1,Cacna1a,Lpin1,Msx2,Plxnb2,Ppp1r13l,Ptch1,Slc7a11
Mouse Phenotype Single KO	MP:0014146	decreased white adipose tissue mass	104	2.93E-03	1.00E+00	2.56E-01	2.53E+01	7.90E-02	2	8.06E-04	2.04E-02	543	5.55E-02	1.00E+00	9.28E-01	1.76E+01	5.68E-02	1	8	6.58E-03	1.25E-01	chr12_16589553_16589895,chr12_16590033_16592004	Lpin1
Mouse Phenotype Single KO	MP:0013640	increased bone stiffness	105	3.06E-03	1.00E+00	2.64E-01	3.27E+02	3.06E-03	1	3.12E-05	1.02E-02	128	7.10E-03	1.00E+00	5.04E-01	1.41E+02	7.10E-03	1	1	6.58E-03	1.00E+00	chr11_101964638_101965429	Sost
Mouse Phenotype Single KO	MP:0004739	conductive hearing loss	106	3.11E-03	1.00E+00	2.67E-01	1.04E+01	2.87E-01	3	2.93E-03	3.06E-02	99	4.95E-03	1.00E+00	4.55E-01	1.88E+01	1.07E-01	2	15	1.32E-02	1.33E-01	chr13_40727364_40730800,chr2_71541880_71544776,chr2_71544955_71545796	Dlx1,Tfap2a
Mouse Phenotype Single KO	MP:0010119	abnormal bone mineral density	107	3.12E-03	1.00E+00	2.65E-01	2.80E+00	3.57E+00	10	3.64E-02	1.02E-01	108	5.89E-03	1.00E+00	4.96E-01	2.96E+00	2.70E+00	8	380	5.26E-02	2.11E-02	chr11_101658299_101659257,chr11_101964638_101965429,chr11_120186364_120189507,chr11_69399728_69400631,chr13_53471407_53472168,chr13_53472662_53473247,chr4_134019055_134020274,chr5_111006204_111007025,chr8_26117824_26118019,chr8_26118257_26118822	Arl4d,Cyb5d1,Hook3,Lin28a,Msx2,Slc38a10,Sost,Ttc28
Mouse Phenotype Single KO	MP:0006326	conductive hearing impairment	108	3.20E-03	1.00E+00	2.70E-01	1.03E+01	2.90E-01	3	2.96E-03	3.06E-02	104	5.64E-03	1.00E+00	4.92E-01	1.76E+01	1.14E-01	2	16	1.32E-02	1.25E-01	chr13_40727364_40730800,chr2_71541880_71544776,chr2_71544955_71545796	Dlx1,Tfap2a
Mouse Phenotype Single KO	MP:0001256	abnormal body length	109	3.24E-03	1.00E+00	2.70E-01	2.78E+00	3.59E+00	10	3.66E-02	1.02E-01	43	6.30E-04	1.00E+00	1.33E-01	3.82E+00	2.36E+00	9	332	5.92E-02	2.71E-02	chr10_68276719_68277215,chr11_101658299_101659257,chr11_120186364_120189507,chr16_30066210_30067176,chr4_134019055_134020274,chr5_111006204_111007025,chr6_118758397_118758711,chr7_126781249_126781424,chr8_26117824_26118019,chr8_26118257_26118822	Ankrd26,Arid5b,Arl4d,Hes1,Hook3,Lin28a,Slc38a10,Tbx6,Ttc28
Mouse Phenotype Single KO	MP:0004456	small pterygoid bone	110	3.24E-03	1.00E+00	2.68E-01	2.40E+01	8.32E-02	2	8.49E-04	2.04E-02	394	3.50E-02	1.00E+00	8.08E-01	2.82E+01	3.55E-02	1	5	6.58E-03	2.00E-01	chr2_71541880_71544776,chr2_71544955_71545796	Dlx2
Mouse Phenotype Single KO	MP:0000580	deformed nails	111	3.28E-03	1.00E+00	2.69E-01	2.39E+01	8.37E-02	2	8.54E-04	2.04E-02	587	6.22E-02	1.00E+00	9.62E-01	1.56E+01	6.39E-02	1	9	6.58E-03	1.11E-01	chr13_53471407_53472168,chr13_53472662_53473247	Msx2
Mouse Phenotype Single KO	MP:0001292	abnormal lens vesicle development	112	3.29E-03	1.00E+00	2.67E-01	1.02E+01	2.93E-01	3	2.99E-03	3.06E-02	83	3.72E-03	1.00E+00	4.07E-01	2.17E+01	9.24E-02	2	13	1.32E-02	1.54E-01	chr13_40727364_40730800,chr13_53471407_53472168,chr13_53472662_53473247	Msx2,Tfap2a
Mouse Phenotype Single KO	MP:0004199	increased fetal size	113	3.33E-03	1.00E+00	2.68E-01	2.37E+01	8.44E-02	2	8.61E-04	2.04E-02	543	5.55E-02	1.00E+00	9.28E-01	1.76E+01	5.68E-02	1	8	6.58E-03	1.25E-01	chr13_63563733_63564766,chr13_63566316_63566849	Ptch1
Mouse Phenotype Single KO	MP:0006379	abnormal spermatocyte morphology	114	3.58E-03	1.00E+00	2.86E-01	9.93E+00	3.02E-01	3	3.08E-03	3.06E-02	586	6.21E-02	1.00E+00	9.63E-01	4.94E+00	4.05E-01	2	57	1.32E-02	3.51E-02	chr11_87422538_87423866,chr12_16589553_16589895,chr12_16590033_16592004	Lpin1,Tex14
Mouse Phenotype Single KO	MP:0000074	abnormal neurocranium morphology	115	3.59E-03	1.00E+00	2.83E-01	2.95E+00	3.05E+00	9	3.11E-02	9.18E-02	102	5.05E-03	1.00E+00	4.50E-01	3.82E+00	1.57E+00	6	221	3.95E-02	2.71E-02	chr10_68276719_68277215,chr13_40727364_40730800,chr13_53471407_53472168,chr13_53472662_53473247,chr13_63563733_63564766,chr13_63566316_63566849,chr14_46387358_46388080,chr2_71541880_71544776,chr2_71544955_71545796	Arid5b,Bmp4,Dlx2,Msx2,Ptch1,Tfap2a
Mouse Phenotype Single KO	MP:0001924	infertility	116	3.64E-03	1.00E+00	2.85E-01	2.25E+00	6.23E+00	14	6.36E-02	1.43E-01	440	3.96E-02	1.00E+00	8.18E-01	1.89E+00	5.28E+00	10	743	6.58E-02	1.35E-02	chr10_68276719_68277215,chr10_80054157_80054700,chr10_80055087_80056206,chr11_87422538_87423866,chr12_16589553_16589895,chr12_16590033_16592004,chr13_63563733_63564766,chr13_63566316_63566849,chr17_35836387_35836777,chr17_83920344_83920701,chr17_84184827_84185319,chr17_84185496_84186847,chr7_19355987_19356721,chr8_84660555_84662042	Arid5b,Cacna1a,Fancc,Gpx4,Lpin1,Mdc1,Ppp1r13l,Ptch1,Tex14,Zfp36l2
Mouse Phenotype Single KO	MP:0009120	abnormal white fat cell lipid droplet size	117	3.81E-03	1.00E+00	2.96E-01	2.21E+01	9.04E-02	2	9.22E-04	2.04E-02	543	5.55E-02	1.00E+00	9.28E-01	1.76E+01	5.68E-02	1	8	6.58E-03	1.25E-01	chr12_16589553_16589895,chr12_16590033_16592004	Lpin1
Mouse Phenotype Single KO	MP:0001258	decreased body length	118	3.94E-03	1.00E+00	3.03E-01	2.91E+00	3.10E+00	9	3.16E-02	9.18E-02	52	1.01E-03	1.00E+00	1.76E-01	3.95E+00	2.02E+00	8	285	5.26E-02	2.81E-02	chr10_68276719_68277215,chr11_101658299_101659257,chr11_120186364_120189507,chr16_30066210_30067176,chr4_134019055_134020274,chr5_111006204_111007025,chr7_126781249_126781424,chr8_26117824_26118019,chr8_26118257_26118822	Arid5b,Arl4d,Hes1,Hook3,Lin28a,Slc38a10,Tbx6,Ttc28
Mouse Phenotype Single KO	MP:0004500	increased incidence of tumors by ionizing radiation induction	119	3.96E-03	1.00E+00	3.03E-01	2.17E+01	9.22E-02	2	9.41E-04	2.04E-02	838	1.08E-01	1.00E+00	1.00E+00	8.80E+00	1.14E-01	1	16	6.58E-03	6.25E-02	chr13_63563733_63564766,chr13_63566316_63566849	Ptch1
Mouse Phenotype Single KO	MP:0000913	abnormal brain development	120	4.15E-03	1.00E+00	3.15E-01	2.14E+00	7.02E+00	15	7.16E-02	1.53E-01	29	3.20E-04	1.00E+00	1.00E-01	3.09E+00	4.21E+00	13	592	8.55E-02	2.20E-02	chr11_96352608_96353722,chr12_118847345_118851129,chr13_40727364_40730800,chr13_53471407_53472168,chr13_53472662_53473247,chr13_63563733_63564766,chr13_63566316_63566849,chr15_89174182_89175604,chr16_30066210_30067176,chr2_71541880_71544776,chr2_71544955_71545796,chr5_134313576_134314029,chr6_48840815_48841662,chr7_100372146_100372354,chr8_84660555_84662042	C2cd3,Cacna1a,Dlx2,Gtf2i,Hes1,Hoxb1,Hoxb2,Msx2,Plxnb2,Ptch1,Sp8,Tfap2a,Tmem176b
Mouse Phenotype Single KO	MP:0012136	absent forebrain	121	4.18E-03	1.00E+00	3.14E-01	2.11E+01	9.47E-02	2	9.67E-04	2.04E-02	745	8.85E-02	1.00E+00	1.00E+00	1.08E+01	9.24E-02	1	13	6.58E-03	7.69E-02	chr13_63563733_63564766,chr13_63566316_63566849	Ptch1
Mouse Phenotype Single KO	MP:0002447	abnormal erythrocyte morphology	122	4.22E-03	1.00E+00	3.14E-01	2.30E+00	5.66E+00	13	5.77E-02	1.33E-01	369	3.10E-02	1.00E+00	7.63E-01	1.98E+00	5.06E+00	10	712	6.58E-02	1.40E-02	chr11_120186364_120189507,chr11_69399728_69400631,chr11_70233509_70233695,chr14_46387358_46388080,chr17_83920344_83920701,chr17_84184827_84185319,chr17_84185496_84186847,chr2_75703196_75704248,chr5_111006204_111007025,chr5_138195378_138196719,chr8_124946584_124947555,chr8_26117824_26118019,chr8_26118257_26118822	Bcl6b,Bmp4,Cyb5d1,Egln1,Hook3,Nfe2l2,Nxpe5,Slc38a10,Ttc28,Zfp36l2
Mouse Phenotype Single KO	MP:0003047	abnormal thoracic vertebrae morphology	123	4.23E-03	1.00E+00	3.12E-01	4.76E+00	1.05E+00	5	1.07E-02	5.10E-02	24	2.73E-04	1.00E+00	1.03E-01	6.76E+00	8.88E-01	6	125	3.95E-02	4.80E-02	chr11_101658299_101659257,chr14_46387358_46388080,chr15_102982607_102983365,chr6_39204889_39205411,chr7_126781249_126781424	Arl4d,Bmp4,Hoxc8,Hoxc9,Kdm7a,Tbx6
Mouse Phenotype Single KO	MP:0013744	abnormal conjunctival sac morphology	124	4.43E-03	1.00E+00	3.24E-01	2.25E+02	4.44E-03	1	4.53E-05	1.02E-02	200	1.42E-02	1.00E+00	6.43E-01	7.04E+01	1.42E-02	1	2	6.58E-03	5.00E-01	chr7_19355987_19356721	Ppp1r13l
Mouse Phenotype Single KO	MP:0002739	abnormal olfactory bulb development	125	4.47E-03	1.00E+00	3.25E-01	9.17E+00	3.27E-01	3	3.34E-03	3.06E-02	246	1.80E-02	1.00E+00	6.63E-01	9.71E+00	2.06E-01	2	29	1.32E-02	6.90E-02	chr15_89174182_89175604,chr2_71541880_71544776,chr2_71544955_71545796	Dlx2,Plxnb2
Mouse Phenotype Single KO	MP:0001068	abnormal mandibular nerve branching	126	4.62E-03	1.00E+00	3.33E-01	2.00E+01	9.98E-02	2	1.02E-03	2.04E-02	324	2.81E-02	1.00E+00	7.89E-01	3.52E+01	2.84E-02	1	4	6.58E-03	2.50E-01	chr2_71541880_71544776,chr2_71544955_71545796	Dlx2
Mouse Phenotype Single KO	MP:0002073	abnormal hair growth	127	4.63E-03	1.00E+00	3.31E-01	3.41E+00	2.05E+00	7	2.09E-02	7.14E-02	585	6.13E-02	1.00E+00	9.52E-01	2.71E+00	1.48E+00	4	208	2.63E-02	1.92E-02	chr12_16589553_16589895,chr12_16590033_16592004,chr13_53471407_53472168,chr13_53472662_53473247,chr13_63563733_63564766,chr13_63566316_63566849,chr7_19355987_19356721	Lpin1,Msx2,Ppp1r13l,Ptch1
Mouse Phenotype Single KO	MP:0000150	abnormal rib morphology	128	4.64E-03	1.00E+00	3.29E-01	2.83E+00	3.18E+00	9	3.24E-02	9.18E-02	42	5.78E-04	1.00E+00	1.25E-01	3.86E+00	2.33E+00	9	328	5.92E-02	2.74E-02	chr11_101658299_101659257,chr11_101964638_101965429,chr13_40727364_40730800,chr13_63563733_63564766,chr13_63566316_63566849,chr14_46387358_46388080,chr15_102982607_102983365,chr6_39204889_39205411,chr7_126781249_126781424	Arl4d,Bmp4,Hoxc8,Hoxc9,Kdm7a,Meox1,Ptch1,Tbx6,Tfap2a
Mouse Phenotype Single KO	MP:0003841	abnormal lambdoidal suture morphology	129	4.64E-03	1.00E+00	3.27E-01	2.00E+01	1.00E-01	2	1.02E-03	2.04E-02	448	4.19E-02	1.00E+00	8.50E-01	2.35E+01	4.26E-02	1	6	6.58E-03	1.67E-01	chr13_63563733_63564766,chr13_63566316_63566849	Ptch1
Mouse Phenotype Single KO	MP:0000137	abnormal vertebrae morphology	130	4.66E-03	1.00E+00	3.26E-01	2.37E+00	5.06E+00	12	5.16E-02	1.22E-01	9	7.27E-05	6.61E-01	7.34E-02	3.59E+00	3.62E+00	13	509	8.55E-02	2.55E-02	chr10_68276719_68277215,chr11_101658299_101659257,chr11_101964638_101965429,chr11_96352608_96353722,chr12_118847345_118851129,chr14_46387358_46388080,chr15_102982607_102983365,chr3_89280734_89281464,chr4_141326801_141327760,chr5_111006204_111007025,chr6_39204889_39205411,chr7_126781249_126781424	Arid5b,Arl4d,Bmp4,Efna1,Epha2,Hoxb2,Hoxc8,Hoxc9,Kdm7a,Meox1,Sp8,Tbx6,Ttc28
Mouse Phenotype Single KO	MP:0003975	increased circulating VLDL triglyceride level	131	4.69E-03	1.00E+00	3.25E-01	1.99E+01	1.01E-01	2	1.03E-03	2.04E-02	718	8.20E-02	1.00E+00	1.00E+00	1.17E+01	8.53E-02	1	12	6.58E-03	8.33E-02	chr12_16589553_16589895,chr12_16590033_16592004	Lpin1
Mouse Phenotype Single KO	MP:0009800	abnormal mandibular nerve morphology	132	4.80E-03	1.00E+00	3.31E-01	1.96E+01	1.02E-01	2	1.04E-03	2.04E-02	394	3.50E-02	1.00E+00	8.08E-01	2.82E+01	3.55E-02	1	5	6.58E-03	2.00E-01	chr2_71541880_71544776,chr2_71544955_71545796	Dlx2
Mouse Phenotype Single KO	MP:0000222	decreased neutrophil cell number	133	4.85E-03	1.00E+00	3.31E-01	5.93E+00	6.74E-01	4	6.88E-03	4.08E-02	1186	2.15E-01	1.00E+00	1.00E+00	2.31E+00	8.67E-01	2	122	1.32E-02	1.64E-02	chr11_70233509_70233695,chr17_83920344_83920701,chr17_84184827_84185319,chr17_84185496_84186847	Bcl6b,Zfp36l2
Mouse Phenotype Single KO	MP:0002286	cryptorchism	134	4.93E-03	1.00E+00	3.34E-01	8.85E+00	3.39E-01	3	3.46E-03	3.06E-02	228	1.57E-02	1.00E+00	6.24E-01	1.04E+01	1.92E-01	2	27	1.32E-02	7.41E-02	chr10_68276719_68277215,chr13_63563733_63564766,chr13_63566316_63566849	Arid5b,Ptch1
Mouse Phenotype Single KO	MP:0012524	abnormal lower lip morphology	135	4.99E-03	1.00E+00	3.36E-01	2.00E+02	5.01E-03	1	5.11E-05	1.02E-02	6	5.01E-05	4.56E-01	7.59E-02	1.41E+02	1.42E-02	2	2	1.32E-02	1.00E+00	chr11_96352608_96353722	Hoxb1,Hoxb2
Mouse Phenotype Single KO	MP:0009647	decreased fertilization frequency	136	5.00E-03	1.00E+00	3.34E-01	1.92E+01	1.04E-01	2	1.06E-03	2.04E-02	944	1.33E-01	1.00E+00	1.00E+00	7.04E+00	1.42E-01	1	20	6.58E-03	5.00E-02	chr10_80054157_80054700,chr10_80055087_80056206	Gpx4
Mouse Phenotype Single KO	MP:0003036	vertebral transformation	137	5.08E-03	1.00E+00	3.37E-01	5.85E+00	6.84E-01	4	6.98E-03	4.08E-02	34	4.35E-04	1.00E+00	1.16E-01	7.91E+00	6.32E-01	5	89	3.29E-02	5.62E-02	chr11_96352608_96353722,chr15_102982607_102983365,chr3_89280734_89281464,chr6_39204889_39205411	Efna1,Hoxb2,Hoxc8,Hoxc9,Kdm7a
Mouse Phenotype Single KO	MP:0005404	abnormal axon morphology	138	5.08E-03	1.00E+00	3.35E-01	3.82E+00	1.57E+00	6	1.60E-02	6.12E-02	296	2.28E-02	1.00E+00	7.01E-01	3.73E+00	1.07E+00	4	151	2.63E-02	2.65E-02	chr12_16589553_16589895,chr12_16590033_16592004,chr2_75703196_75704248,chr8_84660555_84662042,chr9_55542234_55544237,chr9_55544680_55546400	Cacna1a,Isl2,Lpin1,Nfe2l2
Mouse Phenotype Single KO	MP:0000172	abnormal bone marrow cell number	139	5.22E-03	1.00E+00	3.41E-01	3.80E+00	1.58E+00	6	1.61E-02	6.12E-02	250	1.87E-02	1.00E+00	6.79E-01	3.96E+00	1.01E+00	4	142	2.63E-02	2.82E-02	chr10_68276719_68277215,chr13_63563733_63564766,chr17_83920344_83920701,chr17_84184827_84185319,chr17_84185496_84186847,chr8_84660555_84662042	Arid5b,Cacna1a,Fancc,Zfp36l2
Mouse Phenotype Single KO	MP:0011760	abnormal ureteric bud tip morphology	140	5.23E-03	1.00E+00	3.39E-01	1.88E+01	1.06E-01	2	1.09E-03	2.04E-02	46	7.38E-04	1.00E+00	1.46E-01	4.69E+01	4.26E-02	2	6	1.32E-02	3.33E-01	chr15_89174182_89175604,chr3_37642698_37643251	Plxnb2,Spry1
Mouse Phenotype Single KO	MP:0002208	abnormal germ cell morphology	141	5.32E-03	1.00E+00	3.43E-01	2.45E+00	4.49E+00	11	4.58E-02	1.12E-01	255	1.94E-02	1.00E+00	6.91E-01	2.25E+00	4.00E+00	9	563	5.92E-02	1.60E-02	chr10_80054157_80054700,chr10_80055087_80056206,chr11_87422538_87423866,chr12_16589553_16589895,chr12_16590033_16592004,chr13_63563733_63564766,chr14_46387358_46388080,chr17_35836387_35836777,chr4_134019055_134020274,chr7_6706261_6706761,chr7_82869018_82869904	Bmp4,Fancc,Gpx4,Lin28a,Lpin1,Mdc1,Mex3b,Peg3,Tex14
Mouse Phenotype Single KO	MP:0009957	abnormal cerebellum vermis lobule morphology	142	5.39E-03	1.00E+00	3.45E-01	1.85E+01	1.08E-01	2	1.10E-03	2.04E-02	448	4.19E-02	1.00E+00	8.50E-01	2.35E+01	4.26E-02	1	6	6.58E-03	1.67E-01	chr13_53471407_53472168,chr13_53472662_53473247	Msx2
Mouse Phenotype Single KO	MP:0030123	small middle ear ossicles	143	5.60E-03	1.00E+00	3.56E-01	1.81E+01	1.10E-01	2	1.12E-03	2.04E-02	63	1.75E-03	1.00E+00	2.52E-01	3.13E+01	6.39E-02	2	9	1.32E-02	2.22E-01	chr2_71541880_71544776,chr2_71544955_71545796	Dlx1,Dlx2
Mouse Phenotype Single KO	MP:0004342	scapular bone foramen	144	5.65E-03	1.00E+00	3.56E-01	1.81E+01	1.11E-01	2	1.13E-03	2.04E-02	394	3.50E-02	1.00E+00	8.08E-01	2.82E+01	3.55E-02	1	5	6.58E-03	2.00E-01	chr13_63563733_63564766,chr13_63566316_63566849	Ptch1
Mouse Phenotype Single KO	MP:0004666	absent stapedial artery	145	5.70E-03	1.00E+00	3.57E-01	1.80E+01	1.11E-01	2	1.14E-03	2.04E-02	104	5.64E-03	1.00E+00	4.92E-01	1.76E+01	1.14E-01	2	16	1.32E-02	1.25E-01	chr2_71541880_71544776,chr2_71544955_71545796	Dlx1,Dlx2
Mouse Phenotype Single KO	MP:0002021	increased incidence of induced tumors	146	5.76E-03	1.00E+00	3.59E-01	4.41E+00	1.13E+00	5	1.16E-02	5.10E-02	183	1.19E-02	1.00E+00	5.91E-01	4.54E+00	8.81E-01	4	124	2.63E-02	3.23E-02	chr13_63563733_63564766,chr13_63566316_63566849,chr2_75703196_75704248,chr3_50442906_50443889,chr4_141326801_141327760	Epha2,Nfe2l2,Ptch1,Slc7a11
Mouse Phenotype Single KO	MP:0008785	abnormal sternum manubrium morphology	147	5.82E-03	1.00E+00	3.60E-01	1.78E+01	1.13E-01	2	1.15E-03	2.04E-02	394	3.50E-02	1.00E+00	8.08E-01	2.82E+01	3.55E-02	1	5	6.58E-03	2.00E-01	chr13_63563733_63564766,chr13_63566316_63566849	Ptch1
Mouse Phenotype Single KO	MP:0001510	abnormal coat appearance	148	5.83E-03	1.00E+00	3.58E-01	2.42E+00	4.55E+00	11	4.64E-02	1.12E-01	257	1.95E-02	1.00E+00	6.91E-01	2.39E+00	3.35E+00	8	471	5.26E-02	1.70E-02	chr12_16589553_16589895,chr12_16590033_16592004,chr13_53471407_53472168,chr13_53472662_53473247,chr13_63563733_63564766,chr13_63566316_63566849,chr15_89174182_89175604,chr16_5254419_5255117,chr3_50442906_50443889,chr7_19355987_19356721,chr8_84660555_84662042	Alg1,Cacna1a,Lpin1,Msx2,Plxnb2,Ppp1r13l,Ptch1,Slc7a11
Mouse Phenotype Single KO	MP:0004665	abnormal stapedial artery morphology	149	6.02E-03	1.00E+00	3.67E-01	1.75E+01	1.15E-01	2	1.17E-03	2.04E-02	112	6.36E-03	1.00E+00	5.16E-01	1.66E+01	1.21E-01	2	17	1.32E-02	1.18E-01	chr2_71541880_71544776,chr2_71544955_71545796	Dlx1,Dlx2
Mouse Phenotype Single KO	MP:0012652	decreased catalase level	150	6.16E-03	1.00E+00	3.73E-01	1.62E+02	6.18E-03	1	6.30E-05	1.02E-02	128	7.10E-03	1.00E+00	5.04E-01	1.41E+02	7.10E-03	1	1	6.58E-03	1.00E+00	chr2_75703196_75704248	Nfe2l2
Mouse Phenotype Single KO	MP:0000106	abnormal basisphenoid bone morphology	151	6.36E-03	1.00E+00	3.83E-01	5.49E+00	7.29E-01	4	7.44E-03	4.08E-02	430	3.74E-02	1.00E+00	7.91E-01	6.55E+00	3.05E-01	2	43	1.32E-02	4.65E-02	chr13_63563733_63564766,chr13_63566316_63566849,chr2_71541880_71544776,chr2_71544955_71545796	Dlx2,Ptch1
Mouse Phenotype Single KO	MP:0002109	abnormal limb morphology	152	6.36E-03	1.00E+00	3.80E-01	2.04E+00	7.35E+00	15	7.50E-02	1.53E-01	78	3.24E-03	1.00E+00	3.77E-01	2.50E+00	4.80E+00	12	675	7.89E-02	1.78E-02	chr10_68276719_68277215,chr11_100206147_100206767,chr11_101964638_101965429,chr12_118847345_118851129,chr13_40727364_40730800,chr13_53471407_53472168,chr13_53472662_53473247,chr13_63563733_63564766,chr13_63566316_63566849,chr14_46387358_46388080,chr15_102982607_102983365,chr5_111006204_111007025,chr7_100372146_100372354,chr8_26117824_26118019,chr8_26118257_26118822	Arid5b,Bmp4,C2cd3,Hook3,Hoxc8,Krt9,Msx2,Ptch1,Sost,Sp8,Tfap2a,Ttc28
Mouse Phenotype Single KO	MP:0000159	abnormal xiphoid process morphology	153	6.64E-03	1.00E+00	3.95E-01	5.42E+00	7.38E-01	4	7.54E-03	4.08E-02	22	2.66E-04	1.00E+00	1.10E-01	1.28E+01	3.13E-01	4	44	2.63E-02	9.09E-02	chr13_63563733_63564766,chr13_63566316_63566849,chr14_46387358_46388080,chr15_102982607_102983365	Bmp4,Hoxc8,Hoxc9,Ptch1
Mouse Phenotype Single KO	MP:0002874	decreased hemoglobin content	154	6.75E-03	1.00E+00	3.98E-01	4.25E+00	1.18E+00	5	1.20E-02	5.10E-02	778	9.29E-02	1.00E+00	1.00E+00	2.80E+00	1.07E+00	3	151	1.97E-02	1.99E-02	chr11_120186364_120189507,chr17_83920344_83920701,chr17_84184827_84185319,chr17_84185496_84186847,chr2_75703196_75704248	Nfe2l2,Slc38a10,Zfp36l2
Mouse Phenotype Single KO	MP:0000585	kinked tail	155	6.82E-03	1.00E+00	4.00E-01	4.24E+00	1.18E+00	5	1.20E-02	5.10E-02	109	6.07E-03	1.00E+00	5.06E-01	5.52E+00	7.25E-01	4	102	2.63E-02	3.92E-02	chr12_118847345_118851129,chr13_63563733_63564766,chr13_63566316_63566849,chr4_141326801_141327760,chr7_126781249_126781424	Epha2,Ptch1,Sp8,Tbx6
Mouse Phenotype Single KO	MP:0004720	abnormal platelet morphology	156	6.84E-03	1.00E+00	3.99E-01	3.17E+00	2.21E+00	7	2.25E-02	7.14E-02	444	3.99E-02	1.00E+00	8.18E-01	2.68E+00	1.87E+00	5	263	3.29E-02	1.90E-02	chr11_120186364_120189507,chr13_63563733_63564766,chr17_83920344_83920701,chr17_84184827_84185319,chr17_84185496_84186847,chr2_75703196_75704248,chr3_50442906_50443889	Fancc,Nfe2l2,Slc38a10,Slc7a11,Zfp36l2
Mouse Phenotype Single KO	MP:0002764	short tibia	157	6.94E-03	1.00E+00	4.02E-01	3.58E+00	1.68E+00	6	1.71E-02	6.12E-02	263	2.05E-02	1.00E+00	7.07E-01	3.86E+00	1.04E+00	4	146	2.63E-02	2.74E-02	chr10_68276719_68277215,chr13_53471407_53472168,chr13_53472662_53473247,chr5_111006204_111007025,chr8_26117824_26118019,chr8_26118257_26118822	Arid5b,Hook3,Msx2,Ttc28
Mouse Phenotype Single KO	MP:0009395	increased nucleated erythrocyte cell number	158	6.96E-03	1.00E+00	4.00E-01	7.80E+00	3.84E-01	3	3.92E-03	3.06E-02	1321	2.64E-01	1.00E+00	1.00E+00	3.27E+00	3.05E-01	1	43	6.58E-03	2.33E-02	chr17_83920344_83920701,chr17_84184827_84185319,chr17_84185496_84186847	Zfp36l2
Mouse Phenotype Single KO	MP:0005106	abnormal incus morphology	159	6.99E-03	1.00E+00	4.00E-01	7.79E+00	3.85E-01	3	3.93E-03	3.06E-02	184	1.25E-02	1.00E+00	6.17E-01	1.17E+01	1.71E-01	2	24	1.32E-02	8.33E-02	chr13_40727364_40730800,chr2_71541880_71544776,chr2_71544955_71545796	Dlx2,Tfap2a
Mouse Phenotype Single KO	MP:0003959	abnormal lean body mass	160	7.29E-03	1.00E+00	4.14E-01	2.64E+00	3.41E+00	9	3.48E-02	9.18E-02	243	1.72E-02	1.00E+00	6.43E-01	2.65E+00	2.64E+00	7	372	4.61E-02	1.88E-02	chr11_101658299_101659257,chr11_120186364_120189507,chr12_16589553_16589895,chr12_16590033_16592004,chr19_57119757_57120427,chr5_111006204_111007025,chr6_118758397_118758711,chr8_26117824_26118019,chr8_26118257_26118822	Afap1l2,Ankrd26,Arl4d,Hook3,Lpin1,Slc38a10,Ttc28
Mouse Phenotype Single KO	MP:0000866	cerebellum vermis hypoplasia	161	7.44E-03	1.00E+00	4.20E-01	1.56E+01	1.28E-01	2	1.30E-03	2.04E-02	587	6.22E-02	1.00E+00	9.62E-01	1.56E+01	6.39E-02	1	9	6.58E-03	1.11E-01	chr13_53471407_53472168,chr13_53472662_53473247	Msx2
Mouse Phenotype Single KO	MP:0000202	abnormal circulating alkaline phosphatase level	162	7.54E-03	1.00E+00	4.23E-01	3.51E+00	1.71E+00	6	1.74E-02	6.12E-02	266	2.10E-02	1.00E+00	7.16E-01	3.18E+00	1.57E+00	5	221	3.29E-02	2.26E-02	chr11_120186364_120189507,chr11_69399728_69400631,chr19_57119757_57120427,chr5_111006204_111007025,chr8_26117824_26118019,chr8_26118257_26118822	Afap1l2,Cyb5d1,Hook3,Slc38a10,Ttc28
Mouse Phenotype Single KO	MP:0003401	enlarged tail bud	163	7.60E-03	1.00E+00	4.24E-01	1.31E+02	7.63E-03	1	7.78E-05	1.02E-02	267	2.12E-02	1.00E+00	7.20E-01	4.69E+01	2.13E-02	1	3	6.58E-03	3.33E-01	chr7_126781249_126781424	Tbx6
Mouse Phenotype Single KO	MP:0002151	abnormal neural tube morphology	164	7.66E-03	1.00E+00	4.24E-01	2.33E+00	4.72E+00	11	4.82E-02	1.12E-01	33	4.05E-04	1.00E+00	1.12E-01	3.42E+00	3.22E+00	11	453	7.24E-02	2.43E-02	chr11_96352608_96353722,chr12_118847345_118851129,chr13_40727364_40730800,chr13_63563733_63564766,chr13_63566316_63566849,chr15_89174182_89175604,chr16_30066210_30067176,chr4_133755923_133757903,chr4_141326801_141327760,chr7_100372146_100372354,chr7_126781249_126781424	Arid1a,C2cd3,Epha2,Hes1,Hoxb1,Hoxb2,Plxnb2,Ptch1,Sp8,Tbx6,Tfap2a
Mouse Phenotype Single KO	MP:0008148	abnormal sternocostal joint morphology	165	7.66E-03	1.00E+00	4.22E-01	5.20E+00	7.70E-01	4	7.85E-03	4.08E-02	50	8.23E-04	1.00E+00	1.50E-01	9.54E+00	4.19E-01	4	59	2.63E-02	6.78E-02	chr10_68276719_68277215,chr13_63563733_63564766,chr13_63566316_63566849,chr15_102982607_102983365	Arid5b,Hoxc8,Hoxc9,Ptch1
Mouse Phenotype Single KO	MP:0004459	small alisphenoid bone	166	7.72E-03	1.00E+00	4.22E-01	1.54E+01	1.30E-01	2	1.33E-03	2.04E-02	490	4.87E-02	1.00E+00	9.03E-01	2.01E+01	4.97E-02	1	7	6.58E-03	1.43E-01	chr13_63563733_63564766,chr13_63566316_63566849	Ptch1
Mouse Phenotype Single KO	MP:0004444	small supraoccipital bone	167	7.76E-03	1.00E+00	4.22E-01	1.53E+01	1.31E-01	2	1.33E-03	2.04E-02	448	4.19E-02	1.00E+00	8.50E-01	2.35E+01	4.26E-02	1	6	6.58E-03	1.67E-01	chr13_53471407_53472168,chr13_53472662_53473247	Msx2
Mouse Phenotype Single KO	MP:0003698	abnormal male reproductive system physiology	168	7.76E-03	1.00E+00	4.20E-01	2.06E+00	6.80E+00	14	6.94E-02	1.43E-01	194	1.34E-02	1.00E+00	6.26E-01	2.08E+00	5.78E+00	12	813	7.89E-02	1.48E-02	chr10_68276719_68277215,chr10_80054157_80054700,chr10_80055087_80056206,chr11_87422538_87423866,chr12_16589553_16589895,chr12_16590033_16592004,chr13_63563733_63564766,chr13_63566316_63566849,chr17_35836387_35836777,chr4_134019055_134020274,chr5_134313576_134314029,chr7_19355987_19356721,chr7_82869018_82869904,chr8_84660555_84662042	Arid5b,Cacna1a,Fancc,Gpx4,Gtf2i,Lin28a,Lpin1,Mdc1,Mex3b,Ppp1r13l,Ptch1,Tex14
Mouse Phenotype Single KO	MP:0010279	increased gastrointestinal tumor incidence	169	7.86E-03	1.00E+00	4.23E-01	7.46E+00	4.02E-01	3	4.10E-03	3.06E-02	531	5.28E-02	1.00E+00	9.03E-01	5.41E+00	3.69E-01	2	52	1.32E-02	3.85E-02	chr13_63563733_63564766,chr13_63566316_63566849,chr2_75703196_75704248	Nfe2l2,Ptch1
Mouse Phenotype Single KO	MP:0000558	abnormal tibia morphology	170	7.90E-03	1.00E+00	4.22E-01	3.09E+00	2.27E+00	7	2.31E-02	7.14E-02	231	1.60E-02	1.00E+00	6.29E-01	3.42E+00	1.46E+00	5	206	3.29E-02	2.43E-02	chr10_68276719_68277215,chr12_118847345_118851129,chr13_53471407_53472168,chr13_53472662_53473247,chr5_111006204_111007025,chr8_26117824_26118019,chr8_26118257_26118822	Arid5b,Hook3,Msx2,Sp8,Ttc28
Mouse Phenotype Single KO	MP:0000431	absent palatine bone horizontal plate	171	7.93E-03	1.00E+00	4.21E-01	1.51E+01	1.32E-01	2	1.35E-03	2.04E-02	636	6.88E-02	1.00E+00	9.83E-01	1.41E+01	7.10E-02	1	10	6.58E-03	1.00E-01	chr2_71541880_71544776,chr2_71544955_71545796	Dlx2
Mouse Phenotype Single KO	MP:0005545	abnormal lens development	172	7.93E-03	1.00E+00	4.19E-01	5.14E+00	7.78E-01	4	7.94E-03	4.08E-02	148	7.40E-03	1.00E+00	4.54E-01	7.54E+00	3.98E-01	3	56	1.97E-02	5.36E-02	chr13_40727364_40730800,chr13_53471407_53472168,chr13_53472662_53473247,chr14_46387358_46388080	Bmp4,Msx2,Tfap2a
Mouse Phenotype Single KO	MP:0030040	absent facial muscle	173	8.38E-03	1.00E+00	4.40E-01	1.19E+02	8.42E-03	1	8.59E-05	1.02E-02	200	1.42E-02	1.00E+00	6.43E-01	7.04E+01	1.42E-02	1	2	6.58E-03	5.00E-01	chr11_96352608_96353722	Hoxb1
Mouse Phenotype Single KO	MP:0000465	gastrointestinal hemorrhage	174	8.42E-03	1.00E+00	4.40E-01	7.27E+00	4.12E-01	3	4.21E-03	3.06E-02	1267	2.43E-01	1.00E+00	1.00E+00	3.61E+00	2.77E-01	1	39	6.58E-03	2.56E-02	chr17_83920344_83920701,chr17_84184827_84185319,chr17_84185496_84186847	Zfp36l2
Mouse Phenotype Single KO	MP:0005563	abnormal hemoglobin content	175	8.47E-03	1.00E+00	4.40E-01	3.43E+00	1.75E+00	6	1.79E-02	6.12E-02	669	7.21E-02	1.00E+00	9.80E-01	2.56E+00	1.56E+00	4	220	2.63E-02	1.82E-02	chr11_120186364_120189507,chr17_83920344_83920701,chr17_84184827_84185319,chr17_84185496_84186847,chr2_75703196_75704248,chr8_124946584_124947555	Egln1,Nfe2l2,Slc38a10,Zfp36l2
Mouse Phenotype Single KO	MP:0000869	abnormal cerebellum posterior vermis morphology	176	8.50E-03	1.00E+00	4.39E-01	1.46E+01	1.37E-01	2	1.40E-03	2.04E-02	490	4.87E-02	1.00E+00	9.03E-01	2.01E+01	4.97E-02	1	7	6.58E-03	1.43E-01	chr13_53471407_53472168,chr13_53472662_53473247	Msx2
Mouse Phenotype Single KO	MP:0004448	abnormal presphenoid bone morphology	177	8.59E-03	1.00E+00	4.41E-01	7.22E+00	4.15E-01	3	4.24E-03	3.06E-02	246	1.80E-02	1.00E+00	6.63E-01	9.71E+00	2.06E-01	2	29	1.32E-02	6.90E-02	chr10_68276719_68277215,chr13_63563733_63564766,chr13_63566316_63566849	Arid5b,Ptch1
Mouse Phenotype Single KO	MP:0013659	abnormal erythroid lineage cell morphology	178	8.60E-03	1.00E+00	4.39E-01	2.11E+00	6.17E+00	13	6.30E-02	1.33E-01	489	4.77E-02	1.00E+00	8.86E-01	1.83E+00	5.46E+00	10	768	6.58E-02	1.30E-02	chr11_120186364_120189507,chr11_69399728_69400631,chr11_70233509_70233695,chr14_46387358_46388080,chr17_83920344_83920701,chr17_84184827_84185319,chr17_84185496_84186847,chr2_75703196_75704248,chr5_111006204_111007025,chr5_138195378_138196719,chr8_124946584_124947555,chr8_26117824_26118019,chr8_26118257_26118822	Bcl6b,Bmp4,Cyb5d1,Egln1,Hook3,Nfe2l2,Nxpe5,Slc38a10,Ttc28,Zfp36l2
Mouse Phenotype Single KO	MP:0010293	increased integument system tumor incidence	179	8.79E-03	1.00E+00	4.46E-01	7.16E+00	4.19E-01	3	4.28E-03	3.06E-02	245	1.75E-02	1.00E+00	6.50E-01	5.48E+00	5.47E-01	3	77	1.97E-02	3.90E-02	chr11_100206147_100206767,chr13_63563733_63564766,chr13_63566316_63566849	Krt14,Krt9,Ptch1
Mouse Phenotype Single KO	MP:0002948	abnormal neuron specification	180	8.92E-03	1.00E+00	4.50E-01	1.42E+01	1.40E-01	2	1.43E-03	2.04E-02	676	7.54E-02	1.00E+00	1.00E+00	1.28E+01	7.81E-02	1	11	6.58E-03	9.09E-02	chr9_55542234_55544237,chr9_55544680_55546400	Isl2
Mouse Phenotype Single KO	MP:0000958	peripheral nervous system degeneration	181	8.98E-03	1.00E+00	4.51E-01	1.42E+01	1.41E-01	2	1.44E-03	2.04E-02	587	6.22E-02	1.00E+00	9.62E-01	1.56E+01	6.39E-02	1	9	6.58E-03	1.11E-01	chr12_16589553_16589895,chr12_16590033_16592004	Lpin1
Mouse Phenotype Single KO	MP:0003290	intestinal hypoperistalsis	182	9.00E-03	1.00E+00	4.50E-01	1.42E+01	1.41E-01	2	1.44E-03	2.04E-02	636	6.88E-02	1.00E+00	9.83E-01	1.41E+01	7.10E-02	1	10	6.58E-03	1.00E-01	chr2_71541880_71544776,chr2_71544955_71545796	Dlx2
Mouse Phenotype Single KO	MP:0001511	disheveled coat	183	9.05E-03	1.00E+00	4.49E-01	7.08E+00	4.24E-01	3	4.32E-03	3.06E-02	430	3.74E-02	1.00E+00	7.91E-01	6.55E+00	3.05E-01	2	43	1.32E-02	4.65E-02	chr12_16589553_16589895,chr12_16590033_16592004,chr8_84660555_84662042	Cacna1a,Lpin1
Mouse Phenotype Single KO	MP:0009116	abnormal brown fat cell morphology	184	9.06E-03	1.00E+00	4.48E-01	7.08E+00	4.24E-01	3	4.32E-03	3.06E-02	316	2.70E-02	1.00E+00	7.76E-01	7.82E+00	2.56E-01	2	36	1.32E-02	5.56E-02	chr10_68276719_68277215,chr12_16589553_16589895,chr12_16590033_16592004	Arid5b,Lpin1
Mouse Phenotype Single KO	MP:0004508	abnormal pectoral girdle bone morphology	185	9.07E-03	1.00E+00	4.46E-01	2.74E+00	2.92E+00	8	2.98E-02	8.16E-02	11	1.08E-04	9.82E-01	8.93E-02	5.52E+00	1.45E+00	8	204	5.26E-02	3.92E-02	chr10_68276719_68277215,chr11_96352608_96353722,chr13_40727364_40730800,chr13_63563733_63564766,chr13_63566316_63566849,chr14_46387358_46388080,chr15_102982607_102983365,chr7_116032327_116033153	Arid5b,Bmp4,Hoxb2,Hoxc8,Hoxc9,Ptch1,Sox6,Tfap2a
Mouse Phenotype Single KO	MP:0005336	abnormal inguinal fat pad morphology	186	9.22E-03	1.00E+00	4.51E-01	7.03E+00	4.27E-01	3	4.35E-03	3.06E-02	518	4.92E-02	1.00E+00	8.63E-01	5.63E+00	3.55E-01	2	50	1.32E-02	4.00E-02	chr12_16589553_16589895,chr12_16590033_16592004,chr8_124946584_124947555	Lpin1,Sprtn
Mouse Phenotype Single KO	MP:0004537	abnormal palatine bone horizontal plate morphology	187	9.24E-03	1.00E+00	4.49E-01	7.03E+00	4.27E-01	3	4.36E-03	3.06E-02	228	1.57E-02	1.00E+00	6.24E-01	1.04E+01	1.92E-01	2	27	1.32E-02	7.41E-02	chr10_68276719_68277215,chr2_71541880_71544776,chr2_71544955_71545796	Arid5b,Dlx2
Mouse Phenotype Single KO	MP:0004980	increased neuronal precursor cell number	188	9.25E-03	1.00E+00	4.47E-01	1.40E+01	1.43E-01	2	1.46E-03	2.04E-02	636	6.88E-02	1.00E+00	9.83E-01	1.41E+01	7.10E-02	1	10	6.58E-03	1.00E-01	chr13_63563733_63564766,chr13_63566316_63566849	Ptch1
Mouse Phenotype Single KO	MP:0011961	abnormal cornea thickness	189	9.34E-03	1.00E+00	4.49E-01	7.00E+00	4.28E-01	3	4.37E-03	3.06E-02	195	1.35E-02	1.00E+00	6.30E-01	1.13E+01	1.78E-01	2	25	1.32E-02	8.00E-02	chr13_53471407_53472168,chr13_53472662_53473247,chr14_46387358_46388080	Bmp4,Msx2
Mouse Phenotype Single KO	MP:0002657	chondrodystrophy	190	9.35E-03	1.00E+00	4.47E-01	1.39E+01	1.44E-01	2	1.47E-03	2.04E-02	815	1.01E-01	1.00E+00	1.00E+00	9.38E+00	1.07E-01	1	15	6.58E-03	6.67E-02	chr13_53471407_53472168,chr13_53472662_53473247	Msx2
Mouse Phenotype Single KO	MP:0010678	abnormal skin adnexa morphology	191	9.38E-03	1.00E+00	4.46E-01	1.95E+00	7.69E+00	15	7.84E-02	1.53E-01	188	1.26E-02	1.00E+00	6.07E-01	2.10E+00	5.73E+00	12	806	7.89E-02	1.49E-02	chr11_103697567_103698192,chr12_16589553_16589895,chr12_16590033_16592004,chr13_53471407_53472168,chr13_53472662_53473247,chr13_63563733_63564766,chr13_63566316_63566849,chr15_89174182_89175604,chr16_5254419_5255117,chr19_57119757_57120427,chr2_118544289_118545050,chr3_50442906_50443889,chr6_39204889_39205411,chr7_19355987_19356721,chr8_84660555_84662042	Afap1l2,Alg1,Bmf,Cacna1a,Gosr2,Kdm7a,Lpin1,Msx2,Plxnb2,Ppp1r13l,Ptch1,Slc7a11
Mouse Phenotype Single KO	MP:0012397	abnormal nucleated erythrocyte cell number	192	9.51E-03	1.00E+00	4.50E-01	6.95E+00	4.31E-01	3	4.40E-03	3.06E-02	1342	2.70E-01	1.00E+00	1.00E+00	3.20E+00	3.13E-01	1	44	6.58E-03	2.27E-02	chr17_83920344_83920701,chr17_84184827_84185319,chr17_84185496_84186847	Zfp36l2
Mouse Phenotype Single KO	MP:0002596	abnormal hematocrit	193	9.55E-03	1.00E+00	4.50E-01	3.34E+00	1.80E+00	6	1.83E-02	6.12E-02	674	7.50E-02	1.00E+00	1.00E+00	2.52E+00	1.58E+00	4	223	2.63E-02	1.79E-02	chr17_83920344_83920701,chr17_84184827_84185319,chr17_84185496_84186847,chr2_75703196_75704248,chr5_111006204_111007025,chr8_124946584_124947555	Egln1,Nfe2l2,Ttc28,Zfp36l2
Mouse Phenotype Single KO	MP:0010292	increased alimentary system tumor incidence	194	9.56E-03	1.00E+00	4.48E-01	6.94E+00	4.32E-01	3	4.41E-03	3.06E-02	625	6.40E-02	1.00E+00	9.31E-01	4.85E+00	4.12E-01	2	58	1.32E-02	3.45E-02	chr13_63563733_63564766,chr13_63566316_63566849,chr2_75703196_75704248	Nfe2l2,Ptch1
Mouse Phenotype Single KO	MP:0003385	abnormal body wall morphology	195	9.58E-03	1.00E+00	4.47E-01	3.90E+00	1.28E+00	5	1.31E-02	5.10E-02	117	6.50E-03	1.00E+00	5.05E-01	5.41E+00	7.39E-01	4	104	2.63E-02	3.85E-02	chr11_96352608_96353722,chr13_40727364_40730800,chr13_63563733_63564766,chr13_63566316_63566849,chr14_46387358_46388080	Bmp4,Hoxb2,Ptch1,Tfap2a
Mouse Phenotype Single KO	MP:0011504	abnormal limb long bone morphology	196	9.62E-03	1.00E+00	4.46E-01	2.37E+00	4.21E+00	10	4.30E-02	1.02E-01	103	5.28E-03	1.00E+00	4.66E-01	3.02E+00	2.65E+00	8	373	5.26E-02	2.14E-02	chr10_68276719_68277215,chr11_101964638_101965429,chr12_118847345_118851129,chr13_40727364_40730800,chr13_53471407_53472168,chr13_53472662_53473247,chr15_102982607_102983365,chr5_111006204_111007025,chr8_26117824_26118019,chr8_26118257_26118822	Arid5b,Hook3,Hoxc8,Msx2,Sost,Sp8,Tfap2a,Ttc28
Mouse Phenotype Single KO	MP:0010122	abnormal bone mineral content	197	9.74E-03	1.00E+00	4.49E-01	2.71E+00	2.96E+00	8	3.02E-02	8.16E-02	123	6.92E-03	1.00E+00	5.11E-01	3.17E+00	2.21E+00	7	311	4.61E-02	2.25E-02	chr11_101658299_101659257,chr11_101964638_101965429,chr11_120186364_120189507,chr11_69399728_69400631,chr19_57119757_57120427,chr5_111006204_111007025,chr8_26117824_26118019,chr8_26118257_26118822	Afap1l2,Arl4d,Cyb5d1,Hook3,Slc38a10,Sost,Ttc28
Mouse Phenotype Single KO	MP:0000884	delaminated Purkinje cell layer	198	9.78E-03	1.00E+00	4.49E-01	1.36E+01	1.47E-01	2	1.50E-03	2.04E-02	448	4.19E-02	1.00E+00	8.50E-01	2.35E+01	4.26E-02	1	6	6.58E-03	1.67E-01	chr13_53471407_53472168,chr13_53472662_53473247	Msx2
Mouse Phenotype Single KO	MP:0000104	abnormal sphenoid bone morphology	199	9.79E-03	1.00E+00	4.47E-01	3.87E+00	1.29E+00	5	1.32E-02	5.10E-02	237	1.69E-02	1.00E+00	6.49E-01	5.56E+00	5.40E-01	3	76	1.97E-02	3.95E-02	chr10_68276719_68277215,chr13_63563733_63564766,chr13_63566316_63566849,chr2_71541880_71544776,chr2_71544955_71545796	Arid5b,Dlx2,Ptch1
Mouse Phenotype Single KO	MP:0009832	abnormal sperm mitochondrial sheath morphology	200	9.80E-03	1.00E+00	4.45E-01	1.35E+01	1.48E-01	2	1.51E-03	2.04E-02	1081	1.75E-01	1.00E+00	1.00E+00	5.21E+00	1.92E-01	1	27	6.58E-03	3.70E-02	chr10_80054157_80054700,chr10_80055087_80056206	Gpx4
Mouse Phenotype Single KO	MP:0002717	abnormal male preputial gland morphology	201	9.81E-03	1.00E+00	4.43E-01	1.35E+01	1.48E-01	2	1.51E-03	2.04E-02	781	9.50E-02	1.00E+00	1.00E+00	1.01E+01	9.95E-02	1	14	6.58E-03	7.14E-02	chr13_63563733_63564766,chr13_63566316_63566849	Ptch1
Mouse Phenotype Single KO	MP:0011898	abnormal platelet cell number	202	9.98E-03	1.00E+00	4.49E-01	3.31E+00	1.81E+00	6	1.85E-02	6.12E-02	626	6.48E-02	1.00E+00	9.41E-01	2.66E+00	1.51E+00	4	212	2.63E-02	1.89E-02	chr11_120186364_120189507,chr13_63563733_63564766,chr17_83920344_83920701,chr17_84184827_84185319,chr17_84185496_84186847,chr2_75703196_75704248	Fancc,Nfe2l2,Slc38a10,Zfp36l2
Mouse Phenotype Single KO	MP:0009102	abnormal glans penis morphology	203	1.01E-02	1.00E+00	4.51E-01	1.33E+01	1.50E-01	2	1.53E-03	2.04E-02	815	1.01E-01	1.00E+00	1.00E+00	9.38E+00	1.07E-01	1	15	6.58E-03	6.67E-02	chr13_63563733_63564766,chr13_63566316_63566849	Ptch1
Mouse Phenotype Single KO	MP:0006060	increased cerebral infarction size	204	1.01E-02	1.00E+00	4.50E-01	1.33E+01	1.50E-01	2	1.53E-03	2.04E-02	172	1.06E-02	1.00E+00	5.57E-01	1.28E+01	1.56E-01	2	22	1.32E-02	9.09E-02	chr2_75703196_75704248,chr8_84660555_84662042	Cacna1a,Nfe2l2
Mouse Phenotype Single KO	MP:0000420	ruffled hair	205	1.02E-02	1.00E+00	4.51E-01	1.33E+01	1.51E-01	2	1.54E-03	2.04E-02	1047	1.63E-01	1.00E+00	1.00E+00	5.63E+00	1.78E-01	1	25	6.58E-03	4.00E-02	chr12_16589553_16589895,chr12_16590033_16592004	Lpin1
Mouse Phenotype Single KO	MP:0000208	decreased hematocrit	206	1.03E-02	1.00E+00	4.54E-01	3.83E+00	1.31E+00	5	1.33E-02	5.10E-02	811	1.01E-01	1.00E+00	1.00E+00	2.69E+00	1.12E+00	3	157	1.97E-02	1.91E-02	chr17_83920344_83920701,chr17_84184827_84185319,chr17_84185496_84186847,chr2_75703196_75704248,chr5_111006204_111007025	Nfe2l2,Ttc28,Zfp36l2
Mouse Phenotype Single KO	MP:0000843	absent facial nuclei	207	1.04E-02	1.00E+00	4.55E-01	9.60E+01	1.04E-02	1	1.06E-04	1.02E-02	15	1.50E-04	1.00E+00	9.07E-02	9.38E+01	2.13E-02	2	3	1.32E-02	6.67E-01	chr11_96352608_96353722	Hoxb1,Hoxb2
Mouse Phenotype Single KO	MP:0000126	brittle teeth	208	1.05E-02	1.00E+00	4.60E-01	1.30E+01	1.53E-01	2	1.56E-03	2.04E-02	490	4.87E-02	1.00E+00	9.03E-01	2.01E+01	4.97E-02	1	7	6.58E-03	1.43E-01	chr13_53471407_53472168,chr13_53472662_53473247	Msx2
Mouse Phenotype Single KO	MP:0000867	abnormal cerebellum anterior vermis morphology	209	1.05E-02	1.00E+00	4.59E-01	1.30E+01	1.53E-01	2	1.57E-03	2.04E-02	587	6.22E-02	1.00E+00	9.62E-01	1.56E+01	6.39E-02	1	9	6.58E-03	1.11E-01	chr13_53471407_53472168,chr13_53472662_53473247	Msx2
Mouse Phenotype Single KO	MP:0004134	abnormal chest morphology	210	1.06E-02	1.00E+00	4.60E-01	6.67E+00	4.50E-01	3	4.59E-03	3.06E-02	356	2.84E-02	1.00E+00	7.25E-01	7.61E+00	2.63E-01	2	37	1.32E-02	5.41E-02	chr13_63563733_63564766,chr13_63566316_63566849,chr5_138992412_138994516	Pdgfa,Ptch1
Mouse Phenotype Single KO	MP:0000430	absent maxillary shelf	211	1.07E-02	1.00E+00	4.60E-01	1.29E+01	1.54E-01	2	1.58E-03	2.04E-02	636	6.88E-02	1.00E+00	9.83E-01	1.41E+01	7.10E-02	1	10	6.58E-03	1.00E-01	chr2_71541880_71544776,chr2_71544955_71545796	Dlx2
Mouse Phenotype Single KO	MP:0011698	abnormal brown adipose tissue physiology	212	1.07E-02	1.00E+00	4.59E-01	1.29E+01	1.55E-01	2	1.58E-03	2.04E-02	838	1.08E-01	1.00E+00	1.00E+00	8.80E+00	1.14E-01	1	16	6.58E-03	6.25E-02	chr12_16589553_16589895,chr12_16590033_16592004	Lpin1
Mouse Phenotype Single KO	MP:0003857	abnormal hindlimb zeugopod morphology	213	1.07E-02	1.00E+00	4.57E-01	2.91E+00	2.41E+00	7	2.46E-02	7.14E-02	248	1.85E-02	1.00E+00	6.79E-01	3.29E+00	1.52E+00	5	214	3.29E-02	2.34E-02	chr10_68276719_68277215,chr12_118847345_118851129,chr13_53471407_53472168,chr13_53472662_53473247,chr5_111006204_111007025,chr8_26117824_26118019,chr8_26118257_26118822	Arid5b,Hook3,Msx2,Sp8,Ttc28
Mouse Phenotype Single KO	MP:0003345	decreased rib number	214	1.07E-02	1.00E+00	4.56E-01	4.70E+00	8.51E-01	4	8.68E-03	4.08E-02	427	3.62E-02	1.00E+00	7.71E-01	4.14E+00	7.25E-01	3	102	1.97E-02	2.94E-02	chr11_101658299_101659257,chr13_63563733_63564766,chr13_63566316_63566849,chr14_46387358_46388080	Arl4d,Bmp4,Ptch1
Mouse Phenotype Single KO	MP:0003871	abnormal myelin sheath morphology	215	1.08E-02	1.00E+00	4.56E-01	6.63E+00	4.52E-01	3	4.62E-03	3.06E-02	576	5.83E-02	1.00E+00	9.20E-01	5.12E+00	3.91E-01	2	55	1.32E-02	3.64E-02	chr12_16589553_16589895,chr12_16590033_16592004,chr2_75703196_75704248	Lpin1,Nfe2l2
Mouse Phenotype Single KO	MP:0013329	abnormal preputial gland morphology	216	1.08E-02	1.00E+00	4.55E-01	1.29E+01	1.55E-01	2	1.59E-03	2.04E-02	838	1.08E-01	1.00E+00	1.00E+00	8.80E+00	1.14E-01	1	16	6.58E-03	6.25E-02	chr13_63563733_63564766,chr13_63566316_63566849	Ptch1
Mouse Phenotype Single KO	MP:0011761	abnormal ureteric bud trunk morphology	217	1.10E-02	1.00E+00	4.61E-01	9.04E+01	1.11E-02	1	1.13E-04	1.02E-02	128	7.10E-03	1.00E+00	5.04E-01	1.41E+02	7.10E-03	1	1	6.58E-03	1.00E+00	chr3_37642698_37643251	Spry1
Mouse Phenotype Single KO	MP:0002968	increased circulating alkaline phosphatase level	218	1.13E-02	1.00E+00	4.71E-01	3.74E+00	1.34E+00	5	1.36E-02	5.10E-02	386	3.33E-02	1.00E+00	7.83E-01	3.31E+00	1.21E+00	4	170	2.63E-02	2.35E-02	chr11_69399728_69400631,chr19_57119757_57120427,chr5_111006204_111007025,chr8_26117824_26118019,chr8_26118257_26118822	Afap1l2,Cyb5d1,Hook3,Ttc28
Mouse Phenotype Single KO	MP:0010822	pneumothorax	219	1.13E-02	1.00E+00	4.70E-01	8.78E+01	1.14E-02	1	1.16E-04	1.02E-02	128	7.10E-03	1.00E+00	5.04E-01	1.41E+02	7.10E-03	1	1	6.58E-03	1.00E+00	chr5_138992412_138994516	Pdgfa
Mouse Phenotype Single KO	MP:0002082	postnatal lethality	220	1.16E-02	1.00E+00	4.77E-01	1.70E+00	1.17E+01	20	1.20E-01	2.04E-01	38	4.75E-04	1.00E+00	1.14E-01	2.50E+00	6.81E+00	17	958	1.12E-01	1.77E-02	chr10_68276719_68277215,chr11_100206147_100206767,chr11_96352608_96353722,chr12_16589553_16589895,chr12_16590033_16592004,chr13_63563733_63564766,chr13_63566316_63566849,chr14_46387358_46388080,chr15_102982607_102983365,chr17_83920344_83920701,chr17_84184827_84185319,chr17_84185496_84186847,chr3_37642698_37643251,chr4_134019055_134020274,chr5_138992412_138994516,chr6_118758397_118758711,chr7_116032327_116033153,chr7_19355987_19356721,chr7_6706261_6706761,chr8_84660555_84662042	Arid5b,Bmp4,Cacna1a,Cacna1c,Hoxb1,Hoxb2,Hoxc8,Krt14,Lin28a,Lpin1,Pdgfa,Peg3,Ppp1r13l,Ptch1,Sox6,Spry1,Zfp36l2
Mouse Phenotype Single KO	MP:0003935	abnormal craniofacial development	221	1.17E-02	1.00E+00	4.80E-01	2.30E+00	4.34E+00	10	4.43E-02	1.02E-01	121	6.69E-03	1.00E+00	5.02E-01	3.19E+00	2.20E+00	7	309	4.61E-02	2.27E-02	chr13_40727364_40730800,chr13_53471407_53472168,chr13_53472662_53473247,chr13_63563733_63564766,chr13_63566316_63566849,chr16_30066210_30067176,chr2_71541880_71544776,chr2_71544955_71545796,chr2_75703196_75704248,chr5_134313576_134314029	Dlx2,Gtf2i,Hes1,Msx2,Nfe2l2,Ptch1,Tfap2a
Mouse Phenotype Single KO	MP:0003961	decreased lean body mass	222	1.19E-02	1.00E+00	4.89E-01	2.85E+00	2.46E+00	7	2.51E-02	7.14E-02	390	3.42E-02	1.00E+00	7.97E-01	2.79E+00	1.79E+00	5	252	3.29E-02	1.98E-02	chr11_101658299_101659257,chr11_120186364_120189507,chr12_16589553_16589895,chr12_16590033_16592004,chr5_111006204_111007025,chr8_26117824_26118019,chr8_26118257_26118822	Arl4d,Hook3,Lpin1,Slc38a10,Ttc28
Mouse Phenotype Single KO	MP:0001312	abnormal cornea morphology	223	1.20E-02	1.00E+00	4.87E-01	3.18E+00	1.89E+00	6	1.93E-02	6.12E-02	120	6.55E-03	1.00E+00	4.96E-01	4.27E+00	1.17E+00	5	165	3.29E-02	3.03E-02	chr11_100206147_100206767,chr13_40727364_40730800,chr13_53471407_53472168,chr13_53472662_53473247,chr14_46387358_46388080,chr7_19355987_19356721	Bmp4,Krt14,Msx2,Ppp1r13l,Tfap2a
Mouse Phenotype Single KO	MP:0000562	polydactyly	224	1.21E-02	1.00E+00	4.91E-01	3.67E+00	1.36E+00	5	1.39E-02	5.10E-02	182	1.16E-02	1.00E+00	5.78E-01	4.58E+00	8.74E-01	4	123	2.63E-02	3.25E-02	chr13_40727364_40730800,chr13_63563733_63564766,chr13_63566316_63566849,chr14_46387358_46388080,chr7_100372146_100372354	Bmp4,C2cd3,Ptch1,Tfap2a
Mouse Phenotype Single KO	MP:0009956	abnormal cerebellar layer morphology	225	1.21E-02	1.00E+00	4.90E-01	2.84E+00	2.47E+00	7	2.52E-02	7.14E-02	224	1.51E-02	1.00E+00	6.12E-01	3.47E+00	1.44E+00	5	203	3.29E-02	2.46E-02	chr13_53471407_53472168,chr13_53472662_53473247,chr13_63563733_63564766,chr13_63566316_63566849,chr15_89174182_89175604,chr6_48840815_48841662,chr8_84660555_84662042	Cacna1a,Msx2,Plxnb2,Ptch1,Tmem176b
Mouse Phenotype Single KO	MP:0004625	abnormal rib joint	226	1.22E-02	1.00E+00	4.89E-01	4.53E+00	8.83E-01	4	9.01E-03	4.08E-02	67	1.82E-03	1.00E+00	2.47E-01	7.71E+00	5.19E-01	4	73	2.63E-02	5.48E-02	chr10_68276719_68277215,chr13_63563733_63564766,chr13_63566316_63566849,chr15_102982607_102983365	Arid5b,Hoxc8,Hoxc9,Ptch1
Mouse Phenotype Single KO	MP:0000455	abnormal maxilla morphology	227	1.22E-02	1.00E+00	4.90E-01	3.16E+00	1.90E+00	6	1.94E-02	6.12E-02	61	1.68E-03	1.00E+00	2.50E-01	5.86E+00	8.53E-01	5	120	3.29E-02	4.17E-02	chr10_68276719_68277215,chr11_120186364_120189507,chr13_40727364_40730800,chr2_71541880_71544776,chr2_71544955_71545796,chr5_111006204_111007025	Arid5b,Dlx2,Slc38a10,Tfap2a,Ttc28
Mouse Phenotype Single KO	MP:0000276	heart right ventricle hypertrophy	228	1.23E-02	1.00E+00	4.91E-01	6.31E+00	4.75E-01	3	4.85E-03	3.06E-02	72	2.66E-03	1.00E+00	3.36E-01	1.08E+01	2.77E-01	3	39	1.97E-02	7.69E-02	chr14_46387358_46388080,chr5_138992412_138994516,chr6_118758397_118758711	Bmp4,Cacna1c,Pdgfa
Mouse Phenotype Single KO	MP:0005319	abnormal enzyme/coenzyme level	229	1.23E-02	1.00E+00	4.89E-01	2.28E+00	4.38E+00	10	4.47E-02	1.02E-01	433	3.75E-02	1.00E+00	7.88E-01	2.10E+00	3.80E+00	8	535	5.26E-02	1.50E-02	chr11_120186364_120189507,chr11_69399728_69400631,chr12_16589553_16589895,chr12_16590033_16592004,chr13_40727364_40730800,chr19_57119757_57120427,chr2_75703196_75704248,chr5_111006204_111007025,chr8_26117824_26118019,chr8_26118257_26118822	Afap1l2,Cyb5d1,Hook3,Lpin1,Nfe2l2,Ofcc1,Slc38a10,Ttc28
Mouse Phenotype Single KO	MP:0002577	reduced enamel thickness	230	1.24E-02	1.00E+00	4.90E-01	1.20E+01	1.67E-01	2	1.71E-03	2.04E-02	636	6.88E-02	1.00E+00	9.83E-01	1.41E+01	7.10E-02	1	10	6.58E-03	1.00E-01	chr13_53471407_53472168,chr13_53472662_53473247	Msx2
Mouse Phenotype Single KO	MP:0004686	decreased length of long bones	231	1.25E-02	1.00E+00	4.93E-01	2.59E+00	3.09E+00	8	3.16E-02	8.16E-02	191	1.31E-02	1.00E+00	6.21E-01	3.12E+00	1.93E+00	6	271	3.95E-02	2.21E-02	chr10_68276719_68277215,chr11_120186364_120189507,chr12_118847345_118851129,chr13_53471407_53472168,chr13_53472662_53473247,chr5_111006204_111007025,chr8_26117824_26118019,chr8_26118257_26118822	Arid5b,Hook3,Msx2,Slc38a10,Sp8,Ttc28
Mouse Phenotype Single KO	MP:0005670	abnormal white adipose tissue physiology	232	1.28E-02	1.00E+00	5.00E-01	1.18E+01	1.70E-01	2	1.73E-03	2.04E-02	1028	1.57E-01	1.00E+00	1.00E+00	5.86E+00	1.71E-01	1	24	6.58E-03	4.17E-02	chr12_16589553_16589895,chr12_16590033_16592004	Lpin1
Mouse Phenotype Single KO	MP:0001922	reduced male fertility	233	1.28E-02	1.00E+00	5.00E-01	2.81E+00	2.50E+00	7	2.55E-02	7.14E-02	124	7.04E-03	1.00E+00	5.16E-01	3.56E+00	1.68E+00	6	237	3.95E-02	2.53E-02	chr10_68276719_68277215,chr10_80054157_80054700,chr10_80055087_80056206,chr4_134019055_134020274,chr5_134313576_134314029,chr7_19355987_19356721,chr8_84660555_84662042	Arid5b,Cacna1a,Gpx4,Gtf2i,Lin28a,Ppp1r13l
Mouse Phenotype Single KO	MP:0011085	postnatal lethality, complete penetrance	234	1.33E-02	1.00E+00	5.15E-01	2.15E+00	5.11E+00	11	5.21E-02	1.12E-01	153	7.93E-03	1.00E+00	4.71E-01	2.82E+00	2.84E+00	8	400	5.26E-02	2.00E-02	chr11_100206147_100206767,chr13_63563733_63564766,chr13_63566316_63566849,chr14_46387358_46388080,chr17_83920344_83920701,chr17_84184827_84185319,chr17_84185496_84186847,chr4_134019055_134020274,chr6_118758397_118758711,chr7_116032327_116033153,chr8_84660555_84662042	Bmp4,Cacna1a,Cacna1c,Krt14,Lin28a,Ptch1,Sox6,Zfp36l2
Mouse Phenotype Single KO	MP:0008976	delayed female fertility	235	1.34E-02	1.00E+00	5.18E-01	1.15E+01	1.74E-01	2	1.78E-03	2.04E-02	676	7.54E-02	1.00E+00	1.00E+00	1.28E+01	7.81E-02	1	11	6.58E-03	9.09E-02	chr12_16589553_16589895,chr12_16590033_16592004	Lpin1
Mouse Phenotype Single KO	MP:0006036	abnormal mitochondrial physiology	236	1.36E-02	1.00E+00	5.24E-01	4.38E+00	9.13E-01	4	9.31E-03	4.08E-02	635	6.68E-02	1.00E+00	9.56E-01	3.22E+00	9.31E-01	3	131	1.97E-02	2.29E-02	chr10_80054157_80054700,chr10_80055087_80056206,chr6_121069244_121070033,chr6_60830285_60830625	Bid,Gpx4,Snca
Mouse Phenotype Single KO	MP:0001696	failure to gastrulate	237	1.36E-02	1.00E+00	5.22E-01	6.08E+00	4.93E-01	3	5.04E-03	3.06E-02	480	4.57E-02	1.00E+00	8.66E-01	5.86E+00	3.41E-01	2	48	1.32E-02	4.17E-02	chr10_80054157_80054700,chr10_80055087_80056206,chr4_133755923_133757903	Arid1a,Gpx4
Mouse Phenotype Single KO	MP:0004449	absent presphenoid bone	238	1.36E-02	1.00E+00	5.20E-01	1.14E+01	1.76E-01	2	1.79E-03	2.04E-02	587	6.22E-02	1.00E+00	9.62E-01	1.56E+01	6.39E-02	1	9	6.58E-03	1.11E-01	chr13_63563733_63564766,chr13_63566316_63566849	Ptch1
Mouse Phenotype Single KO	MP:0010414	partial atrioventricular septal defect	239	1.38E-02	1.00E+00	5.24E-01	7.20E+01	1.39E-02	1	1.42E-04	1.02E-02	128	7.10E-03	1.00E+00	5.04E-01	1.41E+02	7.10E-03	1	1	6.58E-03	1.00E+00	chr14_46387358_46388080	Bmp4
Mouse Phenotype Single KO	MP:0010256	anterior cortical cataracts	239	1.38E-02	1.00E+00	5.24E-01	7.20E+01	1.39E-02	1	1.42E-04	1.02E-02	128	7.10E-03	1.00E+00	5.04E-01	1.41E+02	7.10E-03	1	1	6.58E-03	1.00E+00	chr14_46387358_46388080	Bmp4
Mouse Phenotype Single KO	MP:0006377	abnormal vestibulocollic reflex	239	1.38E-02	1.00E+00	5.24E-01	7.20E+01	1.39E-02	1	1.42E-04	1.02E-02	128	7.10E-03	1.00E+00	5.04E-01	1.41E+02	7.10E-03	1	1	6.58E-03	1.00E+00	chr14_46387358_46388080	Bmp4
Mouse Phenotype Single KO	MP:0004669	enlarged vertebral body	242	1.40E-02	1.00E+00	5.25E-01	7.11E+01	1.41E-02	1	1.44E-04	1.02E-02	324	2.81E-02	1.00E+00	7.89E-01	3.52E+01	2.84E-02	1	4	6.58E-03	2.50E-01	chr7_126781249_126781424	Tbx6
Mouse Phenotype Single KO	MP:0010563	increased heart right ventricle size	243	1.43E-02	1.00E+00	5.34E-01	4.32E+00	9.26E-01	4	9.45E-03	4.08E-02	81	3.45E-03	1.00E+00	3.87E-01	6.47E+00	6.18E-01	4	87	2.63E-02	4.60E-02	chr14_46387358_46388080,chr5_138992412_138994516,chr6_118758397_118758711,chr7_19355987_19356721	Bmp4,Cacna1c,Pdgfa,Ppp1r13l
Mouse Phenotype Single KO	MP:0003667	increased hemangiosarcoma incidence	244	1.44E-02	1.00E+00	5.35E-01	1.11E+01	1.81E-01	2	1.84E-03	2.04E-02	1047	1.63E-01	1.00E+00	1.00E+00	5.63E+00	1.78E-01	1	25	6.58E-03	4.00E-02	chr13_63563733_63564766,chr13_63566316_63566849	Ptch1
Mouse Phenotype Single KO	MP:0012818	rhombomere transformation	245	1.44E-02	1.00E+00	5.35E-01	6.88E+01	1.45E-02	1	1.48E-04	1.02E-02	200	1.42E-02	1.00E+00	6.43E-01	7.04E+01	1.42E-02	1	2	6.58E-03	5.00E-01	chr11_96352608_96353722	Hoxb2
Mouse Phenotype Single KO	MP:0005114	premature hair loss	246	1.45E-02	1.00E+00	5.34E-01	1.10E+01	1.81E-01	2	1.85E-03	2.04E-02	815	1.01E-01	1.00E+00	1.00E+00	9.38E+00	1.07E-01	1	15	6.58E-03	6.67E-02	chr13_53471407_53472168,chr13_53472662_53473247	Msx2
Mouse Phenotype Single KO	MP:0000108	midline facial cleft	247	1.45E-02	1.00E+00	5.34E-01	1.10E+01	1.82E-01	2	1.85E-03	2.04E-02	99	4.95E-03	1.00E+00	4.55E-01	1.88E+01	1.07E-01	2	15	1.32E-02	1.33E-01	chr13_40727364_40730800,chr5_134313576_134314029	Gtf2i,Tfap2a
Mouse Phenotype Single KO	MP:0009960	abnormal cerebellum anterior lobe morphology	248	1.45E-02	1.00E+00	5.32E-01	1.10E+01	1.82E-01	2	1.85E-03	2.04E-02	636	6.88E-02	1.00E+00	9.83E-01	1.41E+01	7.10E-02	1	10	6.58E-03	1.00E-01	chr13_53471407_53472168,chr13_53472662_53473247	Msx2
Mouse Phenotype Single KO	MP:0002932	abnormal joint morphology	249	1.48E-02	1.00E+00	5.39E-01	2.51E+00	3.19E+00	8	3.25E-02	8.16E-02	49	8.20E-04	1.00E+00	1.52E-01	4.08E+00	1.96E+00	8	276	5.26E-02	2.90E-02	chr10_68276719_68277215,chr11_101964638_101965429,chr13_63563733_63564766,chr13_63566316_63566849,chr14_46387358_46388080,chr15_102982607_102983365,chr5_111006204_111007025,chr7_126781249_126781424	Arid5b,Bmp4,Hoxc8,Hoxc9,Meox1,Ptch1,Tbx6,Ttc28
Mouse Phenotype Single KO	MP:0010344	increased hibernoma incidence	250	1.50E-02	1.00E+00	5.44E-01	6.64E+01	1.51E-02	1	1.54E-04	1.02E-02	267	2.12E-02	1.00E+00	7.20E-01	4.69E+01	2.13E-02	1	3	6.58E-03	3.33E-01	chr3_89280734_89281464	Efna1
Mouse Phenotype Single KO	MP:0002085	abnormal embryonic tissue morphology	251	1.51E-02	1.00E+00	5.46E-01	1.80E+00	8.89E+00	16	9.07E-02	1.63E-01	51	1.00E-03	1.00E+00	1.79E-01	2.50E+00	5.99E+00	15	843	9.87E-02	1.78E-02	chr10_80054157_80054700,chr10_80055087_80056206,chr11_96352608_96353722,chr12_118847345_118851129,chr13_40727364_40730800,chr13_63563733_63564766,chr13_63566316_63566849,chr14_46387358_46388080,chr15_89174182_89175604,chr16_30066210_30067176,chr4_133755923_133757903,chr4_141326801_141327760,chr5_134313576_134314029,chr6_118758397_118758711,chr7_100372146_100372354,chr7_126781249_126781424	Arid1a,Bmp4,C2cd3,Cacna1c,Epha2,Gpx4,Gtf2i,Hes1,Hoxb1,Hoxb2,Plxnb2,Ptch1,Sp8,Tbx6,Tfap2a
Mouse Phenotype Single KO	MP:0011783	abnormal ureteral orifice morphology	252	1.52E-02	1.00E+00	5.49E-01	6.52E+01	1.53E-02	1	1.56E-04	1.02E-02	200	1.42E-02	1.00E+00	6.43E-01	7.04E+01	1.42E-02	1	2	6.58E-03	5.00E-01	chr14_46387358_46388080	Bmp4
Mouse Phenotype Single KO	MP:0002699	abnormal vitreous body morphology	253	1.52E-02	1.00E+00	5.47E-01	4.24E+00	9.44E-01	4	9.64E-03	4.08E-02	223	1.47E-02	1.00E+00	5.98E-01	5.86E+00	5.12E-01	3	72	1.97E-02	4.17E-02	chr13_53471407_53472168,chr13_53472662_53473247,chr14_46387358_46388080,chr3_50442906_50443889	Bmp4,Msx2,Slc7a11
Mouse Phenotype Single KO	MP:0004029	spontaneous chromosome breakage	254	1.53E-02	1.00E+00	5.46E-01	1.07E+01	1.86E-01	2	1.90E-03	2.04E-02	195	1.35E-02	1.00E+00	6.30E-01	1.13E+01	1.78E-01	2	25	1.32E-02	8.00E-02	chr13_63563733_63564766,chr17_35836387_35836777	Fancc,Mdc1
Mouse Phenotype Single KO	MP:0004735	enlarged thoracic cavity	255	1.56E-02	1.00E+00	5.57E-01	6.35E+01	1.58E-02	1	1.61E-04	1.02E-02	200	1.42E-02	1.00E+00	6.43E-01	7.04E+01	1.42E-02	1	2	6.58E-03	5.00E-01	chr5_138992412_138994516	Pdgfa
Mouse Phenotype Single KO	MP:0003076	increased susceptibility to ischemic brain injury	256	1.57E-02	1.00E+00	5.58E-01	1.06E+01	1.90E-01	2	1.93E-03	2.04E-02	233	1.68E-02	1.00E+00	6.55E-01	1.01E+01	1.99E-01	2	28	1.32E-02	7.14E-02	chr2_75703196_75704248,chr8_84660555_84662042	Cacna1a,Nfe2l2
Mouse Phenotype Single KO	MP:0009125	decreased brown fat cell lipid droplet size	257	1.57E-02	1.00E+00	5.57E-01	1.05E+01	1.90E-01	2	1.94E-03	2.04E-02	781	9.50E-02	1.00E+00	1.00E+00	1.01E+01	9.95E-02	1	14	6.58E-03	7.14E-02	chr12_16589553_16589895,chr12_16590033_16592004	Lpin1
Mouse Phenotype Single KO	MP:0003050	abnormal sacral vertebrae morphology	258	1.59E-02	1.00E+00	5.59E-01	4.18E+00	9.56E-01	4	9.76E-03	4.08E-02	151	7.90E-03	1.00E+00	4.75E-01	5.12E+00	7.81E-01	4	110	2.63E-02	3.64E-02	chr11_101658299_101659257,chr12_118847345_118851129,chr15_102982607_102983365,chr3_89280734_89281464	Arl4d,Efna1,Hoxc8,Sp8
Mouse Phenotype Single KO	MP:0002100	abnormal tooth morphology	259	1.59E-02	1.00E+00	5.57E-01	2.98E+00	2.01E+00	6	2.05E-02	6.12E-02	435	3.77E-02	1.00E+00	7.88E-01	3.18E+00	1.26E+00	4	177	2.63E-02	2.26E-02	chr11_96352608_96353722,chr13_53471407_53472168,chr13_53472662_53473247,chr13_63563733_63564766,chr13_63566316_63566849,chr2_75703196_75704248	Hoxb1,Msx2,Nfe2l2,Ptch1
Mouse Phenotype Single KO	MP:0006362	abnormal male germ cell morphology	260	1.62E-02	1.00E+00	5.65E-01	2.31E+00	3.89E+00	9	3.97E-02	9.18E-02	629	6.58E-02	1.00E+00	9.51E-01	1.97E+00	3.55E+00	7	499	4.61E-02	1.40E-02	chr10_80054157_80054700,chr10_80055087_80056206,chr11_87422538_87423866,chr12_16589553_16589895,chr12_16590033_16592004,chr13_63563733_63564766,chr17_35836387_35836777,chr4_134019055_134020274,chr7_82869018_82869904	Fancc,Gpx4,Lin28a,Lpin1,Mdc1,Mex3b,Tex14
Mouse Phenotype Single KO	MP:0006200	vitreous body deposition	261	1.62E-02	1.00E+00	5.63E-01	1.04E+01	1.92E-01	2	1.96E-03	2.04E-02	448	4.19E-02	1.00E+00	8.50E-01	2.35E+01	4.26E-02	1	6	6.58E-03	1.67E-01	chr13_53471407_53472168,chr13_53472662_53473247	Msx2
Mouse Phenotype Single KO	MP:0004224	absent trabecular meshwork	262	1.64E-02	1.00E+00	5.70E-01	6.04E+01	1.66E-02	1	1.69E-04	1.02E-02	200	1.42E-02	1.00E+00	6.43E-01	7.04E+01	1.42E-02	1	2	6.58E-03	5.00E-01	chr14_46387358_46388080	Bmp4
Mouse Phenotype Single KO	MP:0004453	abnormal pterygoid bone morphology	263	1.66E-02	1.00E+00	5.72E-01	1.03E+01	1.95E-01	2	1.99E-03	2.04E-02	676	7.54E-02	1.00E+00	1.00E+00	1.28E+01	7.81E-02	1	11	6.58E-03	9.09E-02	chr2_71541880_71544776,chr2_71544955_71545796	Dlx2
Mouse Phenotype Single KO	MP:0010124	decreased bone mineral content	264	1.66E-02	1.00E+00	5.73E-01	2.95E+00	2.03E+00	6	2.07E-02	6.12E-02	261	2.02E-02	1.00E+00	7.05E-01	3.21E+00	1.56E+00	5	219	3.29E-02	2.28E-02	chr11_101658299_101659257,chr11_120186364_120189507,chr11_69399728_69400631,chr5_111006204_111007025,chr8_26117824_26118019,chr8_26118257_26118822	Arl4d,Cyb5d1,Hook3,Slc38a10,Ttc28
Mouse Phenotype Single KO	MP:0014169	decreased brown adipose tissue mass	265	1.67E-02	1.00E+00	5.74E-01	1.02E+01	1.96E-01	2	2.00E-03	2.04E-02	815	1.01E-01	1.00E+00	1.00E+00	9.38E+00	1.07E-01	1	15	6.58E-03	6.67E-02	chr12_16589553_16589895,chr12_16590033_16592004	Lpin1
Mouse Phenotype Single KO	MP:0002115	abnormal limb bone morphology	266	1.76E-02	1.00E+00	6.00E-01	2.16E+00	4.63E+00	10	4.72E-02	1.02E-01	122	6.75E-03	1.00E+00	5.03E-01	2.89E+00	2.76E+00	8	389	5.26E-02	2.06E-02	chr10_68276719_68277215,chr11_101964638_101965429,chr12_118847345_118851129,chr13_40727364_40730800,chr13_53471407_53472168,chr13_53472662_53473247,chr15_102982607_102983365,chr5_111006204_111007025,chr8_26117824_26118019,chr8_26118257_26118822	Arid5b,Hook3,Hoxc8,Msx2,Sost,Sp8,Tfap2a,Ttc28
Mouse Phenotype Single KO	MP:0000553	absent radius	267	1.77E-02	1.00E+00	6.01E-01	9.92E+00	2.02E-01	2	2.06E-03	2.04E-02	53	1.03E-03	1.00E+00	1.76E-01	4.02E+01	4.97E-02	2	7	1.32E-02	2.86E-01	chr12_118847345_118851129,chr13_40727364_40730800	Sp8,Tfap2a
Mouse Phenotype Single KO	MP:0014168	abnormal brown adipose tissue mass	268	1.77E-02	1.00E+00	5.99E-01	9.91E+00	2.02E-01	2	2.06E-03	2.04E-02	838	1.08E-01	1.00E+00	1.00E+00	8.80E+00	1.14E-01	1	16	6.58E-03	6.25E-02	chr12_16589553_16589895,chr12_16590033_16592004	Lpin1
Mouse Phenotype Single KO	MP:0000886	abnormal cerebellar granule layer morphology	269	1.77E-02	1.00E+00	5.98E-01	4.04E+00	9.89E-01	4	1.01E-02	4.08E-02	226	1.52E-02	1.00E+00	6.12E-01	5.78E+00	5.19E-01	3	73	1.97E-02	4.11E-02	chr13_53471407_53472168,chr13_53472662_53473247,chr15_89174182_89175604,chr6_48840815_48841662	Msx2,Plxnb2,Tmem176b
Mouse Phenotype Single KO	MP:0009237	kinked sperm flagellum	270	1.78E-02	1.00E+00	6.00E-01	9.87E+00	2.03E-01	2	2.07E-03	2.04E-02	1047	1.63E-01	1.00E+00	1.00E+00	5.63E+00	1.78E-01	1	25	6.58E-03	4.00E-02	chr10_80054157_80054700,chr10_80055087_80056206	Gpx4
Mouse Phenotype Single KO	MP:0000373	belly spot	271	1.80E-02	1.00E+00	6.03E-01	5.47E+00	5.48E-01	3	5.60E-03	3.06E-02	305	2.42E-02	1.00E+00	7.22E-01	8.28E+00	2.42E-01	2	34	1.32E-02	5.88E-02	chr13_63563733_63564766,chr13_63566316_63566849,chr15_89174182_89175604	Plxnb2,Ptch1
Mouse Phenotype Single KO	MP:0003742	narrow head	272	1.80E-02	1.00E+00	6.00E-01	5.51E+01	1.81E-02	1	1.85E-04	1.02E-02	267	2.12E-02	1.00E+00	7.20E-01	4.69E+01	2.13E-02	1	3	6.58E-03	3.33E-01	chr5_134313576_134314029	Gtf2i
Mouse Phenotype Single KO	MP:0006108	abnormal hindbrain development	273	1.83E-02	1.00E+00	6.08E-01	2.89E+00	2.08E+00	6	2.12E-02	6.12E-02	41	5.39E-04	1.00E+00	1.19E-01	5.95E+00	1.01E+00	6	142	3.95E-02	4.23E-02	chr11_96352608_96353722,chr13_53471407_53472168,chr13_53472662_53473247,chr15_89174182_89175604,chr6_48840815_48841662,chr8_84660555_84662042	Cacna1a,Hoxb1,Hoxb2,Msx2,Plxnb2,Tmem176b
Mouse Phenotype Single KO	MP:0005107	abnormal stapes morphology	274	1.83E-02	1.00E+00	6.08E-01	5.43E+00	5.53E-01	3	5.64E-03	3.06E-02	69	2.47E-03	1.00E+00	3.26E-01	1.11E+01	2.70E-01	3	38	1.97E-02	7.89E-02	chr13_40727364_40730800,chr2_71541880_71544776,chr2_71544955_71545796	Dlx1,Dlx2,Tfap2a
Mouse Phenotype Single KO	MP:0003289	abnormal intestinal peristalsis	275	1.83E-02	1.00E+00	6.06E-01	9.72E+00	2.06E-01	2	2.10E-03	2.04E-02	815	1.01E-01	1.00E+00	1.00E+00	9.38E+00	1.07E-01	1	15	6.58E-03	6.67E-02	chr2_71541880_71544776,chr2_71544955_71545796	Dlx2
Mouse Phenotype Single KO	MP:0004066	abnormal primitive node morphology	276	1.84E-02	1.00E+00	6.05E-01	5.42E+00	5.53E-01	3	5.64E-03	3.06E-02	155	8.15E-03	1.00E+00	4.78E-01	7.28E+00	4.12E-01	3	58	1.97E-02	5.17E-02	chr14_46387358_46388080,chr7_100372146_100372354,chr7_126781249_126781424	Bmp4,C2cd3,Tbx6
Mouse Phenotype Single KO	MP:0001186	pigmentation phenotype	277	1.86E-02	1.00E+00	6.09E-01	2.26E+00	3.99E+00	9	4.07E-02	9.18E-02	360	2.94E-02	1.00E+00	7.41E-01	2.37E+00	2.96E+00	7	416	4.61E-02	1.68E-02	chr11_100206147_100206767,chr13_40727364_40730800,chr13_53471407_53472168,chr13_53472662_53473247,chr13_63563733_63564766,chr13_63566316_63566849,chr15_89174182_89175604,chr16_5254419_5255117,chr3_50442906_50443889	Alg1,Krt9,Msx2,Plxnb2,Ptch1,Slc7a11,Tfap2a
Mouse Phenotype Single KO	MP:0001658	increased mortality induced by gamma-irradiation	278	1.88E-02	1.00E+00	6.15E-01	9.59E+00	2.09E-01	2	2.13E-03	2.04E-02	1161	2.04E-01	1.00E+00	1.00E+00	4.40E+00	2.27E-01	1	32	6.58E-03	3.13E-02	chr10_80054157_80054700,chr10_80055087_80056206	Gpx4
Mouse Phenotype Single KO	MP:0005146	decreased circulating VLDL cholesterol level	279	1.89E-02	1.00E+00	6.16E-01	9.56E+00	2.09E-01	2	2.14E-03	2.04E-02	966	1.39E-01	1.00E+00	1.00E+00	6.70E+00	1.49E-01	1	21	6.58E-03	4.76E-02	chr12_16589553_16589895,chr12_16590033_16592004	Lpin1
Mouse Phenotype Single KO	MP:0009883	palatal shelf hypoplasia	280	1.90E-02	1.00E+00	6.18E-01	9.53E+00	2.10E-01	2	2.14E-03	2.04E-02	676	7.54E-02	1.00E+00	1.00E+00	1.28E+01	7.81E-02	1	11	6.58E-03	9.09E-02	chr13_63563733_63564766,chr13_63566316_63566849	Ptch1
Mouse Phenotype Single KO	MP:0006000	abnormal corneal epithelium morphology	281	1.93E-02	1.00E+00	6.24E-01	5.32E+00	5.63E-01	3	5.75E-03	3.06E-02	356	2.84E-02	1.00E+00	7.25E-01	7.61E+00	2.63E-01	2	37	1.32E-02	5.41E-02	chr11_100206147_100206767,chr13_53471407_53472168,chr13_53472662_53473247	Krt14,Msx2
Mouse Phenotype Single KO	MP:0000424	retarded hair growth	282	1.97E-02	1.00E+00	6.34E-01	9.36E+00	2.14E-01	2	2.18E-03	2.04E-02	636	6.88E-02	1.00E+00	9.83E-01	1.41E+01	7.10E-02	1	10	6.58E-03	1.00E-01	chr12_16589553_16589895,chr12_16590033_16592004	Lpin1
Mouse Phenotype Single KO	MP:0010029	abnormal basicranium morphology	283	1.98E-02	1.00E+00	6.35E-01	3.91E+00	1.02E+00	4	1.04E-02	4.08E-02	762	8.86E-02	1.00E+00	1.00E+00	4.02E+00	4.97E-01	2	70	1.32E-02	2.86E-02	chr13_63563733_63564766,chr13_63566316_63566849,chr2_71541880_71544776,chr2_71544955_71545796	Dlx2,Ptch1
Mouse Phenotype Single KO	MP:0003861	abnormal nervous system development	284	1.98E-02	1.00E+00	6.33E-01	1.64E+00	1.16E+01	19	1.18E-01	1.94E-01	36	4.64E-04	1.00E+00	1.17E-01	2.50E+00	6.79E+00	17	956	1.12E-01	1.78E-02	chr11_96352608_96353722,chr12_118847345_118851129,chr13_40727364_40730800,chr13_53471407_53472168,chr13_53472662_53473247,chr13_63563733_63564766,chr13_63566316_63566849,chr15_89174182_89175604,chr16_30066210_30067176,chr19_42280099_42280665,chr2_71541880_71544776,chr2_71544955_71545796,chr4_133755923_133757903,chr4_141326801_141327760,chr5_134313576_134314029,chr6_48840815_48841662,chr7_100372146_100372354,chr7_126781249_126781424,chr8_84660555_84662042	Arid1a,C2cd3,Cacna1a,Crtac1,Dlx2,Epha2,Gtf2i,Hes1,Hoxb1,Hoxb2,Msx2,Plxnb2,Ptch1,Sp8,Tbx6,Tfap2a,Tmem176b
Mouse Phenotype Single KO	MP:0004678	split xiphoid process	285	1.98E-02	1.00E+00	6.32E-01	9.32E+00	2.15E-01	2	2.19E-03	2.04E-02	99	4.95E-03	1.00E+00	4.55E-01	1.88E+01	1.07E-01	2	15	1.32E-02	1.33E-01	chr14_46387358_46388080,chr15_102982607_102983365	Bmp4,Hoxc8
Mouse Phenotype Single KO	MP:0004462	small basisphenoid bone	286	2.00E-02	1.00E+00	6.35E-01	9.28E+00	2.16E-01	2	2.20E-03	2.04E-02	745	8.85E-02	1.00E+00	1.00E+00	1.08E+01	9.24E-02	1	13	6.58E-03	7.69E-02	chr13_63563733_63564766,chr13_63566316_63566849	Ptch1
Mouse Phenotype Single KO	MP:0001282	short vibrissae	287	2.05E-02	1.00E+00	6.48E-01	9.16E+00	2.18E-01	2	2.23E-03	2.04E-02	913	1.27E-01	1.00E+00	1.00E+00	7.41E+00	1.35E-01	1	19	6.58E-03	5.26E-02	chr13_53471407_53472168,chr13_53472662_53473247	Msx2
Mouse Phenotype Single KO	MP:0009396	small endometrial glands	288	2.05E-02	1.00E+00	6.48E-01	4.82E+01	2.07E-02	1	2.12E-04	1.02E-02	128	7.10E-03	1.00E+00	5.04E-01	1.41E+02	7.10E-03	1	1	6.58E-03	1.00E+00	chr10_68276719_68277215	Arid5b
Mouse Phenotype Single KO	MP:0004594	abnormal mandibular coronoid process morphology	289	2.06E-02	1.00E+00	6.47E-01	9.14E+00	2.19E-01	2	2.23E-03	2.04E-02	781	9.50E-02	1.00E+00	1.00E+00	1.01E+01	9.95E-02	1	14	6.58E-03	7.14E-02	chr13_63563733_63564766,chr13_63566316_63566849	Ptch1
Mouse Phenotype Single KO	MP:0001314	corneal opacity	290	2.06E-02	1.00E+00	6.45E-01	3.86E+00	1.04E+00	4	1.06E-02	4.08E-02	237	1.69E-02	1.00E+00	6.49E-01	5.56E+00	5.40E-01	3	76	1.97E-02	3.95E-02	chr13_53471407_53472168,chr13_53472662_53473247,chr14_46387358_46388080,chr7_19355987_19356721	Bmp4,Msx2,Ppp1r13l
Mouse Phenotype Single KO	MP:0002210	abnormal sex determination	291	2.07E-02	1.00E+00	6.46E-01	2.10E+00	4.75E+00	10	4.85E-02	1.02E-01	190	1.30E-02	1.00E+00	6.23E-01	2.41E+00	3.74E+00	9	526	5.92E-02	1.71E-02	chr10_68276719_68277215,chr11_87422538_87423866,chr12_16589553_16589895,chr12_16590033_16592004,chr13_63563733_63564766,chr14_46387358_46388080,chr17_35836387_35836777,chr4_134019055_134020274,chr5_134313576_134314029,chr7_6706261_6706761	Arid5b,Bmp4,Fancc,Gtf2i,Lin28a,Lpin1,Mdc1,Peg3,Tex14
Mouse Phenotype Single KO	MP:0009831	abnormal sperm midpiece morphology	292	2.07E-02	1.00E+00	6.46E-01	9.10E+00	2.20E-01	2	2.24E-03	2.04E-02	1342	2.70E-01	1.00E+00	1.00E+00	3.20E+00	3.13E-01	1	44	6.58E-03	2.27E-02	chr10_80054157_80054700,chr10_80055087_80056206	Gpx4
Mouse Phenotype Single KO	MP:0009943	abnormal olfactory bulb periglomerular cell morphology	293	2.08E-02	1.00E+00	6.46E-01	4.75E+01	2.10E-02	1	2.15E-04	1.02E-02	324	2.81E-02	1.00E+00	7.89E-01	3.52E+01	2.84E-02	1	4	6.58E-03	2.50E-01	chr15_89174182_89175604	Plxnb2
Mouse Phenotype Single KO	MP:0003672	abnormal ureter development	294	2.11E-02	1.00E+00	6.51E-01	9.02E+00	2.22E-01	2	2.26E-03	2.04E-02	70	2.64E-03	1.00E+00	3.43E-01	2.56E+01	7.81E-02	2	11	1.32E-02	1.82E-01	chr14_46387358_46388080,chr3_37642698_37643251	Bmp4,Spry1
Mouse Phenotype Single KO	MP:0000929	open neural tube	295	2.11E-02	1.00E+00	6.49E-01	2.79E+00	2.15E+00	6	2.19E-02	6.12E-02	158	8.53E-03	1.00E+00	4.91E-01	4.00E+00	1.25E+00	5	176	3.29E-02	2.84E-02	chr12_118847345_118851129,chr13_40727364_40730800,chr13_63563733_63564766,chr13_63566316_63566849,chr15_89174182_89175604,chr4_133755923_133757903	Arid1a,Plxnb2,Ptch1,Sp8,Tfap2a
Mouse Phenotype Single KO	MP:0001415	increased exploration in new environment	296	2.13E-02	1.00E+00	6.53E-01	3.82E+00	1.05E+00	4	1.07E-02	4.08E-02	892	1.20E-01	1.00E+00	1.00E+00	3.35E+00	5.97E-01	2	84	1.32E-02	2.38E-02	chr12_87298202_87298732,chr17_83920344_83920701,chr17_84184827_84185319,chr17_84185496_84186847	Haao,Ism2
Mouse Phenotype Single KO	MP:0003388	absent pericardium	297	2.16E-02	1.00E+00	6.60E-01	4.58E+01	2.18E-02	1	2.23E-04	1.02E-02	267	2.12E-02	1.00E+00	7.20E-01	4.69E+01	2.13E-02	1	3	6.58E-03	3.33E-01	chr13_40727364_40730800	Tfap2a
Mouse Phenotype Single KO	MP:0009123	abnormal brown fat cell lipid droplet size	298	2.17E-02	1.00E+00	6.63E-01	8.87E+00	2.25E-01	2	2.30E-03	2.04E-02	913	1.27E-01	1.00E+00	1.00E+00	7.41E+00	1.35E-01	1	19	6.58E-03	5.26E-02	chr12_16589553_16589895,chr12_16590033_16592004	Lpin1
Mouse Phenotype Single KO	MP:0009115	abnormal fat cell morphology	299	2.18E-02	1.00E+00	6.63E-01	3.15E+00	1.59E+00	5	1.62E-02	5.10E-02	428	3.64E-02	1.00E+00	7.73E-01	3.22E+00	1.24E+00	4	175	2.63E-02	2.29E-02	chr10_68276719_68277215,chr12_16589553_16589895,chr12_16590033_16592004,chr6_118758397_118758711,chr8_124946584_124947555	Ankrd26,Arid5b,Lpin1,Sprtn
Mouse Phenotype Single KO	MP:0001406	abnormal gait	300	2.19E-02	1.00E+00	6.64E-01	2.19E+00	4.10E+00	9	4.19E-02	9.18E-02	171	1.05E-02	1.00E+00	5.57E-01	2.92E+00	2.39E+00	7	337	4.61E-02	2.08E-02	chr11_103697567_103698192,chr11_120186364_120189507,chr12_16589553_16589895,chr12_16590033_16592004,chr15_102982607_102983365,chr6_60830285_60830625,chr8_26117824_26118019,chr8_26118257_26118822,chr8_84660555_84662042	Bahcc1,Cacna1a,Gosr2,Hoxc8,Lpin1,Rnf170,Snca
Mouse Phenotype Single KO	MP:0009351	thin hair shaft	301	2.21E-02	1.00E+00	6.66E-01	4.48E+01	2.23E-02	1	2.28E-04	1.02E-02	448	4.19E-02	1.00E+00	8.50E-01	2.35E+01	4.26E-02	1	6	6.58E-03	1.67E-01	chr7_19355987_19356721	Ppp1r13l
Mouse Phenotype Single KO	MP:0001322	abnormal iris morphology	302	2.21E-02	1.00E+00	6.66E-01	3.14E+00	1.59E+00	5	1.62E-02	5.10E-02	106	5.87E-03	1.00E+00	5.03E-01	5.57E+00	7.18E-01	4	101	2.63E-02	3.96E-02	chr13_40727364_40730800,chr13_53471407_53472168,chr13_53472662_53473247,chr14_46387358_46388080,chr7_19355987_19356721	Bmp4,Msx2,Ppp1r13l,Tfap2a
Mouse Phenotype Single KO	MP:0010343	increased lipoma incidence	303	2.24E-02	1.00E+00	6.71E-01	4.42E+01	2.26E-02	1	2.31E-04	1.02E-02	394	3.50E-02	1.00E+00	8.08E-01	2.82E+01	3.55E-02	1	5	6.58E-03	2.00E-01	chr3_89280734_89281464	Efna1
Mouse Phenotype Single KO	MP:0004650	increased lumbar vertebrae number	304	2.24E-02	1.00E+00	6.70E-01	4.41E+01	2.27E-02	1	2.31E-04	1.02E-02	394	3.50E-02	1.00E+00	8.08E-01	2.82E+01	3.55E-02	1	5	6.58E-03	2.00E-01	chr6_39204889_39205411	Kdm7a
Mouse Phenotype Single KO	MP:0030067	narrow face	305	2.26E-02	1.00E+00	6.72E-01	4.38E+01	2.28E-02	1	2.33E-04	1.02E-02	15	1.50E-04	1.00E+00	9.07E-02	9.38E+01	2.13E-02	2	3	1.32E-02	6.67E-01	chr11_96352608_96353722	Hoxb1,Hoxb2
Mouse Phenotype Single KO	MP:0008069	abnormal joint mobility	306	2.26E-02	1.00E+00	6.72E-01	8.68E+00	2.30E-01	2	2.35E-03	2.04E-02	718	8.20E-02	1.00E+00	1.00E+00	1.17E+01	8.53E-02	1	12	6.58E-03	8.33E-02	chr12_16589553_16589895,chr12_16590033_16592004	Lpin1
Mouse Phenotype Single KO	MP:0004615	cervical vertebral transformation	307	2.30E-02	1.00E+00	6.79E-01	8.61E+00	2.32E-01	2	2.37E-03	2.04E-02	356	2.84E-02	1.00E+00	7.25E-01	7.61E+00	2.63E-01	2	37	1.32E-02	5.41E-02	chr11_96352608_96353722,chr15_102982607_102983365	Hoxb2,Hoxc8
Mouse Phenotype Single KO	MP:0002700	opacity of vitreous body	308	2.32E-02	1.00E+00	6.83E-01	4.27E+01	2.34E-02	1	2.39E-04	1.02E-02	324	2.81E-02	1.00E+00	7.89E-01	3.52E+01	2.84E-02	1	4	6.58E-03	2.50E-01	chr14_46387358_46388080	Bmp4
Mouse Phenotype Single KO	MP:0005249	abnormal palatine bone morphology	309	2.33E-02	1.00E+00	6.86E-01	4.95E+00	6.06E-01	3	6.19E-03	3.06E-02	380	3.28E-02	1.00E+00	7.84E-01	7.04E+00	2.84E-01	2	40	1.32E-02	5.00E-02	chr10_68276719_68277215,chr2_71541880_71544776,chr2_71544955_71545796	Arid5b,Dlx2
Mouse Phenotype Single KO	MP:0009582	abnormal keratinocyte proliferation	310	2.33E-02	1.00E+00	6.84E-01	8.54E+00	2.34E-01	2	2.39E-03	2.04E-02	298	2.29E-02	1.00E+00	6.99E-01	8.53E+00	2.34E-01	2	33	1.32E-02	6.06E-02	chr11_100206147_100206767,chr7_19355987_19356721	Krt9,Ppp1r13l
Mouse Phenotype Single KO	MP:0002938	white spotting	311	2.36E-02	1.00E+00	6.89E-01	4.93E+00	6.09E-01	3	6.21E-03	3.06E-02	391	3.43E-02	1.00E+00	7.98E-01	6.87E+00	2.91E-01	2	41	1.32E-02	4.88E-02	chr13_63563733_63564766,chr13_63566316_63566849,chr15_89174182_89175604	Plxnb2,Ptch1
Mouse Phenotype Single KO	MP:0003723	abnormal long bone morphology	312	2.37E-02	1.00E+00	6.92E-01	1.97E+00	5.58E+00	11	5.69E-02	1.12E-01	127	7.08E-03	1.00E+00	5.06E-01	2.66E+00	3.38E+00	9	476	5.92E-02	1.89E-02	chr10_68276719_68277215,chr11_101964638_101965429,chr11_120186364_120189507,chr12_118847345_118851129,chr13_40727364_40730800,chr13_53471407_53472168,chr13_53472662_53473247,chr15_102982607_102983365,chr5_111006204_111007025,chr8_26117824_26118019,chr8_26118257_26118822	Arid5b,Hook3,Hoxc8,Msx2,Slc38a10,Sost,Sp8,Tfap2a,Ttc28
Mouse Phenotype Single KO	MP:0011962	increased cornea thickness	313	2.41E-02	1.00E+00	6.99E-01	8.39E+00	2.38E-01	2	2.43E-03	2.04E-02	543	5.55E-02	1.00E+00	9.28E-01	1.76E+01	5.68E-02	1	8	6.58E-03	1.25E-01	chr13_53471407_53472168,chr13_53472662_53473247	Msx2
Mouse Phenotype Single KO	MP:0003756	abnormal hard palate morphology	314	2.41E-02	1.00E+00	6.97E-01	3.07E+00	1.63E+00	5	1.66E-02	5.10E-02	429	3.71E-02	1.00E+00	7.87E-01	4.10E+00	7.32E-01	3	103	1.97E-02	2.91E-02	chr10_68276719_68277215,chr13_63563733_63564766,chr13_63566316_63566849,chr2_71541880_71544776,chr2_71544955_71545796	Arid5b,Dlx2,Ptch1
Mouse Phenotype Single KO	MP:0000572	abnormal autopod morphology	315	2.41E-02	1.00E+00	6.97E-01	2.29E+00	3.49E+00	8	3.57E-02	8.16E-02	116	6.46E-03	1.00E+00	5.06E-01	3.21E+00	2.18E+00	7	307	4.61E-02	2.28E-02	chr11_100206147_100206767,chr12_118847345_118851129,chr13_40727364_40730800,chr13_63563733_63564766,chr13_63566316_63566849,chr14_46387358_46388080,chr15_102982607_102983365,chr7_100372146_100372354	Bmp4,C2cd3,Hoxc8,Krt9,Ptch1,Sp8,Tfap2a
Mouse Phenotype Single KO	MP:0001274	curly vibrissae	316	2.42E-02	1.00E+00	6.95E-01	8.37E+00	2.39E-01	2	2.44E-03	2.04E-02	1028	1.57E-01	1.00E+00	1.00E+00	5.86E+00	1.71E-01	1	24	6.58E-03	4.17E-02	chr13_53471407_53472168,chr13_53472662_53473247	Msx2
Mouse Phenotype Single KO	MP:0000334	decreased granulocyte number	317	2.44E-02	1.00E+00	6.99E-01	3.06E+00	1.63E+00	5	1.67E-02	5.10E-02	1188	2.15E-01	1.00E+00	1.00E+00	1.88E+00	1.60E+00	3	225	1.97E-02	1.33E-02	chr11_70233509_70233695,chr17_83920344_83920701,chr17_84184827_84185319,chr17_84185496_84186847,chr6_39204889_39205411	Bcl6b,Kdm7a,Zfp36l2
Mouse Phenotype Single KO	MP:0011334	abnormal nephrogenic zone morphology	318	2.48E-02	1.00E+00	7.08E-01	8.26E+00	2.42E-01	2	2.47E-03	2.04E-02	70	2.64E-03	1.00E+00	3.43E-01	2.56E+01	7.81E-02	2	11	1.32E-02	1.82E-01	chr14_46387358_46388080,chr3_37642698_37643251	Bmp4,Spry1
Mouse Phenotype Single KO	MP:0020148	abnormal sensitivity to induced morbidity/mortality	319	2.48E-02	1.00E+00	7.07E-01	2.28E+00	3.51E+00	8	3.59E-02	8.16E-02	535	5.33E-02	1.00E+00	9.05E-01	2.23E+00	2.69E+00	6	378	3.95E-02	1.59E-02	chr10_80054157_80054700,chr10_80055087_80056206,chr13_63563733_63564766,chr13_63566316_63566849,chr17_35836387_35836777,chr2_75703196_75704248,chr6_121069244_121070033,chr8_84660555_84662042	Bid,Cacna1a,Gpx4,Mdc1,Nfe2l2,Ptch1
Mouse Phenotype Single KO	MP:0001303	abnormal lens morphology	320	2.49E-02	1.00E+00	7.06E-01	2.45E+00	2.86E+00	7	2.92E-02	7.14E-02	178	1.14E-02	1.00E+00	5.82E-01	3.21E+00	1.87E+00	6	263	3.95E-02	2.28E-02	chr13_40727364_40730800,chr13_53471407_53472168,chr13_53472662_53473247,chr14_46387358_46388080,chr4_141326801_141327760,chr7_19355987_19356721,chr8_124946584_124947555	Bmp4,Epha2,Msx2,Ppp1r13l,Sprtn,Tfap2a
Mouse Phenotype Single KO	MP:0001704	abnormal dorsal-ventral axis patterning	321	2.49E-02	1.00E+00	7.05E-01	8.24E+00	2.43E-01	2	2.48E-03	2.04E-02	161	8.76E-03	1.00E+00	4.94E-01	1.41E+01	1.42E-01	2	20	1.32E-02	1.00E-01	chr13_40727364_40730800,chr7_100372146_100372354	C2cd3,Tfap2a
Mouse Phenotype Single KO	MP:0004647	decreased lumbar vertebrae number	322	2.49E-02	1.00E+00	7.03E-01	4.82E+00	6.22E-01	3	6.35E-03	3.06E-02	256	1.94E-02	1.00E+00	6.88E-01	5.28E+00	5.68E-01	3	80	1.97E-02	3.75E-02	chr11_101658299_101659257,chr3_89280734_89281464,chr5_111006204_111007025	Arl4d,Efna1,Ttc28
Mouse Phenotype Single KO	MP:0010949	decreased Clara cell number	323	2.51E-02	1.00E+00	7.06E-01	3.94E+01	2.54E-02	1	2.59E-04	1.02E-02	128	7.10E-03	1.00E+00	5.04E-01	1.41E+02	7.10E-03	1	1	6.58E-03	1.00E+00	chr16_30066210_30067176	Hes1
Mouse Phenotype Single KO	MP:0000854	abnormal cerebellum development	324	2.52E-02	1.00E+00	7.05E-01	3.04E+00	1.65E+00	5	1.68E-02	5.10E-02	85	3.75E-03	1.00E+00	4.00E-01	6.33E+00	6.32E-01	4	89	2.63E-02	4.49E-02	chr13_53471407_53472168,chr13_53472662_53473247,chr15_89174182_89175604,chr6_48840815_48841662,chr8_84660555_84662042	Cacna1a,Msx2,Plxnb2,Tmem176b
Mouse Phenotype Single KO	MP:0001154	seminiferous tubule degeneration	325	2.52E-02	1.00E+00	7.05E-01	4.80E+00	6.25E-01	3	6.38E-03	3.06E-02	237	1.69E-02	1.00E+00	6.49E-01	5.56E+00	5.40E-01	3	76	1.97E-02	3.95E-02	chr10_68276719_68277215,chr13_63563733_63564766,chr14_46387358_46388080	Arid5b,Bmp4,Fancc
Mouse Phenotype Single KO	MP:0004135	abnormal mammary gland embryonic development	326	2.53E-02	1.00E+00	7.05E-01	8.18E+00	2.45E-01	2	2.50E-03	2.04E-02	587	6.22E-02	1.00E+00	9.62E-01	1.56E+01	6.39E-02	1	9	6.58E-03	1.11E-01	chr13_53471407_53472168,chr13_53472662_53473247	Msx2
Mouse Phenotype Single KO	MP:0001306	small lens	327	2.56E-02	1.00E+00	7.11E-01	4.77E+00	6.29E-01	3	6.42E-03	3.06E-02	430	3.74E-02	1.00E+00	7.91E-01	6.55E+00	3.05E-01	2	43	1.32E-02	4.65E-02	chr13_40727364_40730800,chr13_53471407_53472168,chr13_53472662_53473247	Msx2,Tfap2a
Mouse Phenotype Single KO	MP:0013550	abnormal secondary palate morphology	328	2.56E-02	1.00E+00	7.10E-01	2.67E+00	2.25E+00	6	2.29E-02	6.12E-02	250	1.87E-02	1.00E+00	6.79E-01	3.96E+00	1.01E+00	4	142	2.63E-02	2.82E-02	chr10_68276719_68277215,chr13_40727364_40730800,chr13_63563733_63564766,chr13_63566316_63566849,chr2_71541880_71544776,chr2_71544955_71545796	Arid5b,Dlx2,Ptch1,Tfap2a
Mouse Phenotype Single KO	MP:0003052	omphalocele	329	2.56E-02	1.00E+00	7.08E-01	4.77E+00	6.29E-01	3	6.42E-03	3.06E-02	476	4.40E-02	1.00E+00	8.40E-01	5.99E+00	3.34E-01	2	47	1.32E-02	4.26E-02	chr13_63563733_63564766,chr13_63566316_63566849,chr14_46387358_46388080	Bmp4,Ptch1
Mouse Phenotype Single KO	MP:0012557	decreased calcium uptake by cardiac muscle	330	2.56E-02	1.00E+00	7.06E-01	3.85E+01	2.60E-02	1	2.65E-04	1.02E-02	200	1.42E-02	1.00E+00	6.43E-01	7.04E+01	1.42E-02	1	2	6.58E-03	5.00E-01	chr6_118758397_118758711	Cacna1c
Mouse Phenotype Single KO	MP:0008510	absent retinal ganglion layer	331	2.57E-02	1.00E+00	7.04E-01	3.85E+01	2.60E-02	1	2.65E-04	1.02E-02	200	1.42E-02	1.00E+00	6.43E-01	7.04E+01	1.42E-02	1	2	6.58E-03	5.00E-01	chr13_40727364_40730800	Tfap2a
Mouse Phenotype Single KO	MP:0002971	abnormal brown adipose tissue morphology	332	2.57E-02	1.00E+00	7.04E-01	3.60E+00	1.11E+00	4	1.13E-02	4.08E-02	485	4.68E-02	1.00E+00	8.76E-01	3.74E+00	8.03E-01	3	113	1.97E-02	2.65E-02	chr10_68276719_68277215,chr12_16589553_16589895,chr12_16590033_16592004,chr6_118758397_118758711	Ankrd26,Arid5b,Lpin1
Mouse Phenotype Single KO	MP:0000592	short tail	333	2.58E-02	1.00E+00	7.04E-01	3.60E+00	1.11E+00	4	1.13E-02	4.08E-02	287	2.14E-02	1.00E+00	6.76E-01	5.09E+00	5.90E-01	3	83	1.97E-02	3.61E-02	chr13_63563733_63564766,chr13_63566316_63566849,chr4_141326801_141327760,chr7_126781249_126781424	Epha2,Ptch1,Tbx6
Mouse Phenotype Single KO	MP:0000452	abnormal mouth morphology	334	2.60E-02	1.00E+00	7.08E-01	1.94E+00	5.66E+00	11	5.77E-02	1.12E-01	55	1.12E-03	1.00E+00	1.86E-01	3.24E+00	3.09E+00	10	435	6.58E-02	2.30E-02	chr10_68276719_68277215,chr11_96352608_96353722,chr12_118847345_118851129,chr13_40727364_40730800,chr13_53471407_53472168,chr13_53472662_53473247,chr13_63563733_63564766,chr13_63566316_63566849,chr2_71541880_71544776,chr2_71544955_71545796,chr2_75703196_75704248	Arid5b,Dlx1,Dlx2,Hoxb1,Hoxb2,Msx2,Nfe2l2,Ptch1,Sp8,Tfap2a
Mouse Phenotype Single KO	MP:0003360	abnormal depression-related behavior	335	2.64E-02	1.00E+00	7.16E-01	3.00E+00	1.67E+00	5	1.70E-02	5.10E-02	479	4.47E-02	1.00E+00	8.49E-01	3.80E+00	7.89E-01	3	111	1.97E-02	2.70E-02	chr17_83920344_83920701,chr17_84184827_84185319,chr17_84185496_84186847,chr3_50442906_50443889,chr6_118758397_118758711	Cacna1c,Haao,Slc7a11
Mouse Phenotype Single KO	MP:0003674	oxidative stress	336	2.65E-02	1.00E+00	7.17E-01	4.70E+00	6.38E-01	3	6.51E-03	3.06E-02	1003	1.49E-01	1.00E+00	1.00E+00	2.93E+00	6.82E-01	2	96	1.32E-02	2.08E-02	chr10_80054157_80054700,chr10_80055087_80056206,chr2_75703196_75704248	Gpx4,Nfe2l2
Mouse Phenotype Single KO	MP:0005194	abnormal anterior uvea morphology	337	2.72E-02	1.00E+00	7.32E-01	2.98E+00	1.68E+00	5	1.71E-02	5.10E-02	146	7.18E-03	1.00E+00	4.47E-01	5.26E+00	7.60E-01	4	107	2.63E-02	3.74E-02	chr13_40727364_40730800,chr13_53471407_53472168,chr13_53472662_53473247,chr14_46387358_46388080,chr7_19355987_19356721	Bmp4,Msx2,Ppp1r13l,Tfap2a
Mouse Phenotype Single KO	MP:0005431	decreased oocyte number	338	2.72E-02	1.00E+00	7.31E-01	4.66E+00	6.44E-01	3	6.57E-03	3.06E-02	192	1.31E-02	1.00E+00	6.19E-01	6.12E+00	4.90E-01	3	69	1.97E-02	4.35E-02	chr13_63563733_63564766,chr4_134019055_134020274,chr7_6706261_6706761	Fancc,Lin28a,Peg3
Mouse Phenotype Single KO	MP:0013189	abnormal exploration in a new environment	339	2.74E-02	1.00E+00	7.34E-01	2.63E+00	2.28E+00	6	2.33E-02	6.12E-02	377	3.27E-02	1.00E+00	7.87E-01	3.33E+00	1.20E+00	4	169	2.63E-02	2.37E-02	chr12_87298202_87298732,chr17_83920344_83920701,chr17_84184827_84185319,chr17_84185496_84186847,chr5_134313576_134314029,chr6_118758397_118758711	Cacna1c,Gtf2i,Haao,Ism2
Mouse Phenotype Single KO	MP:0008866	chromosomal instability	340	2.79E-02	1.00E+00	7.44E-01	4.62E+00	6.50E-01	3	6.63E-03	3.06E-02	321	2.79E-02	1.00E+00	7.89E-01	4.59E+00	6.54E-01	3	92	1.97E-02	3.26E-02	chr13_63563733_63564766,chr17_35836387_35836777,chr8_124946584_124947555	Fancc,Mdc1,Sprtn
Mouse Phenotype Single KO	MP:0001921	reduced fertility	341	2.79E-02	1.00E+00	7.44E-01	1.92E+00	5.72E+00	11	5.84E-02	1.12E-01	93	4.26E-03	1.00E+00	4.17E-01	2.69E+00	3.72E+00	10	523	6.58E-02	1.91E-02	chr10_68276719_68277215,chr10_80054157_80054700,chr10_80055087_80056206,chr13_63563733_63564766,chr14_46387358_46388080,chr4_134019055_134020274,chr5_134313576_134314029,chr7_126781249_126781424,chr7_19355987_19356721,chr7_82869018_82869904,chr8_84660555_84662042	Arid5b,Bmp4,Cacna1a,Fancc,Gpx4,Gtf2i,Lin28a,Mex3b,Ppp1r13l,Tbx6
Mouse Phenotype Single KO	MP:0008797	facial cleft	342	2.79E-02	1.00E+00	7.42E-01	7.75E+00	2.58E-01	2	2.63E-03	2.04E-02	184	1.25E-02	1.00E+00	6.17E-01	1.17E+01	1.71E-01	2	24	1.32E-02	8.33E-02	chr13_40727364_40730800,chr5_134313576_134314029	Gtf2i,Tfap2a
Mouse Phenotype Single KO	MP:0010094	abnormal chromosome stability	343	2.81E-02	1.00E+00	7.44E-01	4.60E+00	6.52E-01	3	6.65E-03	3.06E-02	361	2.95E-02	1.00E+00	7.42E-01	4.49E+00	6.68E-01	3	94	1.97E-02	3.19E-02	chr13_63563733_63564766,chr17_35836387_35836777,chr8_124946584_124947555	Fancc,Mdc1,Sprtn
Mouse Phenotype Single KO	MP:0010281	increased nervous system tumor incidence	344	2.82E-02	1.00E+00	7.45E-01	7.70E+00	2.60E-01	2	2.65E-03	2.04E-02	1146	1.98E-01	1.00E+00	1.00E+00	4.54E+00	2.20E-01	1	31	6.58E-03	3.23E-02	chr13_63563733_63564766,chr13_63566316_63566849	Ptch1
Mouse Phenotype Single KO	MP:0010577	abnormal heart right ventricle size	345	2.82E-02	1.00E+00	7.43E-01	3.50E+00	1.14E+00	4	1.17E-02	4.08E-02	106	5.87E-03	1.00E+00	5.03E-01	5.57E+00	7.18E-01	4	101	2.63E-02	3.96E-02	chr14_46387358_46388080,chr5_138992412_138994516,chr6_118758397_118758711,chr7_19355987_19356721	Bmp4,Cacna1c,Pdgfa,Ppp1r13l
Mouse Phenotype Single KO	MP:0000167	decreased chondrocyte number	346	2.84E-02	1.00E+00	7.45E-01	7.68E+00	2.61E-01	2	2.66E-03	2.04E-02	815	1.01E-01	1.00E+00	1.00E+00	9.38E+00	1.07E-01	1	15	6.58E-03	6.67E-02	chr13_53471407_53472168,chr13_53472662_53473247	Msx2
Mouse Phenotype Single KO	MP:0003396	abnormal embryonic hematopoiesis	347	2.84E-02	1.00E+00	7.44E-01	4.58E+00	6.55E-01	3	6.69E-03	3.06E-02	1455	3.20E-01	1.00E+00	1.00E+00	2.61E+00	3.84E-01	1	54	6.58E-03	1.85E-02	chr17_83920344_83920701,chr17_84184827_84185319,chr17_84185496_84186847	Zfp36l2
Mouse Phenotype Single KO	MP:0004561	absent facial nerve	348	2.88E-02	1.00E+00	7.53E-01	3.42E+01	2.93E-02	1	2.98E-04	1.02E-02	25	2.98E-04	1.00E+00	1.08E-01	7.04E+01	2.84E-02	2	4	1.32E-02	5.00E-01	chr11_96352608_96353722	Hoxb1,Hoxb2
Mouse Phenotype Single KO	MP:0010915	increased solitary pulmonary neuroendocrine cell number	349	2.93E-02	1.00E+00	7.64E-01	3.36E+01	2.98E-02	1	3.04E-04	1.02E-02	200	1.42E-02	1.00E+00	6.43E-01	7.04E+01	1.42E-02	1	2	6.58E-03	5.00E-01	chr16_30066210_30067176	Hes1
Mouse Phenotype Single KO	MP:0010150	abnormal mandibule ramus morphology	350	2.95E-02	1.00E+00	7.65E-01	7.52E+00	2.66E-01	2	2.71E-03	2.04E-02	894	1.20E-01	1.00E+00	1.00E+00	7.82E+00	1.28E-01	1	18	6.58E-03	5.56E-02	chr13_63563733_63564766,chr13_63566316_63566849	Ptch1
Mouse Phenotype Single KO	MP:0000418	focal hair loss	351	2.95E-02	1.00E+00	7.64E-01	7.51E+00	2.66E-01	2	2.72E-03	2.04E-02	1206	2.21E-01	1.00E+00	1.00E+00	4.02E+00	2.49E-01	1	35	6.58E-03	2.86E-02	chr13_63563733_63564766,chr13_63566316_63566849	Ptch1
Mouse Phenotype Single KO	MP:0000579	abnormal nail morphology	352	2.98E-02	1.00E+00	7.70E-01	7.47E+00	2.68E-01	2	2.73E-03	2.04E-02	1116	1.87E-01	1.00E+00	1.00E+00	4.85E+00	2.06E-01	1	29	6.58E-03	3.45E-02	chr13_53471407_53472168,chr13_53472662_53473247	Msx2
Mouse Phenotype Single KO	MP:0009117	abnormal white fat cell morphology	353	3.04E-02	1.00E+00	7.82E-01	4.46E+00	6.73E-01	3	6.87E-03	3.06E-02	865	1.13E-01	1.00E+00	1.00E+00	3.48E+00	5.75E-01	2	81	1.32E-02	2.47E-02	chr12_16589553_16589895,chr12_16590033_16592004,chr8_124946584_124947555	Lpin1,Sprtn
Mouse Phenotype Single KO	MP:0000556	abnormal hindlimb morphology	354	3.09E-02	1.00E+00	7.93E-01	2.18E+00	3.67E+00	8	3.74E-02	8.16E-02	374	3.19E-02	1.00E+00	7.76E-01	2.54E+00	2.37E+00	6	333	3.95E-02	1.80E-02	chr10_68276719_68277215,chr11_101964638_101965429,chr12_118847345_118851129,chr13_53471407_53472168,chr13_53472662_53473247,chr5_111006204_111007025,chr8_26117824_26118019,chr8_26118257_26118822	Arid5b,Hook3,Msx2,Sost,Sp8,Ttc28
Mouse Phenotype Single KO	MP:0010025	decreased total body fat amount	355	3.09E-02	1.00E+00	7.91E-01	2.34E+00	2.99E+00	7	3.06E-02	7.14E-02	441	3.96E-02	1.00E+00	8.17E-01	2.41E+00	2.49E+00	6	351	3.95E-02	1.71E-02	chr11_120186364_120189507,chr11_69399728_69400631,chr19_57119757_57120427,chr4_134019055_134020274,chr5_111006204_111007025,chr8_26117824_26118019,chr8_26118257_26118822	Afap1l2,Cyb5d1,Hook3,Lin28a,Slc38a10,Ttc28
Mouse Phenotype Single KO	MP:0011999	abnormal tail length	356	3.11E-02	1.00E+00	7.94E-01	3.39E+00	1.18E+00	4	1.20E-02	4.08E-02	304	2.41E-02	1.00E+00	7.22E-01	4.85E+00	6.18E-01	3	87	1.97E-02	3.45E-02	chr13_63563733_63564766,chr13_63566316_63566849,chr4_141326801_141327760,chr7_126781249_126781424	Epha2,Ptch1,Tbx6
Mouse Phenotype Single KO	MP:0002110	abnormal digit morphology	357	3.11E-02	1.00E+00	7.92E-01	2.33E+00	3.00E+00	7	3.06E-02	7.14E-02	175	1.08E-02	1.00E+00	5.61E-01	3.25E+00	1.85E+00	6	260	3.95E-02	2.31E-02	chr12_118847345_118851129,chr13_40727364_40730800,chr13_63563733_63564766,chr13_63566316_63566849,chr14_46387358_46388080,chr15_102982607_102983365,chr7_100372146_100372354	Bmp4,C2cd3,Hoxc8,Ptch1,Sp8,Tfap2a
Mouse Phenotype Single KO	MP:0003384	abnormal ventral body wall morphology	358	3.12E-02	1.00E+00	7.91E-01	7.29E+00	2.74E-01	2	2.80E-03	2.04E-02	152	7.92E-03	1.00E+00	4.74E-01	1.48E+01	1.35E-01	2	19	1.32E-02	1.05E-01	chr13_40727364_40730800,chr14_46387358_46388080	Bmp4,Tfap2a
Mouse Phenotype Single KO	MP:0004599	abnormal vertebral arch morphology	359	3.15E-02	1.00E+00	7.98E-01	3.38E+00	1.18E+00	4	1.21E-02	4.08E-02	154	8.15E-03	1.00E+00	4.81E-01	5.07E+00	7.89E-01	4	111	2.63E-02	3.60E-02	chr10_68276719_68277215,chr11_96352608_96353722,chr14_46387358_46388080,chr7_126781249_126781424	Arid5b,Bmp4,Hoxb2,Tbx6
Mouse Phenotype Single KO	MP:0009495	abnormal common bile duct morphology	360	3.16E-02	1.00E+00	7.99E-01	3.11E+01	3.22E-02	1	3.28E-04	1.02E-02	267	2.12E-02	1.00E+00	7.20E-01	4.69E+01	2.13E-02	1	3	6.58E-03	3.33E-01	chr16_30066210_30067176	Hes1
Mouse Phenotype Single KO	MP:0001935	decreased litter size	361	3.18E-02	1.00E+00	8.00E-01	2.32E+00	3.01E+00	7	3.07E-02	7.14E-02	241	1.71E-02	1.00E+00	6.46E-01	2.93E+00	2.05E+00	6	288	3.95E-02	2.08E-02	chr10_80054157_80054700,chr10_80055087_80056206,chr13_63563733_63564766,chr14_46387358_46388080,chr17_35836387_35836777,chr4_134019055_134020274,chr8_84660555_84662042	Bmp4,Cacna1a,Fancc,Gpx4,Lin28a,Mdc1
Mouse Phenotype Single KO	MP:0003720	abnormal neural tube closure	362	3.20E-02	1.00E+00	8.04E-01	2.32E+00	3.02E+00	7	3.08E-02	7.14E-02	227	1.56E-02	1.00E+00	6.24E-01	2.99E+00	2.00E+00	6	282	3.95E-02	2.13E-02	chr12_118847345_118851129,chr13_40727364_40730800,chr13_63563733_63564766,chr13_63566316_63566849,chr15_89174182_89175604,chr16_30066210_30067176,chr4_133755923_133757903	Arid1a,Hes1,Plxnb2,Ptch1,Sp8,Tfap2a
Mouse Phenotype Single KO	MP:0014143	decreased body fat mass	363	3.22E-02	1.00E+00	8.05E-01	7.17E+00	2.79E-01	2	2.85E-03	2.04E-02	869	1.14E-01	1.00E+00	1.00E+00	8.28E+00	1.21E-01	1	17	6.58E-03	5.88E-02	chr12_16589553_16589895,chr12_16590033_16592004	Lpin1
Mouse Phenotype Single KO	MP:0005158	ovary hypoplasia	364	3.22E-02	1.00E+00	8.05E-01	3.05E+01	3.28E-02	1	3.34E-04	1.02E-02	324	2.81E-02	1.00E+00	7.89E-01	3.52E+01	2.84E-02	1	4	6.58E-03	2.50E-01	chr13_63563733_63564766	Fancc
Mouse Phenotype Single KO	MP:0009891	abnormal palate bone morphology	365	3.25E-02	1.00E+00	8.09E-01	4.34E+00	6.91E-01	3	7.05E-03	3.06E-02	362	2.98E-02	1.00E+00	7.49E-01	7.41E+00	2.70E-01	2	38	1.32E-02	5.26E-02	chr10_68276719_68277215,chr2_71541880_71544776,chr2_71544955_71545796	Arid5b,Dlx2
Mouse Phenotype Single KO	MP:0010241	abnormal aortic arch development	366	3.25E-02	1.00E+00	8.07E-01	3.03E+01	3.30E-02	1	3.37E-04	1.02E-02	200	1.42E-02	1.00E+00	6.43E-01	7.04E+01	1.42E-02	1	2	6.58E-03	5.00E-01	chr13_40727364_40730800	Tfap2a
Mouse Phenotype Single KO	MP:0003186	abnormal redox activity	367	3.27E-02	1.00E+00	8.10E-01	4.33E+00	6.93E-01	3	7.07E-03	3.06E-02	1107	1.82E-01	1.00E+00	1.00E+00	2.58E+00	7.74E-01	2	109	1.32E-02	1.83E-02	chr10_80054157_80054700,chr10_80055087_80056206,chr2_75703196_75704248	Gpx4,Nfe2l2
Mouse Phenotype Single KO	MP:0013151	abnormal incidence of induced tumors	368	3.29E-02	1.00E+00	8.13E-01	2.82E+00	1.77E+00	5	1.81E-02	5.10E-02	517	4.91E-02	1.00E+00	8.63E-01	2.92E+00	1.37E+00	4	193	2.63E-02	2.07E-02	chr13_63563733_63564766,chr13_63566316_63566849,chr2_75703196_75704248,chr3_50442906_50443889,chr4_141326801_141327760	Epha2,Nfe2l2,Ptch1,Slc7a11
Mouse Phenotype Single KO	MP:0003048	abnormal cervical vertebrae morphology	369	3.30E-02	1.00E+00	8.11E-01	3.33E+00	1.20E+00	4	1.23E-02	4.08E-02	189	1.26E-02	1.00E+00	6.04E-01	4.47E+00	8.95E-01	4	126	2.63E-02	3.17E-02	chr11_96352608_96353722,chr14_46387358_46388080,chr15_102982607_102983365,chr7_126781249_126781424	Bmp4,Hoxb2,Hoxc8,Tbx6
Mouse Phenotype Single KO	MP:0004097	abnormal cerebellar cortex morphology	370	3.31E-02	1.00E+00	8.13E-01	2.30E+00	3.04E+00	7	3.10E-02	7.14E-02	315	2.69E-02	1.00E+00	7.75E-01	2.98E+00	1.68E+00	5	236	3.29E-02	2.12E-02	chr13_53471407_53472168,chr13_53472662_53473247,chr13_63563733_63564766,chr13_63566316_63566849,chr15_89174182_89175604,chr6_48840815_48841662,chr8_84660555_84662042	Cacna1a,Msx2,Plxnb2,Ptch1,Tmem176b
Mouse Phenotype Single KO	MP:0008392	decreased primordial germ cell number	371	3.32E-02	1.00E+00	8.13E-01	7.05E+00	2.84E-01	2	2.90E-03	2.04E-02	222	1.46E-02	1.00E+00	5.97E-01	1.08E+01	1.85E-01	2	26	1.32E-02	7.69E-02	chr14_46387358_46388080,chr4_134019055_134020274	Bmp4,Lin28a
Mouse Phenotype Single KO	MP:0003960	increased lean body mass	372	3.35E-02	1.00E+00	8.18E-01	3.31E+00	1.21E+00	4	1.23E-02	4.08E-02	741	8.60E-02	1.00E+00	1.00E+00	2.89E+00	1.04E+00	3	146	1.97E-02	2.05E-02	chr19_57119757_57120427,chr6_118758397_118758711,chr8_26117824_26118019,chr8_26118257_26118822	Afap1l2,Ankrd26,Hook3
Mouse Phenotype Single KO	MP:0020356	abnormal Sertoli cell barrier function	373	3.37E-02	1.00E+00	8.21E-01	2.92E+01	3.43E-02	1	3.50E-04	1.02E-02	128	7.10E-03	1.00E+00	5.04E-01	1.41E+02	7.10E-03	1	1	6.58E-03	1.00E+00	chr7_82869018_82869904	Mex3b
Mouse Phenotype Single KO	MP:0013545	cleft hard palate	374	3.39E-02	1.00E+00	8.23E-01	3.30E+00	1.21E+00	4	1.24E-02	4.08E-02	832	1.02E-01	1.00E+00	1.00E+00	3.70E+00	5.40E-01	2	76	1.32E-02	2.63E-02	chr13_63563733_63564766,chr13_63566316_63566849,chr2_71541880_71544776,chr2_71544955_71545796	Dlx2,Ptch1
Mouse Phenotype Single KO	MP:0004327	increased vestibular hair cell number	375	3.41E-02	1.00E+00	8.26E-01	2.88E+01	3.47E-02	1	3.54E-04	1.02E-02	267	2.12E-02	1.00E+00	7.20E-01	4.69E+01	2.13E-02	1	3	6.58E-03	3.33E-01	chr16_30066210_30067176	Hes1
Mouse Phenotype Single KO	MP:0009759	abnormal hair follicle bulge morphology	376	3.44E-02	1.00E+00	8.30E-01	2.86E+01	3.49E-02	1	3.57E-04	1.02E-02	394	3.50E-02	1.00E+00	8.08E-01	2.82E+01	3.55E-02	1	5	6.58E-03	2.00E-01	chr6_39204889_39205411	Kdm7a
Mouse Phenotype Single KO	MP:0014138	abnormal germ layer morphology	377	3.44E-02	1.00E+00	8.29E-01	2.79E+00	1.79E+00	5	1.83E-02	5.10E-02	79	3.38E-03	1.00E+00	3.89E-01	4.99E+00	1.00E+00	5	141	3.29E-02	3.55E-02	chr12_118847345_118851129,chr14_46387358_46388080,chr4_133755923_133757903,chr4_141326801_141327760,chr7_126781249_126781424	Arid1a,Bmp4,Epha2,Sp8,Tbx6
Mouse Phenotype Single KO	MP:0009247	meteorism	378	3.44E-02	1.00E+00	8.27E-01	6.91E+00	2.89E-01	2	2.95E-03	2.04E-02	944	1.33E-01	1.00E+00	1.00E+00	7.04E+00	1.42E-01	1	20	6.58E-03	5.00E-02	chr2_71541880_71544776,chr2_71544955_71545796	Dlx2
Mouse Phenotype Single KO	MP:0005503	abnormal tendon morphology	379	3.45E-02	1.00E+00	8.26E-01	6.90E+00	2.90E-01	2	2.96E-03	2.04E-02	1066	1.69E-01	1.00E+00	1.00E+00	5.41E+00	1.85E-01	1	26	6.58E-03	3.85E-02	chr13_63563733_63564766,chr13_63566316_63566849	Ptch1
Mouse Phenotype Single KO	MP:0003807	camptodactyly	380	3.45E-02	1.00E+00	8.26E-01	2.85E+01	3.51E-02	1	3.59E-04	1.02E-02	324	2.81E-02	1.00E+00	7.89E-01	3.52E+01	2.84E-02	1	4	6.58E-03	2.50E-01	chr15_102982607_102983365	Hoxc8
Mouse Phenotype Single KO	MP:0011264	abnormal cardiac mesenchyme morphology	381	3.47E-02	1.00E+00	8.29E-01	2.83E+01	3.54E-02	1	3.61E-04	1.02E-02	267	2.12E-02	1.00E+00	7.20E-01	4.69E+01	2.13E-02	1	3	6.58E-03	3.33E-01	chr14_46387358_46388080	Bmp4
Mouse Phenotype Single KO	MP:0002020	increased tumor incidence	382	3.48E-02	1.00E+00	8.27E-01	2.13E+00	3.75E+00	8	3.83E-02	8.16E-02	177	1.12E-02	1.00E+00	5.73E-01	2.65E+00	3.02E+00	8	425	5.26E-02	1.88E-02	chr11_100206147_100206767,chr13_63563733_63564766,chr13_63566316_63566849,chr2_118544289_118545050,chr2_75703196_75704248,chr3_50442906_50443889,chr3_89280734_89281464,chr4_141326801_141327760	Bmf,Efna1,Epha2,Krt14,Krt9,Nfe2l2,Ptch1,Slc7a11
Mouse Phenotype Single KO	MP:0001382	abnormal nursing	383	3.50E-02	1.00E+00	8.31E-01	6.84E+00	2.92E-01	2	2.98E-03	2.04E-02	233	1.68E-02	1.00E+00	6.55E-01	1.01E+01	1.99E-01	2	28	1.32E-02	7.14E-02	chr7_6706261_6706761,chr8_84660555_84662042	Cacna1a,Peg3
Mouse Phenotype Single KO	MP:0000269	abnormal heart looping	384	3.53E-02	1.00E+00	8.36E-01	3.26E+00	1.23E+00	4	1.25E-02	4.08E-02	117	6.50E-03	1.00E+00	5.05E-01	5.41E+00	7.39E-01	4	104	2.63E-02	3.85E-02	chr14_46387358_46388080,chr5_134313576_134314029,chr7_100372146_100372354,chr7_126781249_126781424	Bmp4,C2cd3,Gtf2i,Tbx6
Mouse Phenotype Single KO	MP:0020414	abnormal fibroblast physiology	385	3.53E-02	1.00E+00	8.34E-01	2.77E+00	1.81E+00	5	1.84E-02	5.10E-02	244	1.72E-02	1.00E+00	6.41E-01	3.35E+00	1.49E+00	5	210	3.29E-02	2.38E-02	chr10_68276719_68277215,chr2_75703196_75704248,chr3_50442906_50443889,chr7_19355987_19356721,chr8_124946584_124947555	Arid5b,Nfe2l2,Ppp1r13l,Slc7a11,Sprtn
Mouse Phenotype Single KO	MP:0004384	small interparietal bone	386	3.55E-02	1.00E+00	8.35E-01	6.79E+00	2.94E-01	2	3.00E-03	2.04E-02	869	1.14E-01	1.00E+00	1.00E+00	8.28E+00	1.21E-01	1	17	6.58E-03	5.88E-02	chr13_53471407_53472168,chr13_53472662_53473247	Msx2
Mouse Phenotype Single KO	MP:0001529	abnormal vocalization	387	3.59E-02	1.00E+00	8.42E-01	4.17E+00	7.19E-01	3	7.33E-03	3.06E-02	163	8.95E-03	1.00E+00	4.99E-01	7.04E+00	4.26E-01	3	60	1.97E-02	5.00E-02	chr3_89280734_89281464,chr6_118758397_118758711,chr6_36388037_36388580	Cacna1c,Chrm2,Efna1
Mouse Phenotype Single KO	MP:0003481	decreased nerve fiber response intensity	388	3.62E-02	1.00E+00	8.48E-01	2.71E+01	3.69E-02	1	3.76E-04	1.02E-02	200	1.42E-02	1.00E+00	6.43E-01	7.04E+01	1.42E-02	1	2	6.58E-03	5.00E-01	chr8_84660555_84662042	Cacna1a
Mouse Phenotype Single KO	MP:0010919	increased number of pulmonary neuroendocrine bodies	389	3.64E-02	1.00E+00	8.50E-01	2.70E+01	3.70E-02	1	3.78E-04	1.02E-02	267	2.12E-02	1.00E+00	7.20E-01	4.69E+01	2.13E-02	1	3	6.58E-03	3.33E-01	chr16_30066210_30067176	Hes1
Mouse Phenotype Single KO	MP:0000847	abnormal metencephalon morphology	390	3.66E-02	1.00E+00	8.53E-01	2.00E+00	4.50E+00	9	4.59E-02	9.18E-02	75	2.83E-03	1.00E+00	3.42E-01	3.35E+00	2.39E+00	8	336	5.26E-02	2.38E-02	chr11_96352608_96353722,chr12_118847345_118851129,chr13_53471407_53472168,chr13_53472662_53473247,chr13_63563733_63564766,chr13_63566316_63566849,chr15_89174182_89175604,chr6_48840815_48841662,chr8_84660555_84662042	Cacna1a,Hoxb1,Hoxb2,Msx2,Plxnb2,Ptch1,Sp8,Tmem176b
Mouse Phenotype Single KO	MP:0001770	abnormal iron level	391	3.67E-02	1.00E+00	8.53E-01	4.14E+00	7.25E-01	3	7.40E-03	3.06E-02	526	5.09E-02	1.00E+00	8.79E-01	3.61E+00	8.31E-01	3	117	1.97E-02	2.56E-02	chr11_120186364_120189507,chr2_75703196_75704248,chr6_39204889_39205411	Kdm7a,Nfe2l2,Slc38a10
Mouse Phenotype Single KO	MP:0010961	increased compact bone mass	392	3.68E-02	1.00E+00	8.54E-01	2.67E+01	3.75E-02	1	3.83E-04	1.02E-02	394	3.50E-02	1.00E+00	8.08E-01	2.82E+01	3.55E-02	1	5	6.58E-03	2.00E-01	chr11_101964638_101965429	Sost
Mouse Phenotype Single KO	MP:0004131	abnormal motile primary cilium morphology	393	3.71E-02	1.00E+00	8.58E-01	6.63E+00	3.02E-01	2	3.08E-03	2.04E-02	310	2.56E-02	1.00E+00	7.50E-01	8.04E+00	2.49E-01	2	35	1.32E-02	5.71E-02	chr7_100372146_100372354,chr7_126781249_126781424	C2cd3,Tbx6
Mouse Phenotype Single KO	MP:0001933	abnormal litter size	394	3.74E-02	1.00E+00	8.63E-01	2.24E+00	3.12E+00	7	3.19E-02	7.14E-02	259	2.02E-02	1.00E+00	7.08E-01	2.82E+00	2.12E+00	6	299	3.95E-02	2.01E-02	chr10_80054157_80054700,chr10_80055087_80056206,chr13_63563733_63564766,chr14_46387358_46388080,chr17_35836387_35836777,chr4_134019055_134020274,chr8_84660555_84662042	Bmp4,Cacna1a,Fancc,Gpx4,Lin28a,Mdc1
Mouse Phenotype Single KO	MP:0003537	hydrometrocolpos	395	3.74E-02	1.00E+00	8.61E-01	2.62E+01	3.81E-02	1	3.89E-04	1.02E-02	324	2.81E-02	1.00E+00	7.89E-01	3.52E+01	2.84E-02	1	4	6.58E-03	2.50E-01	chr2_118544289_118545050	Bmf
Mouse Phenotype Single KO	MP:0005187	abnormal penis morphology	396	3.74E-02	1.00E+00	8.59E-01	6.59E+00	3.03E-01	2	3.10E-03	2.04E-02	1047	1.63E-01	1.00E+00	1.00E+00	5.63E+00	1.78E-01	1	25	6.58E-03	4.00E-02	chr13_63563733_63564766,chr13_63566316_63566849	Ptch1
Mouse Phenotype Single KO	MP:0004017	duplex kidney	397	3.78E-02	1.00E+00	8.65E-01	6.56E+00	3.05E-01	2	3.11E-03	2.04E-02	112	6.36E-03	1.00E+00	5.16E-01	1.66E+01	1.21E-01	2	17	1.32E-02	1.18E-01	chr14_46387358_46388080,chr15_89174182_89175604	Bmp4,Plxnb2
Mouse Phenotype Single KO	MP:0010662	abnormal intersomitic artery morphology	398	3.79E-02	1.00E+00	8.64E-01	2.59E+01	3.86E-02	1	3.94E-04	1.02E-02	324	2.81E-02	1.00E+00	7.89E-01	3.52E+01	2.84E-02	1	4	6.58E-03	2.50E-01	chr7_126781249_126781424	Tbx6
Mouse Phenotype Single KO	MP:0000438	abnormal cranium morphology	399	3.80E-02	1.00E+00	8.65E-01	1.72E+00	7.55E+00	13	7.70E-02	1.33E-01	166	9.53E-03	1.00E+00	5.22E-01	2.39E+00	4.18E+00	10	589	6.58E-02	1.70E-02	chr10_68276719_68277215,chr11_120186364_120189507,chr11_96352608_96353722,chr13_40727364_40730800,chr13_53471407_53472168,chr13_53472662_53473247,chr13_63563733_63564766,chr13_63566316_63566849,chr14_46387358_46388080,chr2_71541880_71544776,chr2_71544955_71545796,chr2_75703196_75704248,chr5_111006204_111007025	Arid5b,Bmp4,Dlx2,Hoxb1,Msx2,Nfe2l2,Ptch1,Slc38a10,Tfap2a,Ttc28
Mouse Phenotype Single KO	MP:0012106	impaired exercise endurance	400	3.81E-02	1.00E+00	8.65E-01	6.53E+00	3.06E-01	2	3.12E-03	2.04E-02	380	3.28E-02	1.00E+00	7.84E-01	7.04E+00	2.84E-01	2	40	1.32E-02	5.00E-02	chr6_118758397_118758711,chr8_124946584_124947555	Cacna1c,Sprtn
Mouse Phenotype Single KO	MP:0008832	hemivertebra	401	3.81E-02	1.00E+00	8.64E-01	2.57E+01	3.89E-02	1	3.97E-04	1.02E-02	324	2.81E-02	1.00E+00	7.89E-01	3.52E+01	2.84E-02	1	4	6.58E-03	2.50E-01	chr11_101964638_101965429	Meox1
Mouse Phenotype Single KO	MP:0000450	absent snout	402	3.84E-02	1.00E+00	8.68E-01	2.56E+01	3.91E-02	1	3.99E-04	1.02E-02	200	1.42E-02	1.00E+00	6.43E-01	7.04E+01	1.42E-02	1	2	6.58E-03	5.00E-01	chr13_40727364_40730800	Tfap2a
Mouse Phenotype Single KO	MP:0000240	extramedullary hematopoiesis	403	3.88E-02	1.00E+00	8.76E-01	4.04E+00	7.42E-01	3	7.57E-03	3.06E-02	1809	5.44E-01	1.00E+00	1.00E+00	1.28E+00	7.81E-01	1	110	6.58E-03	9.09E-03	chr17_83920344_83920701,chr17_84184827_84185319,chr17_84185496_84186847	Zfp36l2
Mouse Phenotype Single KO	MP:0002826	tonic seizures	404	3.89E-02	1.00E+00	8.74E-01	6.46E+00	3.10E-01	2	3.16E-03	2.04E-02	1028	1.57E-01	1.00E+00	1.00E+00	5.86E+00	1.71E-01	1	24	6.58E-03	4.17E-02	chr13_53471407_53472168,chr13_53472662_53473247	Msx2
Mouse Phenotype Single KO	MP:0006250	abnormal line of Schwalbe morphology	405	3.94E-02	1.00E+00	8.84E-01	2.49E+01	4.02E-02	1	4.10E-04	1.02E-02	200	1.42E-02	1.00E+00	6.43E-01	7.04E+01	1.42E-02	1	2	6.58E-03	5.00E-01	chr14_46387358_46388080	Bmp4
Mouse Phenotype Single KO	MP:0001674	abnormal germ layer development	406	3.95E-02	1.00E+00	8.84E-01	3.14E+00	1.27E+00	4	1.30E-02	4.08E-02	579	5.86E-02	1.00E+00	9.20E-01	3.41E+00	8.81E-01	3	124	1.97E-02	2.42E-02	chr10_80054157_80054700,chr10_80055087_80056206,chr14_46387358_46388080,chr7_126781249_126781424	Bmp4,Gpx4,Tbx6
Mouse Phenotype Single KO	MP:0003920	abnormal heart right ventricle morphology	407	3.99E-02	1.00E+00	8.92E-01	2.68E+00	1.87E+00	5	1.91E-02	5.10E-02	96	4.52E-03	1.00E+00	4.28E-01	4.66E+00	1.07E+00	5	151	3.29E-02	3.31E-02	chr13_40727364_40730800,chr14_46387358_46388080,chr5_138992412_138994516,chr6_118758397_118758711,chr7_19355987_19356721	Bmp4,Cacna1c,Pdgfa,Ppp1r13l,Tfap2a
Mouse Phenotype Single KO	MP:0001300	ocular hypertelorism	408	4.02E-02	1.00E+00	8.96E-01	6.34E+00	3.16E-01	2	3.22E-03	2.04E-02	1066	1.69E-01	1.00E+00	1.00E+00	5.41E+00	1.85E-01	1	26	6.58E-03	3.85E-02	chr13_63563733_63564766,chr13_63566316_63566849	Ptch1
Mouse Phenotype Single KO	MP:0000109	abnormal parietal bone morphology	409	4.03E-02	1.00E+00	8.96E-01	3.98E+00	7.53E-01	3	7.69E-03	3.06E-02	572	5.64E-02	1.00E+00	8.97E-01	5.21E+00	3.84E-01	2	54	1.32E-02	3.70E-02	chr13_40727364_40730800,chr13_63563733_63564766,chr13_63566316_63566849	Ptch1,Tfap2a
Mouse Phenotype Single KO	MP:0008008	early cellular replicative senescence	410	4.05E-02	1.00E+00	8.97E-01	6.32E+00	3.17E-01	2	3.23E-03	2.04E-02	531	5.28E-02	1.00E+00	9.03E-01	5.41E+00	3.69E-01	2	52	1.32E-02	3.85E-02	chr7_19355987_19356721,chr8_124946584_124947555	Ppp1r13l,Sprtn
Mouse Phenotype Single KO	MP:0001570	abnormal circulating enzyme level	411	4.06E-02	1.00E+00	8.97E-01	2.07E+00	3.87E+00	8	3.95E-02	8.16E-02	525	5.05E-02	1.00E+00	8.74E-01	2.10E+00	3.33E+00	7	469	4.61E-02	1.49E-02	chr11_120186364_120189507,chr11_69399728_69400631,chr13_40727364_40730800,chr19_57119757_57120427,chr2_75703196_75704248,chr5_111006204_111007025,chr8_26117824_26118019,chr8_26118257_26118822	Afap1l2,Cyb5d1,Hook3,Nfe2l2,Ofcc1,Slc38a10,Ttc28
Mouse Phenotype Single KO	MP:0004821	increased susceptibility to experimental autoimmune uveoretinitis	412	4.10E-02	1.00E+00	9.05E-01	2.39E+01	4.19E-02	1	4.28E-04	1.02E-02	324	2.81E-02	1.00E+00	7.89E-01	3.52E+01	2.84E-02	1	4	6.58E-03	2.50E-01	chr2_75703196_75704248	Nfe2l2
Mouse Phenotype Single KO	MP:0002399	abnormal pluripotent precursor cell morphology	413	4.11E-02	1.00E+00	9.03E-01	2.39E+01	4.19E-02	1	4.28E-04	1.02E-02	490	4.87E-02	1.00E+00	9.03E-01	2.01E+01	4.97E-02	1	7	6.58E-03	1.43E-01	chr4_133755923_133757903	Arid1a
Mouse Phenotype Single KO	MP:0000102	abnormal nasal bone morphology	414	4.11E-02	1.00E+00	9.02E-01	3.95E+00	7.59E-01	3	7.75E-03	3.06E-02	148	7.40E-03	1.00E+00	4.54E-01	7.54E+00	3.98E-01	3	56	1.97E-02	5.36E-02	chr10_68276719_68277215,chr13_40727364_40730800,chr14_46387358_46388080	Arid5b,Bmp4,Tfap2a
Mouse Phenotype Single KO	MP:0000461	decreased presacral vertebrae number	415	4.12E-02	1.00E+00	9.01E-01	3.95E+00	7.60E-01	3	7.75E-03	3.06E-02	422	3.54E-02	1.00E+00	7.61E-01	4.18E+00	7.18E-01	3	101	1.97E-02	2.97E-02	chr11_101658299_101659257,chr3_89280734_89281464,chr5_111006204_111007025	Arl4d,Efna1,Ttc28
Mouse Phenotype Single KO	MP:0008271	abnormal bone ossification	416	4.12E-02	1.00E+00	9.00E-01	2.06E+00	3.89E+00	8	3.96E-02	8.16E-02	421	3.52E-02	1.00E+00	7.60E-01	2.48E+00	2.42E+00	6	341	3.95E-02	1.76E-02	chr10_68276719_68277215,chr10_80055087_80056206,chr11_101964638_101965429,chr11_120186364_120189507,chr13_53471407_53472168,chr13_53472662_53473247,chr13_63563733_63564766,chr13_63566316_63566849	Arid5b,Msx2,Ptch1,Sbno2,Slc38a10,Sost
Mouse Phenotype Single KO	MP:0003479	abnormal nerve fiber response intensity	417	4.13E-02	1.00E+00	9.00E-01	2.37E+01	4.22E-02	1	4.30E-04	1.02E-02	267	2.12E-02	1.00E+00	7.20E-01	4.69E+01	2.13E-02	1	3	6.58E-03	3.33E-01	chr8_84660555_84662042	Cacna1a
Mouse Phenotype Single KO	MP:0010868	increased bone trabecula number	418	4.15E-02	1.00E+00	9.02E-01	6.23E+00	3.21E-01	2	3.28E-03	2.04E-02	380	3.28E-02	1.00E+00	7.84E-01	7.04E+00	2.84E-01	2	40	1.32E-02	5.00E-02	chr10_80055087_80056206,chr11_101964638_101965429	Sbno2,Sost
Mouse Phenotype Single KO	MP:0005282	decreased fatty acid level	419	4.15E-02	1.00E+00	9.00E-01	3.94E+00	7.62E-01	3	7.78E-03	3.06E-02	1170	2.07E-01	1.00E+00	1.00E+00	2.37E+00	8.45E-01	2	119	1.32E-02	1.68E-02	chr11_69399728_69400631,chr12_16589553_16589895,chr12_16590033_16592004	Cyb5d1,Lpin1
Mouse Phenotype Single KO	MP:0004252	abnormal direction of heart looping	420	4.15E-02	1.00E+00	8.98E-01	6.23E+00	3.21E-01	2	3.28E-03	2.04E-02	305	2.42E-02	1.00E+00	7.22E-01	8.28E+00	2.42E-01	2	34	1.32E-02	5.88E-02	chr7_100372146_100372354,chr7_126781249_126781424	C2cd3,Tbx6
Mouse Phenotype Single KO	MP:0001552	increased circulating triglyceride level	421	4.16E-02	1.00E+00	8.99E-01	3.08E+00	1.30E+00	4	1.32E-02	4.08E-02	768	8.87E-02	1.00E+00	1.00E+00	2.85E+00	1.05E+00	3	148	1.97E-02	2.03E-02	chr11_120186364_120189507,chr12_16589553_16589895,chr12_16590033_16592004,chr6_118758397_118758711	Ankrd26,Lpin1,Slc38a10
Mouse Phenotype Single KO	MP:0005575	increased pulmonary ventilation	422	4.18E-02	1.00E+00	9.00E-01	2.34E+01	4.27E-02	1	4.35E-04	1.02E-02	543	5.55E-02	1.00E+00	9.28E-01	1.76E+01	5.68E-02	1	8	6.58E-03	1.25E-01	chr8_124946584_124947555	Egln1
Mouse Phenotype Single KO	MP:0002081	perinatal lethality	423	4.19E-02	1.00E+00	9.01E-01	1.51E+00	1.26E+01	19	1.28E-01	1.94E-01	20	2.20E-04	1.00E+00	1.00E-01	2.58E+00	6.98E+00	18	983	1.18E-01	1.83E-02	chr10_68276719_68277215,chr11_120186364_120189507,chr11_96352608_96353722,chr12_118847345_118851129,chr13_40727364_40730800,chr14_46387358_46388080,chr15_89174182_89175604,chr16_30066210_30067176,chr2_71541880_71544776,chr2_71544955_71545796,chr4_133755923_133757903,chr4_134019055_134020274,chr6_118758397_118758711,chr7_100372146_100372354,chr7_116032327_116033153,chr7_82869018_82869904,chr8_84660555_84662042,chr9_55542234_55544237,chr9_55544680_55546400	Arid1a,Arid5b,Bahcc1,Bmp4,Cacna1a,Cacna1c,Dlx2,Hes1,Hoxb1,Hoxb2,Isl2,Lin28a,Mex3b,Plxnb2,Ppme1,Sox6,Sp8,Tfap2a
Mouse Phenotype Single KO	MP:0011121	decreased primordial ovarian follicle number	424	4.22E-02	1.00E+00	9.04E-01	2.32E+01	4.31E-02	1	4.40E-04	1.02E-02	543	5.55E-02	1.00E+00	9.28E-01	1.76E+01	5.68E-02	1	8	6.58E-03	1.25E-01	chr4_134019055_134020274	Lin28a
Mouse Phenotype Single KO	MP:0001377	abnormal mating frequency	425	4.25E-02	1.00E+00	9.08E-01	6.15E+00	3.25E-01	2	3.32E-03	2.04E-02	228	1.57E-02	1.00E+00	6.24E-01	1.04E+01	1.92E-01	2	27	1.32E-02	7.41E-02	chr10_68276719_68277215,chr4_134019055_134020274	Arid5b,Lin28a
Mouse Phenotype Single KO	MP:0005144	abnormal circulating VLDL cholesterol level	426	4.28E-02	1.00E+00	9.13E-01	6.12E+00	3.27E-01	2	3.33E-03	2.04E-02	1267	2.43E-01	1.00E+00	1.00E+00	3.61E+00	2.77E-01	1	39	6.58E-03	2.56E-02	chr12_16589553_16589895,chr12_16590033_16592004	Lpin1
Mouse Phenotype Single KO	MP:0002116	abnormal craniofacial bone morphology	427	4.30E-02	1.00E+00	9.16E-01	1.69E+00	7.69E+00	13	7.85E-02	1.33E-01	89	3.89E-03	1.00E+00	3.97E-01	2.57E+00	4.28E+00	11	602	7.24E-02	1.83E-02	chr10_68276719_68277215,chr11_120186364_120189507,chr11_96352608_96353722,chr13_40727364_40730800,chr13_53471407_53472168,chr13_53472662_53473247,chr13_63563733_63564766,chr13_63566316_63566849,chr14_46387358_46388080,chr2_71541880_71544776,chr2_71544955_71545796,chr2_75703196_75704248,chr5_111006204_111007025	Arid5b,Bmp4,Dlx1,Dlx2,Hoxb1,Msx2,Nfe2l2,Ptch1,Slc38a10,Tfap2a,Ttc28
Mouse Phenotype Single KO	MP:0001155	arrest of spermatogenesis	428	4.31E-02	1.00E+00	9.14E-01	3.05E+00	1.31E+00	4	1.34E-02	4.08E-02	447	4.18E-02	1.00E+00	8.49E-01	3.08E+00	1.30E+00	4	183	2.63E-02	2.19E-02	chr10_68276719_68277215,chr11_87422538_87423866,chr13_63563733_63564766,chr5_138992412_138994516	Arid5b,Fancc,Pdgfa,Tex14
Mouse Phenotype Single KO	MP:0014141	abnormal mesoderm morphology	429	4.32E-02	1.00E+00	9.14E-01	3.05E+00	1.31E+00	4	1.34E-02	4.08E-02	159	8.67E-03	1.00E+00	4.95E-01	4.98E+00	8.03E-01	4	113	2.63E-02	3.54E-02	chr14_46387358_46388080,chr4_133755923_133757903,chr4_141326801_141327760,chr7_126781249_126781424	Arid1a,Bmp4,Epha2,Tbx6
Mouse Phenotype Single KO	MP:0005637	abnormal iron homeostasis	430	4.32E-02	1.00E+00	9.14E-01	3.87E+00	7.75E-01	3	7.91E-03	3.06E-02	571	5.63E-02	1.00E+00	8.97E-01	3.46E+00	8.67E-01	3	122	1.97E-02	2.46E-02	chr11_120186364_120189507,chr2_75703196_75704248,chr6_39204889_39205411	Kdm7a,Nfe2l2,Slc38a10
Mouse Phenotype Single KO	MP:0005440	increased glycogen level	431	4.34E-02	1.00E+00	9.15E-01	6.07E+00	3.29E-01	2	3.36E-03	2.04E-02	1267	2.43E-01	1.00E+00	1.00E+00	3.61E+00	2.77E-01	1	39	6.58E-03	2.56E-02	chr12_16589553_16589895,chr12_16590033_16592004	Lpin1
Mouse Phenotype Single KO	MP:0011704	decreased fibroblast proliferation	432	4.35E-02	1.00E+00	9.15E-01	3.86E+00	7.77E-01	3	7.93E-03	3.06E-02	436	3.81E-02	1.00E+00	7.93E-01	4.06E+00	7.39E-01	3	104	1.97E-02	2.88E-02	chr3_50442906_50443889,chr7_19355987_19356721,chr8_124946584_124947555	Ppp1r13l,Slc7a11,Sprtn
Mouse Phenotype Single KO	MP:0000875	abnormal cerebellar Purkinje cell layer	433	4.38E-02	1.00E+00	9.18E-01	2.61E+00	1.92E+00	5	1.96E-02	5.10E-02	372	3.15E-02	1.00E+00	7.68E-01	3.37E+00	1.19E+00	4	167	2.63E-02	2.40E-02	chr13_53471407_53472168,chr13_53472662_53473247,chr15_89174182_89175604,chr6_48840815_48841662,chr8_84660555_84662042	Cacna1a,Msx2,Plxnb2,Tmem176b
Mouse Phenotype Single KO	MP:0008391	abnormal primordial germ cell morphology	434	4.40E-02	1.00E+00	9.21E-01	6.03E+00	3.32E-01	2	3.38E-03	2.04E-02	253	1.91E-02	1.00E+00	6.88E-01	9.38E+00	2.13E-01	2	30	1.32E-02	6.67E-02	chr14_46387358_46388080,chr4_134019055_134020274	Bmp4,Lin28a
Mouse Phenotype Single KO	MP:0004339	absent clavicle	435	4.40E-02	1.00E+00	9.20E-01	2.22E+01	4.50E-02	1	4.59E-04	1.02E-02	200	1.42E-02	1.00E+00	6.43E-01	7.04E+01	1.42E-02	1	2	6.58E-03	5.00E-01	chr13_40727364_40730800	Tfap2a
Mouse Phenotype Single KO	MP:0001533	abnormal skeleton physiology	436	4.44E-02	1.00E+00	9.25E-01	1.85E+00	5.41E+00	10	5.52E-02	1.02E-01	771	8.96E-02	1.00E+00	1.00E+00	1.83E+00	3.82E+00	7	538	4.61E-02	1.30E-02	chr10_68276719_68277215,chr10_80055087_80056206,chr11_101964638_101965429,chr11_120186364_120189507,chr12_16589553_16589895,chr12_16590033_16592004,chr13_53471407_53472168,chr13_53472662_53473247,chr13_63563733_63564766,chr13_63566316_63566849	Arid5b,Lpin1,Msx2,Ptch1,Sbno2,Slc38a10,Sost
Mouse Phenotype Single KO	MP:0001243	abnormal dermal layer morphology	437	4.48E-02	1.00E+00	9.32E-01	3.81E+00	7.86E-01	3	8.02E-03	3.06E-02	1003	1.49E-01	1.00E+00	1.00E+00	2.93E+00	6.82E-01	2	96	1.32E-02	2.08E-02	chr13_63563733_63564766,chr13_63566316_63566849,chr7_19355987_19356721	Ppp1r13l,Ptch1
Mouse Phenotype Single KO	MP:0001184	absent pulmonary alveoli	438	4.54E-02	1.00E+00	9.42E-01	2.15E+01	4.65E-02	1	4.74E-04	1.02E-02	267	2.12E-02	1.00E+00	7.20E-01	4.69E+01	2.13E-02	1	3	6.58E-03	3.33E-01	chr5_138992412_138994516	Pdgfa
Mouse Phenotype Single KO	MP:0009274	buphthalmos	439	4.55E-02	1.00E+00	9.43E-01	2.15E+01	4.66E-02	1	4.76E-04	1.02E-02	324	2.81E-02	1.00E+00	7.89E-01	3.52E+01	2.84E-02	1	4	6.58E-03	2.50E-01	chr14_46387358_46388080	Bmp4
Mouse Phenotype Single KO	MP:0011119	abnormal primordial ovarian follicle number	440	4.57E-02	1.00E+00	9.44E-01	2.14E+01	4.68E-02	1	4.77E-04	1.02E-02	587	6.22E-02	1.00E+00	9.62E-01	1.56E+01	6.39E-02	1	9	6.58E-03	1.11E-01	chr4_134019055_134020274	Lin28a
Mouse Phenotype Single KO	MP:0011969	abnormal circulating triglyceride level	441	4.62E-02	1.00E+00	9.51E-01	2.31E+00	2.59E+00	6	2.65E-02	6.12E-02	1185	2.14E-01	1.00E+00	1.00E+00	1.69E+00	2.37E+00	4	334	2.63E-02	1.20E-02	chr11_120186364_120189507,chr12_16589553_16589895,chr12_16590033_16592004,chr6_118758397_118758711,chr8_26117824_26118019,chr8_26118257_26118822	Ankrd26,Hook3,Lpin1,Slc38a10
Mouse Phenotype Single KO	MP:0005561	increased mean corpuscular hemoglobin	442	4.62E-02	1.00E+00	9.49E-01	3.77E+00	7.96E-01	3	8.13E-03	3.06E-02	1063	1.69E-01	1.00E+00	1.00E+00	2.71E+00	7.39E-01	2	104	1.32E-02	1.92E-02	chr11_69399728_69400631,chr8_26117824_26118019,chr8_26118257_26118822	Cyb5d1,Hook3
Mouse Phenotype Single KO	MP:0001386	abnormal maternal nurturing	443	4.63E-02	1.00E+00	9.49E-01	2.98E+00	1.34E+00	4	1.37E-02	4.08E-02	98	4.91E-03	1.00E+00	4.55E-01	5.86E+00	6.82E-01	4	96	2.63E-02	4.17E-02	chr11_96352608_96353722,chr13_40727364_40730800,chr7_6706261_6706761,chr8_84660555_84662042	Cacna1a,Hoxb2,Peg3,Tfap2a
Mouse Phenotype Single KO	MP:0000872	abnormal cerebellum external granule cell layer morphology	444	4.63E-02	1.00E+00	9.47E-01	3.76E+00	7.97E-01	3	8.13E-03	3.06E-02	94	4.27E-03	1.00E+00	4.13E-01	9.18E+00	3.27E-01	3	46	1.97E-02	6.52E-02	chr15_89174182_89175604,chr6_48840815_48841662,chr8_84660555_84662042	Cacna1a,Plxnb2,Tmem176b
Mouse Phenotype Single KO	MP:0000889	abnormal cerebellar molecular layer	445	4.64E-02	1.00E+00	9.48E-01	3.76E+00	7.98E-01	3	8.14E-03	3.06E-02	487	4.74E-02	1.00E+00	8.85E-01	5.75E+00	3.48E-01	2	49	1.32E-02	4.08E-02	chr13_63563733_63564766,chr13_63566316_63566849,chr8_84660555_84662042	Cacna1a,Ptch1
Mouse Phenotype Single KO	MP:0000040	absent middle ear ossicles	446	4.65E-02	1.00E+00	9.47E-01	2.10E+01	4.76E-02	1	4.85E-04	1.02E-02	324	2.81E-02	1.00E+00	7.89E-01	3.52E+01	2.84E-02	1	4	6.58E-03	2.50E-01	chr13_40727364_40730800	Tfap2a
Mouse Phenotype Single KO	MP:0012740	abnormal posterior primitive streak morphology	447	4.70E-02	1.00E+00	9.54E-01	2.08E+01	4.81E-02	1	4.91E-04	1.02E-02	324	2.81E-02	1.00E+00	7.89E-01	3.52E+01	2.84E-02	1	4	6.58E-03	2.50E-01	chr14_46387358_46388080	Bmp4
Mouse Phenotype Single KO	MP:0009964	abnormal cerebellum lobule morphology	448	4.76E-02	1.00E+00	9.65E-01	2.95E+00	1.36E+00	4	1.38E-02	4.08E-02	169	1.02E-02	1.00E+00	5.50E-01	6.70E+00	4.48E-01	3	63	1.97E-02	4.76E-02	chr13_53471407_53472168,chr13_53472662_53473247,chr15_89174182_89175604,chr6_48840815_48841662	Msx2,Plxnb2,Tmem176b
Mouse Phenotype Single KO	MP:0011096	embryonic lethality between implantation and somite formation, complete penetrance	449	4.77E-02	1.00E+00	9.65E-01	2.55E+00	1.96E+00	5	2.00E-02	5.10E-02	862	1.09E-01	1.00E+00	1.00E+00	2.21E+00	1.81E+00	4	255	2.63E-02	1.57E-02	chr10_80054157_80054700,chr10_80055087_80056206,chr14_46387358_46388080,chr4_133755923_133757903,chr5_111006204_111007025	Arid1a,Bmp4,Gpx4,Pitpnb
Mouse Phenotype Single KO	MP:0008007	abnormal cellular replicative senescence	450	4.79E-02	1.00E+00	9.67E-01	5.75E+00	3.48E-01	2	3.55E-03	2.04E-02	661	6.99E-02	1.00E+00	9.61E-01	4.61E+00	4.33E-01	2	61	1.32E-02	3.28E-02	chr7_19355987_19356721,chr8_124946584_124947555	Ppp1r13l,Sprtn
Mouse Phenotype Single KO	MP:0011192	decreased embryonic epiblast cell proliferation	451	4.80E-02	1.00E+00	9.67E-01	2.03E+01	4.92E-02	1	5.02E-04	1.02E-02	490	4.87E-02	1.00E+00	9.03E-01	2.01E+01	4.97E-02	1	7	6.58E-03	1.43E-01	chr5_134313576_134314029	Gtf2i
Mouse Phenotype Single KO	MP:0000314	schistocytosis	452	4.82E-02	1.00E+00	9.69E-01	2.03E+01	4.94E-02	1	5.04E-04	1.02E-02	636	6.88E-02	1.00E+00	9.83E-01	1.41E+01	7.10E-02	1	10	6.58E-03	1.00E-01	chr2_75703196_75704248	Nfe2l2
Mouse Phenotype Single KO	MP:0013636	abnormal bone stiffness	453	4.83E-02	1.00E+00	9.69E-01	2.02E+01	4.95E-02	1	5.05E-04	1.02E-02	448	4.19E-02	1.00E+00	8.50E-01	2.35E+01	4.26E-02	1	6	6.58E-03	1.67E-01	chr11_101964638_101965429	Sost
Mouse Phenotype Single KO	MP:0005197	abnormal uvea morphology	454	4.83E-02	1.00E+00	9.67E-01	2.54E+00	1.97E+00	5	2.01E-02	5.10E-02	258	2.00E-02	1.00E+00	7.05E-01	3.88E+00	1.03E+00	4	145	2.63E-02	2.76E-02	chr13_40727364_40730800,chr13_53471407_53472168,chr13_53472662_53473247,chr14_46387358_46388080,chr7_19355987_19356721	Bmp4,Msx2,Ppp1r13l,Tfap2a
Mouse Phenotype Single KO	MP:0008404	increased cellular sensitivity to methylmethanesulfonate	455	4.86E-02	1.00E+00	9.71E-01	2.01E+01	4.98E-02	1	5.08E-04	1.02E-02	448	4.19E-02	1.00E+00	8.50E-01	2.35E+01	4.26E-02	1	6	6.58E-03	1.67E-01	chr13_63563733_63564766	Fancc
Mouse Phenotype Single KO	MP:0002216	abnormal seminiferous tubule morphology	456	4.86E-02	1.00E+00	9.69E-01	2.28E+00	2.63E+00	6	2.68E-02	6.12E-02	288	2.14E-02	1.00E+00	6.75E-01	2.79E+00	2.15E+00	6	303	3.95E-02	1.98E-02	chr10_68276719_68277215,chr11_87422538_87423866,chr13_63563733_63564766,chr14_46387358_46388080,chr17_35836387_35836777,chr7_82869018_82869904	Arid5b,Bmp4,Fancc,Mdc1,Mex3b,Tex14
Mouse Phenotype Single KO	MP:0002683	delayed fertility	457	4.88E-02	1.00E+00	9.71E-01	5.69E+00	3.52E-01	2	3.59E-03	2.04E-02	869	1.14E-01	1.00E+00	1.00E+00	8.28E+00	1.21E-01	1	17	6.58E-03	5.88E-02	chr12_16589553_16589895,chr12_16590033_16592004	Lpin1
Mouse Phenotype Single KO	MP:0010964	increased compact bone volume	458	4.90E-02	1.00E+00	9.72E-01	1.99E+01	5.02E-02	1	5.13E-04	1.02E-02	490	4.87E-02	1.00E+00	9.03E-01	2.01E+01	4.97E-02	1	7	6.58E-03	1.43E-01	chr11_101964638_101965429	Sost
Mouse Phenotype Single KO	MP:0002332	abnormal exercise endurance	459	4.92E-02	1.00E+00	9.75E-01	5.66E+00	3.53E-01	2	3.61E-03	2.04E-02	527	5.10E-02	1.00E+00	8.79E-01	5.52E+00	3.62E-01	2	51	1.32E-02	3.92E-02	chr6_118758397_118758711,chr8_124946584_124947555	Cacna1c,Sprtn
Mouse Phenotype Single KO	MP:0001413	abnormal response to new environment	460	4.96E-02	1.00E+00	9.79E-01	2.27E+00	2.64E+00	6	2.69E-02	6.12E-02	536	5.38E-02	1.00E+00	9.12E-01	2.83E+00	1.41E+00	4	199	2.63E-02	2.01E-02	chr12_87298202_87298732,chr17_83920344_83920701,chr17_84184827_84185319,chr17_84185496_84186847,chr5_134313576_134314029,chr6_118758397_118758711	Cacna1c,Gtf2i,Haao,Ism2
Mouse Phenotype Single KO	MP:0004849	abnormal testis size	461	5.00E-02	1.00E+00	9.85E-01	1.98E+00	4.04E+00	8	4.13E-02	8.16E-02	249	1.87E-02	1.00E+00	6.81E-01	2.41E+00	3.32E+00	8	467	5.26E-02	1.71E-02	chr10_68276719_68277215,chr11_87422538_87423866,chr13_63563733_63564766,chr14_46387358_46388080,chr17_35836387_35836777,chr5_134313576_134314029,chr7_6706261_6706761,chr7_82869018_82869904	Arid5b,Bmp4,Fancc,Gtf2i,Mdc1,Mex3b,Peg3,Tex14
Mouse Phenotype Single KO	MP:0011092	embryonic lethality, complete penetrance	462	5.02E-02	1.00E+00	9.88E-01	2.10E+00	3.34E+00	7	3.40E-02	7.14E-02	744	8.85E-02	1.00E+00	1.00E+00	2.12E+00	2.36E+00	5	332	3.29E-02	1.51E-02	chr10_80054157_80054700,chr10_80055087_80056206,chr13_63563733_63564766,chr13_63566316_63566849,chr14_46387358_46388080,chr5_134313576_134314029,chr8_124946584_124947555	Bmp4,Gpx4,Gtf2i,Ptch1,Sprtn
Mouse Phenotype Single KO	MP:0000116	abnormal tooth development	463	5.04E-02	1.00E+00	9.89E-01	3.63E+00	8.25E-01	3	8.42E-03	3.06E-02	713	8.01E-02	1.00E+00	1.00E+00	4.27E+00	4.69E-01	2	66	1.32E-02	3.03E-02	chr13_53471407_53472168,chr13_53472662_53473247,chr2_75703196_75704248	Msx2,Nfe2l2
Mouse Phenotype Single KO	MP:0000954	decreased oligodendrocyte progenitor number	464	5.05E-02	1.00E+00	9.89E-01	1.93E+01	5.18E-02	1	5.29E-04	1.02E-02	490	4.87E-02	1.00E+00	9.03E-01	2.01E+01	4.97E-02	1	7	6.58E-03	1.43E-01	chr11_96352608_96353722	Hoxb2
Mouse Phenotype Single KO	MP:0005402	abnormal action potential	465	5.06E-02	1.00E+00	9.89E-01	2.89E+00	1.38E+00	4	1.41E-02	4.08E-02	379	3.28E-02	1.00E+00	7.86E-01	4.31E+00	6.96E-01	3	98	1.97E-02	3.06E-02	chr12_16589553_16589895,chr12_16590033_16592004,chr13_40727364_40730800,chr8_84660555_84662042	Cacna1a,Lpin1,Tfap2a
Mouse Phenotype Single KO	MP:0000849	abnormal cerebellum morphology	466	5.14E-02	1.00E+00	1.00E+00	1.97E+00	4.07E+00	8	4.15E-02	8.16E-02	294	2.26E-02	1.00E+00	6.99E-01	2.75E+00	2.18E+00	6	307	3.95E-02	1.95E-02	chr12_118847345_118851129,chr13_53471407_53472168,chr13_53472662_53473247,chr13_63563733_63564766,chr13_63566316_63566849,chr15_89174182_89175604,chr6_48840815_48841662,chr8_84660555_84662042	Cacna1a,Msx2,Plxnb2,Ptch1,Sp8,Tmem176b
Mouse Phenotype Single KO	MP:0008814	decreased nerve conduction velocity	467	5.15E-02	1.00E+00	1.00E+00	5.52E+00	3.62E-01	2	3.70E-03	2.04E-02	1146	1.98E-01	1.00E+00	1.00E+00	4.54E+00	2.20E-01	1	31	6.58E-03	3.23E-02	chr12_16589553_16589895,chr12_16590033_16592004	Lpin1
Mouse Phenotype Single KO	MP:0011111	lethality during fetal growth through weaning, complete penetrance	468	5.18E-02	1.00E+00	1.00E+00	1.88E+01	5.32E-02	1	5.43E-04	1.02E-02	636	6.88E-02	1.00E+00	9.83E-01	1.41E+01	7.10E-02	1	10	6.58E-03	1.00E-01	chr8_124946584_124947555	Egln1
Mouse Phenotype Single KO	MP:0010918	abnormal pulmonary neuroendocrine body morphology	469	5.26E-02	1.00E+00	1.00E+00	1.85E+01	5.40E-02	1	5.51E-04	1.02E-02	324	2.81E-02	1.00E+00	7.89E-01	3.52E+01	2.84E-02	1	4	6.58E-03	2.50E-01	chr16_30066210_30067176	Hes1
Mouse Phenotype Single KO	MP:0004473	absent nasal bone	470	5.27E-02	1.00E+00	1.00E+00	1.85E+01	5.41E-02	1	5.52E-04	1.02E-02	267	2.12E-02	1.00E+00	7.20E-01	4.69E+01	2.13E-02	1	3	6.58E-03	3.33E-01	chr13_40727364_40730800	Tfap2a
Mouse Phenotype Single KO	MP:0004471	short nasal bone	471	5.27E-02	1.00E+00	1.00E+00	5.45E+00	3.67E-01	2	3.75E-03	2.04E-02	253	1.91E-02	1.00E+00	6.88E-01	9.38E+00	2.13E-01	2	30	1.32E-02	6.67E-02	chr10_68276719_68277215,chr14_46387358_46388080	Arid5b,Bmp4
Mouse Phenotype Single KO	MP:0011109	lethality throughout fetal growth and development, incomplete penetrance	472	5.28E-02	1.00E+00	1.00E+00	2.47E+00	2.02E+00	5	2.06E-02	5.10E-02	442	3.97E-02	1.00E+00	8.16E-01	3.13E+00	1.28E+00	4	180	2.63E-02	2.22E-02	chr13_63563733_63564766,chr13_63566316_63566849,chr14_46387358_46388080,chr16_30066210_30067176,chr6_118758397_118758711	Bmp4,Cacna1c,Hes1,Ptch1
Mouse Phenotype Single KO	MP:0001908	abnormal somatosensory cortex physiology	473	5.28E-02	1.00E+00	1.00E+00	1.84E+01	5.42E-02	1	5.53E-04	1.02E-02	324	2.81E-02	1.00E+00	7.89E-01	3.52E+01	2.84E-02	1	4	6.58E-03	2.50E-01	chr8_84660555_84662042	Cacna1a
Mouse Phenotype Single KO	MP:0004145	abnormal muscle electrophysiology	474	5.29E-02	1.00E+00	1.00E+00	5.44E+00	3.68E-01	2	3.75E-03	2.04E-02	195	1.35E-02	1.00E+00	6.30E-01	1.13E+01	1.78E-01	2	25	1.32E-02	8.00E-02	chr6_118758397_118758711,chr8_84660555_84662042	Cacna1a,Cacna1c
Mouse Phenotype Single KO	MP:0000449	broad nasal bridge	475	5.30E-02	1.00E+00	1.00E+00	1.84E+01	5.44E-02	1	5.55E-04	1.02E-02	324	2.81E-02	1.00E+00	7.89E-01	3.52E+01	2.84E-02	1	4	6.58E-03	2.50E-01	chr5_134313576_134314029	Gtf2i
Mouse Phenotype Single KO	MP:0005585	increased tidal volume	476	5.32E-02	1.00E+00	1.00E+00	1.83E+01	5.47E-02	1	5.58E-04	1.02E-02	587	6.22E-02	1.00E+00	9.62E-01	1.56E+01	6.39E-02	1	9	6.58E-03	1.11E-01	chr8_124946584_124947555	Egln1
Mouse Phenotype Single KO	MP:0004612	fusion of vertebral bodies	477	5.35E-02	1.00E+00	1.00E+00	1.82E+01	5.50E-02	1	5.61E-04	1.02E-02	676	7.54E-02	1.00E+00	1.00E+00	1.28E+01	7.81E-02	1	11	6.58E-03	9.09E-02	chr7_126781249_126781424	Tbx6
Mouse Phenotype Single KO	MP:0004517	decreased vestibular hair cell stereocilia number	478	5.40E-02	1.00E+00	1.00E+00	1.80E+01	5.55E-02	1	5.67E-04	1.02E-02	394	3.50E-02	1.00E+00	8.08E-01	2.82E+01	3.55E-02	1	5	6.58E-03	2.00E-01	chr14_46387358_46388080	Bmp4
Mouse Phenotype Single KO	MP:0001125	abnormal oocyte morphology	479	5.41E-02	1.00E+00	1.00E+00	3.53E+00	8.50E-01	3	8.67E-03	3.06E-02	373	3.19E-02	1.00E+00	7.78E-01	4.35E+00	6.89E-01	3	97	1.97E-02	3.09E-02	chr13_63563733_63564766,chr4_134019055_134020274,chr7_6706261_6706761	Fancc,Lin28a,Peg3
Mouse Phenotype Single KO	MP:0003605	fused kidneys	480	5.43E-02	1.00E+00	1.00E+00	1.79E+01	5.58E-02	1	5.70E-04	1.02E-02	324	2.81E-02	1.00E+00	7.89E-01	3.52E+01	2.84E-02	1	4	6.58E-03	2.50E-01	chr3_37642698_37643251	Spry1
Mouse Phenotype Single KO	MP:0000281	abnormal interventricular septum morphology	481	5.46E-02	1.00E+00	1.00E+00	2.06E+00	3.40E+00	7	3.47E-02	7.14E-02	91	4.02E-03	1.00E+00	4.02E-01	3.51E+00	2.00E+00	7	281	4.61E-02	2.49E-02	chr13_40727364_40730800,chr14_46387358_46388080,chr3_89280734_89281464,chr4_133755923_133757903,chr4_134019055_134020274,chr7_19355987_19356721,chr8_124946584_124947555	Arid1a,Bmp4,Efna1,Egln1,Lin28a,Ppp1r13l,Tfap2a
Mouse Phenotype Single KO	MP:0004226	absent Schlemms canal	482	5.50E-02	1.00E+00	1.00E+00	1.77E+01	5.65E-02	1	5.77E-04	1.02E-02	394	3.50E-02	1.00E+00	8.08E-01	2.82E+01	3.55E-02	1	5	6.58E-03	2.00E-01	chr14_46387358_46388080	Bmp4
Mouse Phenotype Single KO	MP:0011088	neonatal lethality, incomplete penetrance	483	5.50E-02	1.00E+00	1.00E+00	2.05E+00	3.41E+00	7	3.48E-02	7.14E-02	44	6.94E-04	1.00E+00	1.43E-01	4.19E+00	1.91E+00	8	269	5.26E-02	2.97E-02	chr10_68276719_68277215,chr11_96352608_96353722,chr15_89174182_89175604,chr4_134019055_134020274,chr7_116032327_116033153,chr7_82869018_82869904,chr8_84660555_84662042	Arid5b,Cacna1a,Hoxb1,Hoxb2,Lin28a,Mex3b,Plxnb2,Sox6
Mouse Phenotype Single KO	MP:0012320	abnormal body fat mass	484	5.52E-02	1.00E+00	1.00E+00	5.30E+00	3.77E-01	2	3.85E-03	2.04E-02	1081	1.75E-01	1.00E+00	1.00E+00	5.21E+00	1.92E-01	1	27	6.58E-03	3.70E-02	chr12_16589553_16589895,chr12_16590033_16592004	Lpin1
Mouse Phenotype Single KO	MP:0012285	misaligned sternebrae	485	5.56E-02	1.00E+00	1.00E+00	1.75E+01	5.72E-02	1	5.84E-04	1.02E-02	394	3.50E-02	1.00E+00	8.08E-01	2.82E+01	3.55E-02	1	5	6.58E-03	2.00E-01	chr11_96352608_96353722	Hoxb2
Mouse Phenotype Single KO	MP:0004644	increased vertebrae number	486	5.56E-02	1.00E+00	1.00E+00	3.49E+00	8.60E-01	3	8.77E-03	3.06E-02	388	3.36E-02	1.00E+00	7.87E-01	4.27E+00	7.03E-01	3	99	1.97E-02	3.03E-02	chr11_101658299_101659257,chr3_89280734_89281464,chr6_39204889_39205411	Arl4d,Efna1,Kdm7a
Mouse Phenotype Single KO	MP:0013754	abnormal ocular surface morphology	487	5.57E-02	1.00E+00	1.00E+00	3.49E+00	8.60E-01	3	8.78E-03	3.06E-02	630	6.60E-02	1.00E+00	9.51E-01	4.77E+00	4.19E-01	2	59	1.32E-02	3.39E-02	chr11_100206147_100206767,chr13_53471407_53472168,chr13_53472662_53473247	Krt14,Msx2
Mouse Phenotype Single KO	MP:0001062	absent oculomotor nerve	488	5.61E-02	1.00E+00	1.00E+00	1.73E+01	5.77E-02	1	5.88E-04	1.02E-02	267	2.12E-02	1.00E+00	7.20E-01	4.69E+01	2.13E-02	1	3	6.58E-03	3.33E-01	chr13_40727364_40730800	Tfap2a
Mouse Phenotype Single KO	MP:0004609	vertebral fusion	489	5.64E-02	1.00E+00	1.00E+00	2.79E+00	1.44E+00	4	1.46E-02	4.08E-02	198	1.39E-02	1.00E+00	6.40E-01	4.33E+00	9.24E-01	4	130	2.63E-02	3.08E-02	chr11_101964638_101965429,chr14_46387358_46388080,chr5_111006204_111007025,chr7_126781249_126781424	Bmp4,Meox1,Tbx6,Ttc28
Mouse Phenotype Single KO	MP:0004223	hypoplastic trabecular meshwork	490	5.66E-02	1.00E+00	1.00E+00	1.72E+01	5.82E-02	1	5.94E-04	1.02E-02	448	4.19E-02	1.00E+00	8.50E-01	2.35E+01	4.26E-02	1	6	6.58E-03	1.67E-01	chr14_46387358_46388080	Bmp4
Mouse Phenotype Single KO	MP:0020355	abnormal Sertoli cell barrier morphology	491	5.70E-02	1.00E+00	1.00E+00	1.70E+01	5.87E-02	1	5.99E-04	1.02E-02	324	2.81E-02	1.00E+00	7.89E-01	3.52E+01	2.84E-02	1	4	6.58E-03	2.50E-01	chr7_82869018_82869904	Mex3b
Mouse Phenotype Single KO	MP:0011488	abnormal ureterovesical junction morphology	492	5.71E-02	1.00E+00	1.00E+00	1.70E+01	5.87E-02	1	5.99E-04	1.02E-02	394	3.50E-02	1.00E+00	8.08E-01	2.82E+01	3.55E-02	1	5	6.58E-03	2.00E-01	chr14_46387358_46388080	Bmp4
Mouse Phenotype Single KO	MP:0008943	increased sensitivity to induced cell death	493	5.72E-02	1.00E+00	1.00E+00	3.45E+00	8.70E-01	3	8.88E-03	3.06E-02	740	8.46E-02	1.00E+00	1.00E+00	2.91E+00	1.03E+00	3	145	1.97E-02	2.07E-02	chr13_63563733_63564766,chr17_35836387_35836777,chr2_75703196_75704248	Fancc,Mdc1,Nfe2l2
Mouse Phenotype Single KO	MP:0009950	abnormal olfactory bulb internal plexiform layer morphology	494	5.73E-02	1.00E+00	1.00E+00	1.70E+01	5.89E-02	1	6.01E-04	1.02E-02	200	1.42E-02	1.00E+00	6.43E-01	7.04E+01	1.42E-02	1	2	6.58E-03	5.00E-01	chr15_89174182_89175604	Plxnb2
Mouse Phenotype Single KO	MP:0005300	abnormal corneal stroma morphology	495	5.74E-02	1.00E+00	1.00E+00	5.19E+00	3.85E-01	2	3.93E-03	2.04E-02	1134	1.93E-01	1.00E+00	1.00E+00	4.69E+00	2.13E-01	1	30	6.58E-03	3.33E-02	chr13_53471407_53472168,chr13_53472662_53473247	Msx2
Mouse Phenotype Single KO	MP:0009137	decreased brown fat lipid droplet number	496	5.77E-02	1.00E+00	1.00E+00	1.68E+01	5.94E-02	1	6.07E-04	1.02E-02	394	3.50E-02	1.00E+00	8.08E-01	2.82E+01	3.55E-02	1	5	6.58E-03	2.00E-01	chr10_68276719_68277215	Arid5b
Mouse Phenotype Single KO	MP:0012796	abnormal rhombomere 4 morphology	497	5.86E-02	1.00E+00	1.00E+00	1.66E+01	6.04E-02	1	6.16E-04	1.02E-02	39	4.94E-04	1.00E+00	1.15E-01	5.63E+01	3.55E-02	2	5	1.32E-02	4.00E-01	chr11_96352608_96353722	Hoxb1,Hoxb2
Mouse Phenotype Single KO	MP:0008779	abnormal maternal behavior	498	5.87E-02	1.00E+00	1.00E+00	2.75E+00	1.45E+00	4	1.48E-02	4.08E-02	117	6.50E-03	1.00E+00	5.05E-01	5.41E+00	7.39E-01	4	104	2.63E-02	3.85E-02	chr11_96352608_96353722,chr13_40727364_40730800,chr7_6706261_6706761,chr8_84660555_84662042	Cacna1a,Hoxb2,Peg3,Tfap2a
Mouse Phenotype Single KO	MP:0000078	abnormal supraoccipital bone morphology	499	5.89E-02	1.00E+00	1.00E+00	5.11E+00	3.91E-01	2	3.99E-03	2.04E-02	1066	1.69E-01	1.00E+00	1.00E+00	5.41E+00	1.85E-01	1	26	6.58E-03	3.85E-02	chr13_53471407_53472168,chr13_53472662_53473247	Msx2
Mouse Phenotype Single KO	MP:0004028	chromosome breakage	500	5.92E-02	1.00E+00	1.00E+00	5.10E+00	3.92E-01	2	4.00E-03	2.04E-02	576	5.83E-02	1.00E+00	9.20E-01	5.12E+00	3.91E-01	2	55	1.32E-02	3.64E-02	chr13_63563733_63564766,chr17_35836387_35836777	Fancc,Mdc1
Mouse Phenotype	MP:0009882	absent palatal shelf	1	1.51E-07	1.43E-03	1.43E-03	8.94E+01	4.47E-02	4	4.56E-04	4.08E-02	53	4.94E-04	1.00E+00	8.82E-02	5.63E+01	3.55E-02	2	5	1.32E-02	4.00E-01	chr13_63563733_63564766,chr13_63566316_63566849,chr2_71541880_71544776,chr2_71544955_71545796	Dlx2,Ptch1
Mouse Phenotype	MP:0003992	increased mortality induced by ionizing radiation	2	1.04E-06	9.84E-03	4.92E-03	1.86E+01	3.23E-01	6	3.30E-03	6.12E-02	49	4.72E-04	1.00E+00	9.11E-02	1.10E+01	3.62E-01	4	51	2.63E-02	7.84E-02	chr10_80054157_80054700,chr10_80055087_80056206,chr13_63563733_63564766,chr13_63566316_63566849,chr17_35836387_35836777,chr6_121069244_121070033	Bid,Gpx4,Mdc1,Ptch1
Mouse Phenotype	MP:0020149	abnormal mortality induced by ionizing radiation	3	1.73E-06	1.63E-02	5.45E-03	1.70E+01	3.53E-01	6	3.60E-03	6.12E-02	61	6.30E-04	1.00E+00	9.77E-02	1.02E+01	3.91E-01	4	55	2.63E-02	7.27E-02	chr10_80054157_80054700,chr10_80055087_80056206,chr13_63563733_63564766,chr13_63566316_63566849,chr17_35836387_35836777,chr6_121069244_121070033	Bid,Gpx4,Mdc1,Ptch1
Mouse Phenotype	MP:0012734	abnormal response to radiation	4	2.14E-06	2.03E-02	5.06E-03	1.64E+01	3.66E-01	6	3.74E-03	6.12E-02	71	7.71E-04	1.00E+00	1.03E-01	9.71E+00	4.12E-01	4	58	2.63E-02	6.90E-02	chr10_80054157_80054700,chr10_80055087_80056206,chr13_63563733_63564766,chr13_63566316_63566849,chr17_35836387_35836777,chr6_121069244_121070033	Bid,Gpx4,Mdc1,Ptch1
Mouse Phenotype	MP:0002875	decreased erythrocyte cell number	5	3.43E-06	3.24E-02	6.48E-03	5.79E+00	1.90E+00	11	1.94E-02	1.12E-01	36	2.60E-04	1.00E+00	6.84E-02	4.85E+00	1.65E+00	8	232	5.26E-02	3.45E-02	chr11_120186364_120189507,chr13_63563733_63564766,chr14_46387358_46388080,chr17_83920344_83920701,chr17_84184827_84185319,chr17_84185496_84186847,chr2_75703196_75704248,chr5_111006204_111007025,chr5_138195378_138196719,chr8_26117824_26118019,chr8_26118257_26118822	Bmp4,Fancc,Hook3,Nfe2l2,Nxpe5,Slc38a10,Ttc28,Zfp36l2
Mouse Phenotype	MP:0030123	small middle ear ossicles	6	4.06E-06	3.84E-02	6.40E-03	2.17E+01	2.30E-01	5	2.35E-03	5.10E-02	1	2.32E-06	2.19E-02	2.19E-02	4.02E+01	9.95E-02	4	14	2.63E-02	2.86E-01	chr11_96352608_96353722,chr13_53471407_53472168,chr13_53472662_53473247,chr2_71541880_71544776,chr2_71544955_71545796	Dlx1,Dlx2,Hoxb1,Msx2
Mouse Phenotype	MP:0001586	abnormal erythrocyte cell number	7	4.92E-06	4.65E-02	6.65E-03	4.62E+00	2.81E+00	13	2.87E-02	1.33E-01	18	8.14E-05	7.70E-01	4.28E-02	4.51E+00	2.22E+00	10	312	6.58E-02	3.21E-02	chr11_120186364_120189507,chr11_70233509_70233695,chr13_63563733_63564766,chr14_46387358_46388080,chr17_83920344_83920701,chr17_84184827_84185319,chr17_84185496_84186847,chr2_75703196_75704248,chr5_111006204_111007025,chr5_138195378_138196719,chr8_124946584_124947555,chr8_26117824_26118019,chr8_26118257_26118822	Bcl6b,Bmp4,Egln1,Fancc,Hook3,Nfe2l2,Nxpe5,Slc38a10,Ttc28,Zfp36l2
Mouse Phenotype	MP:0013242	abnormal amino acid metabolism	8	5.41E-06	5.12E-02	6.40E-03	9.24E+01	3.25E-02	3	3.31E-04	3.06E-02	660	4.87E-02	1.00E+00	6.98E-01	2.01E+01	4.97E-02	1	7	6.58E-03	1.43E-01	chr17_83920344_83920701,chr17_84184827_84185319,chr17_84185496_84186847	Haao
Mouse Phenotype	MP:0000129	ameloblast degeneration	9	6.16E-06	5.82E-02	6.47E-03	8.84E+01	3.39E-02	3	3.46E-04	3.06E-02	39	2.98E-04	1.00E+00	7.23E-02	7.04E+01	2.84E-02	2	4	1.32E-02	5.00E-01	chr13_53471407_53472168,chr13_53472662_53473247,chr2_75703196_75704248	Msx2,Nfe2l2
Mouse Phenotype	MP:0000603	pale liver	10	1.83E-05	1.73E-01	1.73E-02	8.69E+00	8.06E-01	7	8.22E-03	7.14E-02	210	7.18E-03	1.00E+00	3.23E-01	5.26E+00	7.60E-01	4	107	2.63E-02	3.74E-02	chr12_16589553_16589895,chr12_16590033_16592004,chr13_63563733_63564766,chr17_83920344_83920701,chr17_84184827_84185319,chr17_84185496_84186847,chr2_75703196_75704248	Fancc,Lpin1,Nfe2l2,Zfp36l2
Mouse Phenotype	MP:0003054	spina bifida	11	6.50E-05	6.15E-01	5.59E-02	7.10E+00	9.86E-01	7	1.01E-02	7.14E-02	47	4.58E-04	1.00E+00	9.22E-02	7.82E+00	6.39E-01	5	90	3.29E-02	5.56E-02	chr12_118847345_118851129,chr13_53471407_53472168,chr13_53472662_53473247,chr13_63563733_63564766,chr13_63566316_63566849,chr15_89174182_89175604,chr5_138992412_138994516	Msx2,Pdgfa,Plxnb2,Ptch1,Sp8
Mouse Phenotype	MP:0013662	decreased myeloid cell number	12	7.66E-05	7.25E-01	6.04E-02	3.81E+00	3.15E+00	12	3.22E-02	1.22E-01	99	1.90E-03	1.00E+00	1.81E-01	3.26E+00	2.76E+00	9	389	5.92E-02	2.31E-02	chr11_120186364_120189507,chr13_63563733_63564766,chr14_46387358_46388080,chr17_83920344_83920701,chr17_84184827_84185319,chr17_84185496_84186847,chr2_75703196_75704248,chr5_111006204_111007025,chr5_138195378_138196719,chr8_124946584_124947555,chr8_26117824_26118019,chr8_26118257_26118822	Bmp4,Egln1,Fancc,Hook3,Nfe2l2,Nxpe5,Slc38a10,Ttc28,Zfp36l2
Mouse Phenotype	MP:0011761	abnormal ureteric bud trunk morphology	13	1.15E-04	1.00E+00	8.33E-02	1.31E+02	1.53E-02	2	1.56E-04	2.04E-02	25	1.50E-04	1.00E+00	5.66E-02	9.38E+01	2.13E-02	2	3	1.32E-02	6.67E-01	chr15_89174182_89175604,chr3_37642698_37643251	Plxnb2,Spry1
Mouse Phenotype	MP:0003235	abnormal alisphenoid bone morphology	14	1.35E-04	1.00E+00	9.13E-02	1.03E+01	4.83E-01	5	4.93E-03	5.10E-02	89	1.64E-03	1.00E+00	1.74E-01	1.28E+01	2.34E-01	3	33	1.97E-02	9.09E-02	chr13_63563733_63564766,chr13_63566316_63566849,chr14_46387358_46388080,chr2_71541880_71544776,chr2_71544955_71545796	Bmp4,Dlx2,Ptch1
Mouse Phenotype	MP:0001270	distended abdomen	15	1.39E-04	1.00E+00	8.74E-02	6.28E+00	1.12E+00	7	1.14E-02	7.14E-02	164	5.09E-03	1.00E+00	2.93E-01	5.80E+00	6.89E-01	4	97	2.63E-02	4.12E-02	chr12_16589553_16589895,chr12_16590033_16592004,chr2_71541880_71544776,chr2_71544955_71545796,chr7_116032327_116033153,chr9_55542234_55544237,chr9_55544680_55546400	Dlx2,Isl2,Lpin1,Sox6
Mouse Phenotype	MP:0000706	small thymus	16	1.63E-04	1.00E+00	9.61E-02	3.51E+00	3.42E+00	12	3.49E-02	1.22E-01	81	1.01E-03	1.00E+00	1.18E-01	3.57E+00	2.52E+00	9	355	5.92E-02	2.54E-02	chr10_68276719_68277215,chr11_100206147_100206767,chr11_96352608_96353722,chr13_40727364_40730800,chr13_63563733_63564766,chr13_63566316_63566849,chr16_30066210_30067176,chr17_35836387_35836777,chr17_83920344_83920701,chr17_84184827_84185319,chr17_84185496_84186847,chr8_84660555_84662042	Arid5b,Cacna1a,Hes1,Hoxb1,Krt14,Mdc1,Ptch1,Tfap2a,Zfp36l2
Mouse Phenotype	MP:0000030	abnormal tympanic ring morphology	17	1.67E-04	1.00E+00	9.28E-02	7.48E+00	8.03E-01	6	8.19E-03	6.12E-02	8	2.77E-05	2.62E-01	3.28E-02	1.41E+01	3.55E-01	5	50	3.29E-02	1.00E-01	chr13_40727364_40730800,chr13_53471407_53472168,chr13_53472662_53473247,chr14_46387358_46388080,chr2_71541880_71544776,chr2_71544955_71545796	Bmp4,Dlx1,Dlx2,Msx2,Tfap2a
Mouse Phenotype	MP:0002576	abnormal enamel morphology	18	1.76E-04	1.00E+00	9.26E-02	9.77E+00	5.12E-01	5	5.22E-03	5.10E-02	127	2.86E-03	1.00E+00	2.13E-01	1.06E+01	2.84E-01	3	40	1.97E-02	7.50E-02	chr13_53471407_53472168,chr13_53472662_53473247,chr13_63563733_63564766,chr13_63566316_63566849,chr2_75703196_75704248	Msx2,Nfe2l2,Ptch1
Mouse Phenotype	MP:0011481	anterior iris synechia	19	2.32E-04	1.00E+00	1.15E-01	1.36E+01	2.93E-01	4	2.99E-03	4.08E-02	50	4.90E-04	1.00E+00	9.27E-02	1.92E+01	1.56E-01	3	22	1.97E-02	1.36E-01	chr13_53471407_53472168,chr13_53472662_53473247,chr14_46387358_46388080,chr7_19355987_19356721	Bmp4,Msx2,Ppp1r13l
Mouse Phenotype	MP:0003138	absent tympanic ring	20	2.64E-04	1.00E+00	1.25E-01	1.32E+01	3.04E-01	4	3.10E-03	4.08E-02	42	3.13E-04	1.00E+00	7.06E-02	2.22E+01	1.35E-01	3	19	1.97E-02	1.58E-01	chr13_40727364_40730800,chr13_53471407_53472168,chr13_53472662_53473247,chr14_46387358_46388080	Bmp4,Msx2,Tfap2a
Mouse Phenotype	MP:0000107	abnormal frontal bone morphology	21	2.95E-04	1.00E+00	1.33E-01	5.54E+00	1.26E+00	7	1.29E-02	7.14E-02	38	2.98E-04	1.00E+00	7.41E-02	8.58E+00	5.83E-01	5	82	3.29E-02	6.10E-02	chr10_68276719_68277215,chr13_40727364_40730800,chr13_53471407_53472168,chr13_53472662_53473247,chr13_63563733_63564766,chr13_63566316_63566849,chr14_46387358_46388080	Arid5b,Bmp4,Msx2,Ptch1,Tfap2a
Mouse Phenotype	MP:0000870	absent cerebellum vermis lobule VIII	22	3.02E-04	1.00E+00	1.30E-01	8.04E+01	2.49E-02	2	2.54E-04	2.04E-02	200	7.10E-03	1.00E+00	3.36E-01	1.41E+02	7.10E-03	1	1	6.58E-03	1.00E+00	chr13_53471407_53472168,chr13_53472662_53473247	Msx2
Mouse Phenotype	MP:0000871	absent cerebellum vermis lobule IX	22	3.02E-04	1.00E+00	1.30E-01	8.04E+01	2.49E-02	2	2.54E-04	2.04E-02	200	7.10E-03	1.00E+00	3.36E-01	1.41E+02	7.10E-03	1	1	6.58E-03	1.00E+00	chr13_53471407_53472168,chr13_53472662_53473247	Msx2
Mouse Phenotype	MP:0010255	cortical cataracts	24	3.13E-04	1.00E+00	1.23E-01	7.88E+01	2.54E-02	2	2.59E-04	2.04E-02	39	2.98E-04	1.00E+00	7.23E-02	7.04E+01	2.84E-02	2	4	1.32E-02	5.00E-01	chr14_46387358_46388080,chr4_141326801_141327760	Bmp4,Epha2
Mouse Phenotype	MP:0000077	abnormal interparietal bone morphology	25	3.34E-04	1.00E+00	1.26E-01	6.56E+00	9.15E-01	6	9.33E-03	6.12E-02	57	5.88E-04	1.00E+00	9.75E-02	1.04E+01	3.84E-01	4	54	2.63E-02	7.41E-02	chr13_40727364_40730800,chr13_53471407_53472168,chr13_53472662_53473247,chr13_63563733_63564766,chr13_63566316_63566849,chr14_46387358_46388080	Bmp4,Msx2,Ptch1,Tfap2a
Mouse Phenotype	MP:0000127	degenerate molars	26	3.34E-04	1.00E+00	1.22E-01	7.63E+01	2.62E-02	2	2.68E-04	2.04E-02	280	1.42E-02	1.00E+00	4.78E-01	7.04E+01	1.42E-02	1	2	6.58E-03	5.00E-01	chr13_53471407_53472168,chr13_53472662_53473247	Msx2
Mouse Phenotype	MP:0005270	abnormal zygomatic bone morphology	27	3.36E-04	1.00E+00	1.18E-01	8.48E+00	5.89E-01	5	6.02E-03	5.10E-02	6	8.03E-06	7.59E-02	1.27E-02	1.80E+01	2.77E-01	5	39	3.29E-02	1.28E-01	chr13_40727364_40730800,chr14_46387358_46388080,chr2_71541880_71544776,chr2_71544955_71545796,chr5_111006204_111007025	Bmp4,Dlx1,Dlx2,Tfap2a,Ttc28
Mouse Phenotype	MP:0009295	decreased interscapular fat pad weight	28	3.57E-04	1.00E+00	1.21E-01	2.23E+01	1.35E-01	3	1.37E-03	3.06E-02	153	4.31E-03	1.00E+00	2.67E-01	2.01E+01	9.95E-02	2	14	1.32E-02	1.43E-01	chr12_16589553_16589895,chr12_16590033_16592004,chr8_124946584_124947555	Lpin1,Sprtn
Mouse Phenotype	MP:0012402	abnormal nail bed morphology	29	3.74E-04	1.00E+00	1.22E-01	7.21E+01	2.77E-02	2	2.83E-04	2.04E-02	280	1.42E-02	1.00E+00	4.78E-01	7.04E+01	1.42E-02	1	2	6.58E-03	5.00E-01	chr13_53471407_53472168,chr13_53472662_53473247	Msx2
Mouse Phenotype	MP:0012399	short nails	29	3.74E-04	1.00E+00	1.22E-01	7.21E+01	2.77E-02	2	2.83E-04	2.04E-02	280	1.42E-02	1.00E+00	4.78E-01	7.04E+01	1.42E-02	1	2	6.58E-03	5.00E-01	chr13_53471407_53472168,chr13_53472662_53473247	Msx2
Mouse Phenotype	MP:0012403	abnormal nail plate morphology	29	3.74E-04	1.00E+00	1.22E-01	7.21E+01	2.77E-02	2	2.83E-04	2.04E-02	280	1.42E-02	1.00E+00	4.78E-01	7.04E+01	1.42E-02	1	2	6.58E-03	5.00E-01	chr13_53471407_53472168,chr13_53472662_53473247	Msx2
Mouse Phenotype	MP:0004175	telangiectases	32	3.81E-04	1.00E+00	1.13E-01	7.14E+01	2.80E-02	2	2.86E-04	2.04E-02	581	4.19E-02	1.00E+00	6.82E-01	2.35E+01	4.26E-02	1	6	6.58E-03	1.67E-01	chr13_63563733_63564766,chr13_63566316_63566849	Ptch1
Mouse Phenotype	MP:0003930	abnormal tooth hard tissue morphology	33	3.95E-04	1.00E+00	1.13E-01	8.19E+00	6.11E-01	5	6.23E-03	5.10E-02	197	7.04E-03	1.00E+00	3.38E-01	7.68E+00	3.91E-01	3	55	1.97E-02	5.45E-02	chr13_53471407_53472168,chr13_53472662_53473247,chr13_63563733_63564766,chr13_63566316_63566849,chr2_75703196_75704248	Msx2,Nfe2l2,Ptch1
Mouse Phenotype	MP:0004222	iris synechia	34	4.14E-04	1.00E+00	1.15E-01	1.17E+01	3.42E-01	4	3.49E-03	4.08E-02	74	8.11E-04	1.00E+00	1.04E-01	1.62E+01	1.85E-01	3	26	1.97E-02	1.15E-01	chr13_53471407_53472168,chr13_53472662_53473247,chr14_46387358_46388080,chr7_19355987_19356721	Bmp4,Msx2,Ppp1r13l
Mouse Phenotype	MP:0012405	abnormal nail matrix morphology	35	4.17E-04	1.00E+00	1.13E-01	6.82E+01	2.93E-02	2	2.99E-04	2.04E-02	371	2.12E-02	1.00E+00	5.39E-01	4.69E+01	2.13E-02	1	3	6.58E-03	3.33E-01	chr13_53471407_53472168,chr13_53472662_53473247	Msx2
Mouse Phenotype	MP:0004508	abnormal pectoral girdle bone morphology	36	4.25E-04	1.00E+00	1.12E-01	3.16E+00	3.80E+00	12	3.88E-02	1.22E-01	2	3.80E-06	3.59E-02	1.80E-02	5.73E+00	1.92E+00	11	270	7.24E-02	4.07E-02	chr10_68276719_68277215,chr11_101964638_101965429,chr11_96352608_96353722,chr13_40727364_40730800,chr13_53471407_53472168,chr13_53472662_53473247,chr13_63563733_63564766,chr13_63566316_63566849,chr14_46387358_46388080,chr15_102982607_102983365,chr5_138992412_138994516,chr7_116032327_116033153	Arid5b,Bmp4,Hoxb2,Hoxc8,Hoxc9,Meox1,Msx2,Pdgfa,Ptch1,Sox6,Tfap2a
Mouse Phenotype	MP:0011591	decreased hormone-sensitive lipase activity	37	4.54E-04	1.00E+00	1.16E-01	6.54E+01	3.06E-02	2	3.12E-04	2.04E-02	200	7.10E-03	1.00E+00	3.36E-01	1.41E+02	7.10E-03	1	1	6.58E-03	1.00E+00	chr12_16589553_16589895,chr12_16590033_16592004	Lpin1
Mouse Phenotype	MP:0011589	abnormal hormone-sensitive lipase activity	38	4.74E-04	1.00E+00	1.18E-01	6.40E+01	3.13E-02	2	3.19E-04	2.04E-02	280	1.42E-02	1.00E+00	4.78E-01	7.04E+01	1.42E-02	1	2	6.58E-03	5.00E-01	chr12_16589553_16589895,chr12_16590033_16592004	Lpin1
Mouse Phenotype	MP:0000914	exencephaly	39	5.34E-04	1.00E+00	1.30E-01	3.55E+00	2.81E+00	10	2.87E-02	1.02E-01	60	6.30E-04	1.00E+00	9.92E-02	4.25E+00	1.88E+00	8	265	5.26E-02	3.02E-02	chr12_118847345_118851129,chr13_40727364_40730800,chr13_53471407_53472168,chr13_53472662_53473247,chr13_63563733_63564766,chr13_63566316_63566849,chr15_89174182_89175604,chr16_30066210_30067176,chr5_134313576_134314029,chr7_100372146_100372354	C2cd3,Gtf2i,Hes1,Msx2,Plxnb2,Ptch1,Sp8,Tfap2a
Mouse Phenotype	MP:0005266	abnormal metabolism	40	5.89E-04	1.00E+00	1.39E-01	2.61E+00	5.75E+00	15	5.86E-02	1.53E-01	490	3.12E-02	1.00E+00	6.03E-01	1.97E+00	5.07E+00	10	713	6.58E-02	1.40E-02	chr10_80054157_80054700,chr10_80055087_80056206,chr12_16589553_16589895,chr12_16590033_16592004,chr13_63563733_63564766,chr13_63566316_63566849,chr17_35836387_35836777,chr17_83920344_83920701,chr17_84184827_84185319,chr17_84185496_84186847,chr6_118758397_118758711,chr6_121069244_121070033,chr7_100372146_100372354,chr8_124946584_124947555,chr8_84660555_84662042	Bid,Cacna1a,Cacna1c,Gpx4,Haao,Lpin1,Mdc1,Ppme1,Ptch1,Sprtn
Mouse Phenotype	MP:0003644	thymus atrophy	41	5.90E-04	1.00E+00	1.36E-01	7.49E+00	6.68E-01	5	6.81E-03	5.10E-02	271	1.31E-02	1.00E+00	4.57E-01	6.12E+00	4.90E-01	3	69	1.97E-02	4.35E-02	chr11_100206147_100206767,chr17_83920344_83920701,chr17_84184827_84185319,chr17_84185496_84186847,chr8_84660555_84662042	Cacna1a,Krt14,Zfp36l2
Mouse Phenotype	MP:0010288	increased gland tumor incidence	42	6.14E-04	1.00E+00	1.38E-01	3.49E+00	2.87E+00	10	2.92E-02	1.02E-01	158	4.68E-03	1.00E+00	2.80E-01	3.41E+00	2.05E+00	7	289	4.61E-02	2.42E-02	chr11_100206147_100206767,chr13_63563733_63564766,chr13_63566316_63566849,chr17_83920344_83920701,chr17_84184827_84185319,chr17_84185496_84186847,chr2_118544289_118545050,chr2_174428666_174429601,chr3_37642698_37643251,chr4_133755923_133757903	Arid1a,Bmf,Ctsz,Krt14,Ptch1,Spry1,Zfp36l2
Mouse Phenotype	MP:0000431	absent palatine bone horizontal plate	43	6.26E-04	1.00E+00	1.38E-01	1.84E+01	1.63E-01	3	1.67E-03	3.06E-02	134	3.16E-03	1.00E+00	2.23E-01	2.35E+01	8.53E-02	2	12	1.32E-02	1.67E-01	chr10_68276719_68277215,chr2_71541880_71544776,chr2_71544955_71545796	Arid5b,Dlx2
Mouse Phenotype	MP:0002364	abnormal thymus size	44	7.21E-04	1.00E+00	1.55E-01	2.97E+00	4.04E+00	12	4.12E-02	1.22E-01	140	3.22E-03	1.00E+00	2.17E-01	3.01E+00	2.99E+00	9	421	5.92E-02	2.14E-02	chr10_68276719_68277215,chr11_100206147_100206767,chr11_96352608_96353722,chr13_40727364_40730800,chr13_63563733_63564766,chr13_63566316_63566849,chr16_30066210_30067176,chr17_35836387_35836777,chr17_83920344_83920701,chr17_84184827_84185319,chr17_84185496_84186847,chr8_84660555_84662042	Arid5b,Cacna1a,Hes1,Hoxb1,Krt14,Mdc1,Ptch1,Tfap2a,Zfp36l2
Mouse Phenotype	MP:0000155	asymmetric rib joints	45	7.35E-04	1.00E+00	1.55E-01	7.13E+00	7.02E-01	5	7.16E-03	5.10E-02	8	2.77E-05	2.62E-01	3.28E-02	1.41E+01	3.55E-01	5	50	3.29E-02	1.00E-01	chr10_68276719_68277215,chr13_63563733_63564766,chr13_63566316_63566849,chr14_46387358_46388080,chr15_102982607_102983365	Arid5b,Bmp4,Hoxc8,Hoxc9,Ptch1
Mouse Phenotype	MP:0000017	big ears	46	7.62E-04	1.00E+00	1.57E-01	5.03E+01	3.97E-02	2	4.06E-04	2.04E-02	503	3.50E-02	1.00E+00	6.59E-01	2.82E+01	3.55E-02	1	5	6.58E-03	2.00E-01	chr13_53471407_53472168,chr13_53472662_53473247	Msx2
Mouse Phenotype	MP:0002874	decreased hemoglobin content	47	8.19E-04	1.00E+00	1.65E-01	4.66E+00	1.50E+00	7	1.53E-02	7.14E-02	278	1.37E-02	1.00E+00	4.65E-01	3.55E+00	1.41E+00	5	198	3.29E-02	2.53E-02	chr11_120186364_120189507,chr13_63563733_63564766,chr17_83920344_83920701,chr17_84184827_84185319,chr17_84185496_84186847,chr2_75703196_75704248,chr8_124946584_124947555	Egln1,Fancc,Nfe2l2,Slc38a10,Zfp36l2
Mouse Phenotype	MP:0001288	abnormal lens induction	48	8.83E-04	1.00E+00	1.74E-01	9.53E+00	4.20E-01	4	4.28E-03	4.08E-02	50	4.90E-04	1.00E+00	9.27E-02	1.92E+01	1.56E-01	3	22	1.97E-02	1.36E-01	chr13_40727364_40730800,chr13_53471407_53472168,chr13_53472662_53473247,chr14_46387358_46388080	Bmp4,Msx2,Tfap2a
Mouse Phenotype	MP:0000157	abnormal sternum morphology	49	9.39E-04	1.00E+00	1.81E-01	3.30E+00	3.03E+00	10	3.09E-02	1.02E-01	4	4.05E-06	3.83E-02	9.58E-03	6.40E+00	1.56E+00	10	220	6.58E-02	4.55E-02	chr10_68276719_68277215,chr11_101964638_101965429,chr11_96352608_96353722,chr13_40727364_40730800,chr13_63563733_63564766,chr13_63566316_63566849,chr14_46387358_46388080,chr15_102982607_102983365,chr5_138992412_138994516,chr7_116032327_116033153	Arid5b,Bmp4,Hoxb2,Hoxc8,Hoxc9,Meox1,Pdgfa,Ptch1,Sox6,Tfap2a
Mouse Phenotype	MP:0001071	abnormal facial nerve morphology	50	9.64E-04	1.00E+00	1.82E-01	9.30E+00	4.30E-01	4	4.39E-03	4.08E-02	3	3.99E-06	3.78E-02	1.26E-02	2.07E+01	2.42E-01	5	34	3.29E-02	1.47E-01	chr11_96352608_96353722,chr13_40727364_40730800,chr2_71541880_71544776,chr2_71544955_71545796	Dlx1,Dlx2,Hoxb1,Hoxb2,Tfap2a
Mouse Phenotype	MP:0000928	incomplete rostral neuropore closure	51	9.98E-04	1.00E+00	1.85E-01	5.31E+00	1.13E+00	6	1.15E-02	6.12E-02	56	5.87E-04	1.00E+00	9.92E-02	7.41E+00	6.75E-01	5	95	3.29E-02	5.26E-02	chr12_118847345_118851129,chr13_40727364_40730800,chr13_63563733_63564766,chr13_63566316_63566849,chr15_89174182_89175604,chr16_30066210_30067176	Hes1,Plxnb2,Ptch1,Sp8,Tfap2a
Mouse Phenotype	MP:0005152	pancytopenia	52	1.03E-03	1.00E+00	1.87E-01	1.55E+01	1.94E-01	3	1.98E-03	3.06E-02	1514	1.98E-01	1.00E+00	1.00E+00	4.54E+00	2.20E-01	1	31	6.58E-03	3.23E-02	chr17_83920344_83920701,chr17_84184827_84185319,chr17_84185496_84186847	Zfp36l2
Mouse Phenotype	MP:0013661	abnormal myeloid cell number	53	1.03E-03	1.00E+00	1.85E-01	2.70E+00	4.81E+00	13	4.91E-02	1.33E-01	211	7.23E-03	1.00E+00	3.24E-01	2.49E+00	4.01E+00	10	565	6.58E-02	1.77E-02	chr11_120186364_120189507,chr11_70233509_70233695,chr13_63563733_63564766,chr14_46387358_46388080,chr17_83920344_83920701,chr17_84184827_84185319,chr17_84185496_84186847,chr2_75703196_75704248,chr5_111006204_111007025,chr5_138195378_138196719,chr8_124946584_124947555,chr8_26117824_26118019,chr8_26118257_26118822	Bcl6b,Bmp4,Egln1,Fancc,Hook3,Nfe2l2,Nxpe5,Slc38a10,Ttc28,Zfp36l2
Mouse Phenotype	MP:0004703	abnormal vertebral column morphology	54	1.05E-03	1.00E+00	1.83E-01	2.16E+00	8.79E+00	19	8.97E-02	1.94E-01	5	6.37E-06	6.03E-02	1.21E-02	3.25E+00	5.85E+00	19	824	1.25E-01	2.31E-02	chr10_68276719_68277215,chr11_101658299_101659257,chr11_101964638_101965429,chr11_96352608_96353722,chr12_118847345_118851129,chr13_40727364_40730800,chr13_63563733_63564766,chr13_63566316_63566849,chr14_46387358_46388080,chr15_102982607_102983365,chr3_89280734_89281464,chr4_141326801_141327760,chr5_111006204_111007025,chr5_138992412_138994516,chr6_39204889_39205411,chr6_60830285_60830625,chr7_116032327_116033153,chr7_126781249_126781424,chr8_124946584_124947555	Arid5b,Arl4d,Bmp4,Efna1,Epha2,Hoxb2,Hoxc8,Hoxc9,Kdm7a,Meox1,Pdgfa,Ptch1,Snca,Sox6,Sp8,Sprtn,Tbx6,Tfap2a,Ttc28
Mouse Phenotype	MP:0012542	abnormal neuropore morphology	55	1.09E-03	1.00E+00	1.87E-01	5.23E+00	1.15E+00	6	1.17E-02	6.12E-02	63	6.77E-04	1.00E+00	1.02E-01	7.18E+00	6.96E-01	5	98	3.29E-02	5.10E-02	chr12_118847345_118851129,chr13_40727364_40730800,chr13_63563733_63564766,chr13_63566316_63566849,chr15_89174182_89175604,chr16_30066210_30067176	Hes1,Plxnb2,Ptch1,Sp8,Tfap2a
Mouse Phenotype	MP:0012397	abnormal nucleated erythrocyte cell number	56	1.10E-03	1.00E+00	1.85E-01	8.98E+00	4.45E-01	4	4.54E-03	4.08E-02	631	4.40E-02	1.00E+00	6.60E-01	5.99E+00	3.34E-01	2	47	1.32E-02	4.26E-02	chr17_83920344_83920701,chr17_84184827_84185319,chr17_84185496_84186847,chr8_124946584_124947555	Egln1,Zfp36l2
Mouse Phenotype	MP:0000929	open neural tube	57	1.11E-03	1.00E+00	1.85E-01	3.23E+00	3.10E+00	10	3.16E-02	1.02E-01	48	4.64E-04	1.00E+00	9.15E-02	4.45E+00	1.80E+00	8	253	5.26E-02	3.16E-02	chr12_118847345_118851129,chr13_40727364_40730800,chr13_53471407_53472168,chr13_53472662_53473247,chr13_63563733_63564766,chr13_63566316_63566849,chr15_89174182_89175604,chr4_133755923_133757903,chr4_134019055_134020274,chr5_138992412_138994516	Arid1a,Lin28a,Msx2,Pdgfa,Plxnb2,Ptch1,Sp8,Tfap2a
Mouse Phenotype	MP:0004208	increased basal cell carcinoma incidence	58	1.15E-03	1.00E+00	1.87E-01	4.09E+01	4.90E-02	2	4.99E-04	2.04E-02	660	4.87E-02	1.00E+00	6.98E-01	2.01E+01	4.97E-02	1	7	6.58E-03	1.43E-01	chr13_63563733_63564766,chr13_63566316_63566849	Ptch1
Mouse Phenotype	MP:0002717	abnormal male preputial gland morphology	59	1.17E-03	1.00E+00	1.87E-01	1.48E+01	2.03E-01	3	2.07E-03	3.06E-02	184	6.36E-03	1.00E+00	3.27E-01	1.66E+01	1.21E-01	2	17	1.32E-02	1.18E-01	chr13_63563733_63564766,chr13_63566316_63566849,chr6_60830285_60830625	Ptch1,Snca
Mouse Phenotype	MP:0000583	long toenails	60	1.17E-03	1.00E+00	1.84E-01	4.05E+01	4.94E-02	2	5.04E-04	2.04E-02	581	4.19E-02	1.00E+00	6.82E-01	2.35E+01	4.26E-02	1	6	6.58E-03	1.67E-01	chr13_53471407_53472168,chr13_53472662_53473247	Msx2
Mouse Phenotype	MP:0009102	abnormal glans penis morphology	61	1.20E-03	1.00E+00	1.86E-01	1.46E+01	2.05E-01	3	2.09E-03	3.06E-02	209	7.12E-03	1.00E+00	3.22E-01	1.56E+01	1.28E-01	2	18	1.32E-02	1.11E-01	chr13_63563733_63564766,chr13_63566316_63566849,chr6_60830285_60830625	Ptch1,Snca
Mouse Phenotype	MP:0010478	intracranial aneurysm	62	1.24E-03	1.00E+00	1.88E-01	3.94E+01	5.08E-02	2	5.18E-04	2.04E-02	437	2.81E-02	1.00E+00	6.09E-01	3.52E+01	2.84E-02	1	4	6.58E-03	2.50E-01	chr13_53471407_53472168,chr13_53472662_53473247	Msx2
Mouse Phenotype	MP:0004969	pale kidney	63	1.29E-03	1.00E+00	1.94E-01	8.59E+00	4.66E-01	4	4.75E-03	4.08E-02	631	4.40E-02	1.00E+00	6.60E-01	5.99E+00	3.34E-01	2	47	1.32E-02	4.26E-02	chr10_68276719_68277215,chr17_83920344_83920701,chr17_84184827_84185319,chr17_84185496_84186847	Arid5b,Zfp36l2
Mouse Phenotype	MP:0003179	thrombocytopenia	64	1.36E-03	1.00E+00	2.01E-01	4.26E+00	1.64E+00	7	1.68E-02	7.14E-02	312	1.54E-02	1.00E+00	4.66E-01	3.45E+00	1.45E+00	5	204	3.29E-02	2.45E-02	chr11_120186364_120189507,chr13_63563733_63564766,chr17_83920344_83920701,chr17_84184827_84185319,chr17_84185496_84186847,chr2_75703196_75704248,chr8_124946584_124947555	Egln1,Fancc,Nfe2l2,Slc38a10,Zfp36l2
Mouse Phenotype	MP:0003385	abnormal body wall morphology	65	1.37E-03	1.00E+00	1.99E-01	4.26E+00	1.64E+00	7	1.68E-02	7.14E-02	115	2.30E-03	1.00E+00	1.89E-01	5.46E+00	9.16E-01	5	129	3.29E-02	3.88E-02	chr11_96352608_96353722,chr13_40727364_40730800,chr13_53471407_53472168,chr13_53472662_53473247,chr13_63563733_63564766,chr13_63566316_63566849,chr14_46387358_46388080	Bmp4,Hoxb2,Msx2,Ptch1,Tfap2a
Mouse Phenotype	MP:0001258	decreased body length	66	1.38E-03	1.00E+00	1.98E-01	2.92E+00	3.76E+00	11	3.84E-02	1.12E-01	24	1.39E-04	1.00E+00	5.48E-02	4.23E+00	2.37E+00	10	333	6.58E-02	3.00E-02	chr10_68276719_68277215,chr11_101658299_101659257,chr11_101964638_101965429,chr11_120186364_120189507,chr16_30066210_30067176,chr4_134019055_134020274,chr5_111006204_111007025,chr7_116032327_116033153,chr7_126781249_126781424,chr8_26117824_26118019,chr8_26118257_26118822	Arid5b,Arl4d,Hes1,Hook3,Lin28a,Meox1,Slc38a10,Sox6,Tbx6,Ttc28
Mouse Phenotype	MP:0001256	abnormal body length	67	1.42E-03	1.00E+00	2.01E-01	2.74E+00	4.37E+00	12	4.46E-02	1.22E-01	19	1.02E-04	9.67E-01	5.09E-02	4.01E+00	2.74E+00	11	386	7.24E-02	2.85E-02	chr10_68276719_68277215,chr11_101658299_101659257,chr11_101964638_101965429,chr11_120186364_120189507,chr16_30066210_30067176,chr4_134019055_134020274,chr5_111006204_111007025,chr6_118758397_118758711,chr7_116032327_116033153,chr7_126781249_126781424,chr8_26117824_26118019,chr8_26118257_26118822	Ankrd26,Arid5b,Arl4d,Hes1,Hook3,Lin28a,Meox1,Slc38a10,Sox6,Tbx6,Ttc28
Mouse Phenotype	MP:0008372	small malleus	68	1.43E-03	1.00E+00	1.99E-01	1.37E+01	2.18E-01	3	2.23E-03	3.06E-02	134	3.16E-03	1.00E+00	2.23E-01	2.35E+01	8.53E-02	2	12	1.32E-02	1.67E-01	chr11_96352608_96353722,chr13_53471407_53472168,chr13_53472662_53473247	Hoxb1,Msx2
Mouse Phenotype	MP:0001698	decreased embryo size	69	1.48E-03	1.00E+00	2.03E-01	2.38E+00	6.30E+00	15	6.43E-02	1.53E-01	167	5.13E-03	1.00E+00	2.91E-01	2.48E+00	4.44E+00	11	625	7.24E-02	1.76E-02	chr10_80054157_80054700,chr10_80055087_80056206,chr12_16589553_16589895,chr12_16590033_16592004,chr13_40727364_40730800,chr13_53471407_53472168,chr13_53472662_53473247,chr13_63563733_63564766,chr13_63566316_63566849,chr16_30066210_30067176,chr2_75703196_75704248,chr4_133755923_133757903,chr4_134019055_134020274,chr5_134313576_134314029,chr5_138992412_138994516	Arid1a,Gpx4,Gtf2i,Hes1,Lin28a,Lpin1,Msx2,Nfe2l2,Pdgfa,Ptch1,Tfap2a
Mouse Phenotype	MP:0002151	abnormal neural tube morphology	70	1.52E-03	1.00E+00	2.05E-01	2.38E+00	6.31E+00	15	6.44E-02	1.53E-01	21	1.05E-04	9.95E-01	4.74E-02	3.27E+00	4.28E+00	14	603	9.21E-02	2.32E-02	chr11_96352608_96353722,chr12_118847345_118851129,chr13_40727364_40730800,chr13_53471407_53472168,chr13_53472662_53473247,chr13_63563733_63564766,chr13_63566316_63566849,chr15_89174182_89175604,chr16_30066210_30067176,chr4_133755923_133757903,chr4_134019055_134020274,chr4_141326801_141327760,chr5_138992412_138994516,chr7_100372146_100372354,chr7_126781249_126781424	Arid1a,C2cd3,Epha2,Hes1,Hoxb1,Hoxb2,Lin28a,Msx2,Pdgfa,Plxnb2,Ptch1,Sp8,Tbx6,Tfap2a
Mouse Phenotype	MP:0004971	dermal hyperplasia	71	1.52E-03	1.00E+00	2.02E-01	3.54E+01	5.64E-02	2	5.76E-04	2.04E-02	581	4.19E-02	1.00E+00	6.82E-01	2.35E+01	4.26E-02	1	6	6.58E-03	1.67E-01	chr13_63563733_63564766,chr13_63566316_63566849	Ptch1
Mouse Phenotype	MP:0000222	decreased neutrophil cell number	72	1.73E-03	1.00E+00	2.27E-01	5.87E+00	8.52E-01	5	8.70E-03	5.10E-02	955	8.33E-02	1.00E+00	8.25E-01	2.93E+00	1.02E+00	3	144	1.97E-02	2.08E-02	chr11_70233509_70233695,chr13_63563733_63564766,chr17_83920344_83920701,chr17_84184827_84185319,chr17_84185496_84186847	Bcl6b,Fancc,Zfp36l2
Mouse Phenotype	MP:0001588	abnormal hemoglobin	73	1.77E-03	1.00E+00	2.29E-01	3.03E+00	3.30E+00	10	3.37E-02	1.02E-01	496	3.28E-02	1.00E+00	6.25E-01	2.31E+00	3.03E+00	7	426	4.61E-02	1.64E-02	chr11_120186364_120189507,chr11_69399728_69400631,chr13_63563733_63564766,chr17_83920344_83920701,chr17_84184827_84185319,chr17_84185496_84186847,chr2_75703196_75704248,chr8_124946584_124947555,chr8_26117824_26118019,chr8_26118257_26118822	Cyb5d1,Egln1,Fancc,Hook3,Nfe2l2,Slc38a10,Zfp36l2
Mouse Phenotype	MP:0000454	abnormal jaw morphology	74	1.79E-03	1.00E+00	2.29E-01	2.43E+00	5.76E+00	14	5.88E-02	1.43E-01	20	1.03E-04	9.72E-01	4.86E-02	3.71E+00	3.23E+00	12	455	7.89E-02	2.64E-02	chr10_68276719_68277215,chr11_120186364_120189507,chr11_96352608_96353722,chr13_40727364_40730800,chr13_53471407_53472168,chr13_53472662_53473247,chr13_63563733_63564766,chr13_63566316_63566849,chr14_46387358_46388080,chr2_71541880_71544776,chr2_71544955_71545796,chr2_75703196_75704248,chr4_133755923_133757903,chr5_111006204_111007025	Arid1a,Arid5b,Bmp4,Dlx1,Dlx2,Hoxb1,Msx2,Nfe2l2,Ptch1,Slc38a10,Tfap2a,Ttc28
Mouse Phenotype	MP:0013329	abnormal preputial gland morphology	75	1.81E-03	1.00E+00	2.28E-01	1.27E+01	2.37E-01	3	2.42E-03	3.06E-02	231	8.76E-03	1.00E+00	3.59E-01	1.41E+01	1.42E-01	2	20	1.32E-02	1.00E-01	chr13_63563733_63564766,chr13_63566316_63566849,chr6_60830285_60830625	Ptch1,Snca
Mouse Phenotype	MP:0009836	abnormal sperm principal piece morphology	76	1.85E-03	1.00E+00	2.30E-01	3.21E+01	6.23E-02	2	6.36E-04	2.04E-02	923	8.20E-02	1.00E+00	8.40E-01	1.17E+01	8.53E-02	1	12	6.58E-03	8.33E-02	chr10_80054157_80054700,chr10_80055087_80056206	Gpx4
Mouse Phenotype	MP:0009992	abnormal cerebellum vermis lobule IX morphology	77	1.85E-03	1.00E+00	2.27E-01	3.21E+01	6.24E-02	2	6.36E-04	2.04E-02	371	2.12E-02	1.00E+00	5.39E-01	4.69E+01	2.13E-02	1	3	6.58E-03	3.33E-01	chr13_53471407_53472168,chr13_53472662_53473247	Msx2
Mouse Phenotype	MP:0011579	decreased lipoprotein lipase activity	78	1.87E-03	1.00E+00	2.27E-01	3.19E+01	6.27E-02	2	6.40E-04	2.04E-02	581	4.19E-02	1.00E+00	6.82E-01	2.35E+01	4.26E-02	1	6	6.58E-03	1.67E-01	chr12_16589553_16589895,chr12_16590033_16592004	Lpin1
Mouse Phenotype	MP:0005105	abnormal middle ear ossicle morphology	79	1.90E-03	1.00E+00	2.28E-01	4.67E+00	1.28E+00	6	1.31E-02	6.12E-02	35	2.50E-04	1.00E+00	6.76E-02	8.91E+00	5.61E-01	5	79	3.29E-02	6.33E-02	chr11_96352608_96353722,chr13_40727364_40730800,chr13_53471407_53472168,chr13_53472662_53473247,chr2_71541880_71544776,chr2_71544955_71545796	Dlx1,Dlx2,Hoxb1,Msx2,Tfap2a
Mouse Phenotype	MP:0000858	altered metastatic potential	80	1.93E-03	1.00E+00	2.28E-01	4.66E+00	1.29E+00	6	1.31E-02	6.12E-02	139	3.18E-03	1.00E+00	2.16E-01	5.06E+00	9.88E-01	5	139	3.29E-02	3.60E-02	chr10_86836857_86837177,chr13_63563733_63564766,chr13_63566316_63566849,chr2_174428666_174429601,chr4_133755923_133757903,chr4_141326801_141327760	Arid1a,Ctsz,Epha2,Ptch1,Stab2
Mouse Phenotype	MP:0000074	abnormal neurocranium morphology	81	1.93E-03	1.00E+00	2.26E-01	2.80E+00	3.93E+00	11	4.01E-02	1.12E-01	30	1.68E-04	1.00E+00	5.29E-02	4.57E+00	1.97E+00	9	277	5.92E-02	3.25E-02	chr10_68276719_68277215,chr11_101964638_101965429,chr13_40727364_40730800,chr13_53471407_53472168,chr13_53472662_53473247,chr13_63563733_63564766,chr13_63566316_63566849,chr14_46387358_46388080,chr2_71541880_71544776,chr2_71544955_71545796,chr4_133755923_133757903	Arid1a,Arid5b,Bmp4,Dlx1,Dlx2,Meox1,Msx2,Ptch1,Tfap2a
Mouse Phenotype	MP:0008861	abnormal hair shedding	82	1.96E-03	1.00E+00	2.26E-01	3.11E+01	6.43E-02	2	6.56E-04	2.04E-02	503	3.50E-02	1.00E+00	6.59E-01	2.82E+01	3.55E-02	1	5	6.58E-03	2.00E-01	chr13_53471407_53472168,chr13_53472662_53473247	Msx2
Mouse Phenotype	MP:0005106	abnormal incus morphology	83	2.06E-03	1.00E+00	2.34E-01	7.55E+00	5.30E-01	4	5.40E-03	4.08E-02	89	1.64E-03	1.00E+00	1.74E-01	1.28E+01	2.34E-01	3	33	1.97E-02	9.09E-02	chr11_96352608_96353722,chr13_40727364_40730800,chr2_71541880_71544776,chr2_71544955_71545796	Dlx2,Hoxb1,Tfap2a
Mouse Phenotype	MP:0004478	increased testicular teratoma incidence	84	2.08E-03	1.00E+00	2.34E-01	3.02E+01	6.62E-02	2	6.75E-04	2.04E-02	660	4.87E-02	1.00E+00	6.98E-01	2.01E+01	4.97E-02	1	7	6.58E-03	1.43E-01	chr13_63563733_63564766,chr13_63566316_63566849	Ptch1
Mouse Phenotype	MP:0012707	incomplete caudal neuropore closure	85	2.09E-03	1.00E+00	2.32E-01	3.01E+01	6.64E-02	2	6.77E-04	2.04E-02	94	1.75E-03	1.00E+00	1.76E-01	3.13E+01	6.39E-02	2	9	1.32E-02	2.22E-01	chr12_118847345_118851129,chr15_89174182_89175604	Plxnb2,Sp8
Mouse Phenotype	MP:0009278	abnormal bone marrow cell physiology	86	2.12E-03	1.00E+00	2.34E-01	7.49E+00	5.34E-01	4	5.45E-03	4.08E-02	822	6.79E-02	1.00E+00	7.82E-01	4.69E+00	4.26E-01	2	60	1.32E-02	3.33E-02	chr17_83920344_83920701,chr17_84184827_84185319,chr17_84185496_84186847,chr6_121069244_121070033	Bid,Zfp36l2
Mouse Phenotype	MP:0002716	small male preputial glands	87	2.13E-03	1.00E+00	2.31E-01	2.98E+01	6.70E-02	2	6.84E-04	2.04E-02	660	4.87E-02	1.00E+00	6.98E-01	2.01E+01	4.97E-02	1	7	6.58E-03	1.43E-01	chr13_63563733_63564766,chr13_63566316_63566849	Ptch1
Mouse Phenotype	MP:0003699	abnormal female reproductive system physiology	88	2.22E-03	1.00E+00	2.38E-01	2.21E+00	7.25E+00	16	7.40E-02	1.63E-01	169	5.27E-03	1.00E+00	2.95E-01	2.35E+00	5.10E+00	12	718	7.89E-02	1.67E-02	chr10_68276719_68277215,chr10_80054157_80054700,chr10_80055087_80056206,chr12_16589553_16589895,chr12_16590033_16592004,chr13_63563733_63564766,chr13_63566316_63566849,chr14_46387358_46388080,chr17_83920344_83920701,chr17_84184827_84185319,chr17_84185496_84186847,chr4_134019055_134020274,chr5_134313576_134314029,chr7_126781249_126781424,chr7_19355987_19356721,chr8_84660555_84662042	Arid5b,Bmp4,Cacna1a,Fancc,Gpx4,Gtf2i,Lin28a,Lpin1,Ppp1r13l,Ptch1,Tbx6,Zfp36l2
Mouse Phenotype	MP:0003049	abnormal lumbar vertebrae morphology	89	2.25E-03	1.00E+00	2.39E-01	3.90E+00	1.80E+00	7	1.83E-02	7.14E-02	11	4.86E-05	4.60E-01	4.18E-02	6.19E+00	1.29E+00	8	182	5.26E-02	4.40E-02	chr11_101658299_101659257,chr12_118847345_118851129,chr15_102982607_102983365,chr3_89280734_89281464,chr5_111006204_111007025,chr6_39204889_39205411,chr7_126781249_126781424	Arl4d,Efna1,Hoxc8,Hoxc9,Kdm7a,Sp8,Tbx6,Ttc28
Mouse Phenotype	MP:0009687	empty decidua capsularis	90	2.34E-03	1.00E+00	2.46E-01	2.84E+01	7.04E-02	2	7.19E-04	2.04E-02	1021	9.50E-02	1.00E+00	8.80E-01	1.01E+01	9.95E-02	1	14	6.58E-03	7.14E-02	chr10_80054157_80054700,chr10_80055087_80056206	Gpx4
Mouse Phenotype	MP:0003052	omphalocele	91	2.35E-03	1.00E+00	2.44E-01	5.46E+00	9.15E-01	5	9.34E-03	5.10E-02	241	9.79E-03	1.00E+00	3.84E-01	6.81E+00	4.40E-01	3	62	1.97E-02	4.84E-02	chr13_53471407_53472168,chr13_53472662_53473247,chr13_63563733_63564766,chr13_63566316_63566849,chr14_46387358_46388080	Bmp4,Msx2,Ptch1
Mouse Phenotype	MP:0013765	iris hyperplasia	92	2.38E-03	1.00E+00	2.45E-01	2.82E+01	7.10E-02	2	7.25E-04	2.04E-02	371	2.12E-02	1.00E+00	5.39E-01	4.69E+01	2.13E-02	1	3	6.58E-03	3.33E-01	chr13_53471407_53472168,chr13_53472662_53473247	Msx2
Mouse Phenotype	MP:0001382	abnormal nursing	93	2.41E-03	1.00E+00	2.45E-01	7.23E+00	5.53E-01	4	5.64E-03	4.08E-02	127	2.86E-03	1.00E+00	2.13E-01	1.06E+01	2.84E-01	3	40	1.97E-02	7.50E-02	chr12_16589553_16589895,chr12_16590033_16592004,chr7_6706261_6706761,chr8_84660555_84662042	Cacna1a,Lpin1,Peg3
Mouse Phenotype	MP:0009337	abnormal splenocyte number	94	2.42E-03	1.00E+00	2.44E-01	7.22E+00	5.54E-01	4	5.65E-03	4.08E-02	906	7.60E-02	1.00E+00	7.93E-01	4.40E+00	4.55E-01	2	64	1.32E-02	3.13E-02	chr17_83920344_83920701,chr17_84184827_84185319,chr17_84185496_84186847,chr2_118544289_118545050	Bmf,Zfp36l2
Mouse Phenotype	MP:0012525	abnormal rhombic lip morphology	95	2.42E-03	1.00E+00	2.41E-01	2.79E+01	7.16E-02	2	7.31E-04	2.04E-02	503	3.50E-02	1.00E+00	6.59E-01	2.82E+01	3.55E-02	1	5	6.58E-03	2.00E-01	chr13_63563733_63564766,chr13_63566316_63566849	Ptch1
Mouse Phenotype	MP:0004459	small alisphenoid bone	96	2.51E-03	1.00E+00	2.47E-01	1.13E+01	2.66E-01	3	2.71E-03	3.06E-02	174	5.64E-03	1.00E+00	3.06E-01	1.76E+01	1.14E-01	2	16	1.32E-02	1.25E-01	chr13_63563733_63564766,chr13_63566316_63566849,chr14_46387358_46388080	Bmp4,Ptch1
Mouse Phenotype	MP:0008377	absent malleus manubrium	97	2.52E-03	1.00E+00	2.46E-01	2.74E+01	7.31E-02	2	7.46E-04	2.04E-02	371	2.12E-02	1.00E+00	5.39E-01	4.69E+01	2.13E-02	1	3	6.58E-03	3.33E-01	chr13_53471407_53472168,chr13_53472662_53473247	Msx2
Mouse Phenotype	MP:0003345	decreased rib number	98	2.56E-03	1.00E+00	2.47E-01	5.35E+00	9.34E-01	5	9.53E-03	5.10E-02	229	8.67E-03	1.00E+00	3.58E-01	4.98E+00	8.03E-01	4	113	2.63E-02	3.54E-02	chr11_101658299_101659257,chr11_101964638_101965429,chr13_63563733_63564766,chr13_63566316_63566849,chr14_46387358_46388080	Arl4d,Bmp4,Meox1,Ptch1
Mouse Phenotype	MP:0011577	abnormal lipoprotein lipase activity	99	2.57E-03	1.00E+00	2.46E-01	2.71E+01	7.38E-02	2	7.53E-04	2.04E-02	829	6.88E-02	1.00E+00	7.85E-01	1.41E+01	7.10E-02	1	10	6.58E-03	1.00E-01	chr12_16589553_16589895,chr12_16590033_16592004	Lpin1
Mouse Phenotype	MP:0012544	abnormal caudal neuropore morphology	100	2.61E-03	1.00E+00	2.47E-01	2.69E+01	7.44E-02	2	7.59E-04	2.04E-02	108	2.17E-03	1.00E+00	1.90E-01	2.82E+01	7.10E-02	2	10	1.32E-02	2.00E-01	chr12_118847345_118851129,chr15_89174182_89175604	Plxnb2,Sp8
Mouse Phenotype	MP:0011803	double kidney pelvis	101	2.71E-03	1.00E+00	2.54E-01	3.69E+02	2.71E-03	1	2.77E-05	1.02E-02	280	1.42E-02	1.00E+00	4.78E-01	7.04E+01	1.42E-02	1	2	6.58E-03	5.00E-01	chr15_89174182_89175604	Plxnb2
Mouse Phenotype	MP:0000703	abnormal thymus morphology	102	2.71E-03	1.00E+00	2.51E-01	2.42E+00	5.37E+00	13	5.48E-02	1.33E-01	226	8.32E-03	1.00E+00	3.48E-01	2.44E+00	4.10E+00	10	577	6.58E-02	1.73E-02	chr10_68276719_68277215,chr11_100206147_100206767,chr11_96352608_96353722,chr13_40727364_40730800,chr13_63563733_63564766,chr13_63566316_63566849,chr16_30066210_30067176,chr17_35836387_35836777,chr17_83920344_83920701,chr17_84184827_84185319,chr17_84185496_84186847,chr2_118544289_118545050,chr8_84660555_84662042	Arid5b,Bmf,Cacna1a,Hes1,Hoxb1,Krt14,Mdc1,Ptch1,Tfap2a,Zfp36l2
Mouse Phenotype	MP:0009122	decreased white fat cell lipid droplet size	103	2.74E-03	1.00E+00	2.52E-01	2.62E+01	7.63E-02	2	7.79E-04	2.04E-02	660	4.87E-02	1.00E+00	6.98E-01	2.01E+01	4.97E-02	1	7	6.58E-03	1.43E-01	chr12_16589553_16589895,chr12_16590033_16592004	Lpin1
Mouse Phenotype	MP:0009339	decreased splenocyte number	104	2.79E-03	1.00E+00	2.53E-01	1.09E+01	2.76E-01	3	2.82E-03	3.06E-02	1579	2.21E-01	1.00E+00	1.00E+00	4.02E+00	2.49E-01	1	35	6.58E-03	2.86E-02	chr17_83920344_83920701,chr17_84184827_84185319,chr17_84185496_84186847	Zfp36l2
Mouse Phenotype	MP:0009332	abnormal splenocyte morphology	105	2.85E-03	1.00E+00	2.57E-01	6.89E+00	5.80E-01	4	5.92E-03	4.08E-02	1009	9.08E-02	1.00E+00	8.51E-01	3.96E+00	5.04E-01	2	71	1.32E-02	2.82E-02	chr17_83920344_83920701,chr17_84184827_84185319,chr17_84185496_84186847,chr2_118544289_118545050	Bmf,Zfp36l2
Mouse Phenotype	MP:0000049	abnormal middle ear morphology	106	2.87E-03	1.00E+00	2.56E-01	3.73E+00	1.88E+00	7	1.92E-02	7.14E-02	23	1.36E-04	1.00E+00	5.59E-02	7.68E+00	7.81E-01	6	110	3.95E-02	5.45E-02	chr11_96352608_96353722,chr13_40727364_40730800,chr13_53471407_53472168,chr13_53472662_53473247,chr14_46387358_46388080,chr2_71541880_71544776,chr2_71544955_71545796	Bmp4,Dlx1,Dlx2,Hoxb1,Msx2,Tfap2a
Mouse Phenotype	MP:0011580	abnormal triglyceride lipase activity	107	2.88E-03	1.00E+00	2.55E-01	2.55E+01	7.83E-02	2	7.99E-04	2.04E-02	877	7.54E-02	1.00E+00	8.14E-01	1.28E+01	7.81E-02	1	11	6.58E-03	9.09E-02	chr12_16589553_16589895,chr12_16590033_16592004	Lpin1
Mouse Phenotype	MP:0000562	polydactyly	108	2.89E-03	1.00E+00	2.53E-01	3.72E+00	1.88E+00	7	1.92E-02	7.14E-02	171	5.47E-03	1.00E+00	3.02E-01	4.45E+00	1.12E+00	5	158	3.29E-02	3.16E-02	chr13_40727364_40730800,chr13_53471407_53472168,chr13_53472662_53473247,chr13_63563733_63564766,chr13_63566316_63566849,chr14_46387358_46388080,chr7_100372146_100372354	Bmp4,C2cd3,Msx2,Ptch1,Tfap2a
Mouse Phenotype	MP:0003935	abnormal craniofacial development	109	2.89E-03	1.00E+00	2.51E-01	2.40E+00	5.41E+00	13	5.52E-02	1.33E-01	54	4.98E-04	1.00E+00	8.73E-02	3.60E+00	2.78E+00	10	391	6.58E-02	2.56E-02	chr11_96352608_96353722,chr13_40727364_40730800,chr13_53471407_53472168,chr13_53472662_53473247,chr13_63563733_63564766,chr13_63566316_63566849,chr14_46387358_46388080,chr16_30066210_30067176,chr2_71541880_71544776,chr2_71544955_71545796,chr2_75703196_75704248,chr4_133755923_133757903,chr5_134313576_134314029	Arid1a,Bmp4,Dlx2,Gtf2i,Hes1,Hoxb1,Msx2,Nfe2l2,Ptch1,Tfap2a
Mouse Phenotype	MP:0009293	decreased inguinal fat pad weight	110	2.99E-03	1.00E+00	2.57E-01	1.06E+01	2.83E-01	3	2.89E-03	3.06E-02	408	2.42E-02	1.00E+00	5.62E-01	8.28E+00	2.42E-01	2	34	1.32E-02	5.88E-02	chr12_16589553_16589895,chr12_16590033_16592004,chr8_124946584_124947555	Lpin1,Sprtn
Mouse Phenotype	MP:0002111	abnormal tail morphology	111	3.03E-03	1.00E+00	2.58E-01	2.50E+00	4.79E+00	12	4.89E-02	1.22E-01	31	1.84E-04	1.00E+00	5.63E-02	3.75E+00	2.93E+00	11	413	7.24E-02	2.66E-02	chr11_101964638_101965429,chr12_118847345_118851129,chr13_40727364_40730800,chr13_63563733_63564766,chr13_63566316_63566849,chr14_46387358_46388080,chr15_102982607_102983365,chr15_89174182_89175604,chr4_141326801_141327760,chr6_39204889_39205411,chr7_116032327_116033153,chr7_126781249_126781424	Bmp4,Epha2,Hoxc9,Kdm7a,Meox1,Plxnb2,Ptch1,Sox6,Sp8,Tbx6,Tfap2a
Mouse Phenotype	MP:0004733	abnormal thoracic cavity morphology	112	3.03E-03	1.00E+00	2.56E-01	1.05E+01	2.85E-01	3	2.90E-03	3.06E-02	340	1.80E-02	1.00E+00	4.99E-01	9.71E+00	2.06E-01	2	29	1.32E-02	6.90E-02	chr13_63563733_63564766,chr13_63566316_63566849,chr5_138992412_138994516	Pdgfa,Ptch1
Mouse Phenotype	MP:0000585	kinked tail	113	3.08E-03	1.00E+00	2.58E-01	4.24E+00	1.42E+00	6	1.44E-02	6.12E-02	101	2.08E-03	1.00E+00	1.94E-01	5.59E+00	8.95E-01	5	126	3.29E-02	3.97E-02	chr12_118847345_118851129,chr13_63563733_63564766,chr13_63566316_63566849,chr14_46387358_46388080,chr4_141326801_141327760,chr7_126781249_126781424	Bmp4,Epha2,Ptch1,Sp8,Tbx6
Mouse Phenotype	MP:0000588	thick tail	114	3.10E-03	1.00E+00	2.57E-01	2.46E+01	8.12E-02	2	8.29E-04	2.04E-02	829	6.88E-02	1.00E+00	7.85E-01	1.41E+01	7.10E-02	1	10	6.58E-03	1.00E-01	chr13_63563733_63564766,chr13_63566316_63566849	Ptch1
Mouse Phenotype	MP:0004739	conductive hearing loss	115	3.11E-03	1.00E+00	2.56E-01	1.04E+01	2.87E-01	3	2.93E-03	3.06E-02	160	4.95E-03	1.00E+00	2.93E-01	1.88E+01	1.07E-01	2	15	1.32E-02	1.33E-01	chr13_40727364_40730800,chr2_71541880_71544776,chr2_71544955_71545796	Dlx1,Tfap2a
Mouse Phenotype	MP:0003720	abnormal neural tube closure	116	3.16E-03	1.00E+00	2.58E-01	2.63E+00	4.19E+00	11	4.27E-02	1.12E-01	96	1.77E-03	1.00E+00	1.74E-01	3.29E+00	2.74E+00	9	385	5.92E-02	2.34E-02	chr12_118847345_118851129,chr13_40727364_40730800,chr13_53471407_53472168,chr13_53472662_53473247,chr13_63563733_63564766,chr13_63566316_63566849,chr15_89174182_89175604,chr16_30066210_30067176,chr4_133755923_133757903,chr4_134019055_134020274,chr5_138992412_138994516	Arid1a,Hes1,Lin28a,Msx2,Pdgfa,Plxnb2,Ptch1,Sp8,Tfap2a
Mouse Phenotype	MP:0001247	dermal cysts	117	3.23E-03	1.00E+00	2.61E-01	2.41E+01	8.30E-02	2	8.47E-04	2.04E-02	923	8.20E-02	1.00E+00	8.40E-01	1.17E+01	8.53E-02	1	12	6.58E-03	8.33E-02	chr13_63563733_63564766,chr13_63566316_63566849	Ptch1
Mouse Phenotype	MP:0004456	small pterygoid bone	118	3.24E-03	1.00E+00	2.60E-01	2.40E+01	8.32E-02	2	8.49E-04	2.04E-02	503	3.50E-02	1.00E+00	6.59E-01	2.82E+01	3.55E-02	1	5	6.58E-03	2.00E-01	chr2_71541880_71544776,chr2_71544955_71545796	Dlx2
Mouse Phenotype	MP:0001299	abnormal eye distance/ position	119	3.24E-03	1.00E+00	2.58E-01	5.07E+00	9.87E-01	5	1.01E-02	5.10E-02	125	2.79E-03	1.00E+00	2.11E-01	6.87E+00	5.83E-01	4	82	2.63E-02	4.88E-02	chr13_40727364_40730800,chr13_63563733_63564766,chr13_63566316_63566849,chr14_46387358_46388080,chr4_133755923_133757903	Arid1a,Bmp4,Ptch1,Tfap2a
Mouse Phenotype	MP:0009950	abnormal olfactory bulb internal plexiform layer morphology	120	3.26E-03	1.00E+00	2.57E-01	2.40E+01	8.33E-02	2	8.50E-04	2.04E-02	25	1.50E-04	1.00E+00	5.66E-02	9.38E+01	2.13E-02	2	3	1.32E-02	6.67E-01	chr12_118847345_118851129,chr15_89174182_89175604	Plxnb2,Sp8
Mouse Phenotype	MP:0000580	deformed nails	121	3.28E-03	1.00E+00	2.57E-01	2.39E+01	8.37E-02	2	8.54E-04	2.04E-02	771	6.22E-02	1.00E+00	7.62E-01	1.56E+01	6.39E-02	1	9	6.58E-03	1.11E-01	chr13_53471407_53472168,chr13_53472662_53473247	Msx2
Mouse Phenotype	MP:0001929	abnormal gametogenesis	122	3.29E-03	1.00E+00	2.55E-01	2.27E+00	6.16E+00	14	6.29E-02	1.43E-01	236	8.89E-03	1.00E+00	3.56E-01	2.20E+00	5.46E+00	12	769	7.89E-02	1.56E-02	chr10_68276719_68277215,chr10_80054157_80054700,chr10_80055087_80056206,chr11_87422538_87423866,chr12_16589553_16589895,chr12_16590033_16592004,chr13_63563733_63564766,chr13_63566316_63566849,chr14_46387358_46388080,chr17_35836387_35836777,chr4_134019055_134020274,chr5_138992412_138994516,chr7_6706261_6706761,chr7_82869018_82869904	Arid5b,Bmp4,Fancc,Gpx4,Lin28a,Lpin1,Mdc1,Mex3b,Pdgfa,Peg3,Ptch1,Tex14
Mouse Phenotype	MP:0000572	abnormal autopod morphology	123	3.29E-03	1.00E+00	2.53E-01	2.48E+00	4.84E+00	12	4.94E-02	1.22E-01	55	5.18E-04	1.00E+00	8.91E-02	3.58E+00	2.79E+00	10	393	6.58E-02	2.54E-02	chr11_100206147_100206767,chr12_118847345_118851129,chr13_40727364_40730800,chr13_53471407_53472168,chr13_53472662_53473247,chr13_63563733_63564766,chr13_63566316_63566849,chr14_46387358_46388080,chr15_102982607_102983365,chr2_118544289_118545050,chr7_100372146_100372354,chr7_116032327_116033153	Bmf,Bmp4,C2cd3,Hoxc8,Krt9,Msx2,Ptch1,Sox6,Sp8,Tfap2a
Mouse Phenotype	MP:0004624	abnormal thoracic cage morphology	124	3.45E-03	1.00E+00	2.63E-01	2.35E+00	5.52E+00	13	5.64E-02	1.33E-01	14	6.99E-05	6.61E-01	4.72E-02	3.61E+00	3.60E+00	13	507	8.55E-02	2.56E-02	chr10_68276719_68277215,chr11_101658299_101659257,chr11_101964638_101965429,chr11_96352608_96353722,chr13_40727364_40730800,chr13_63563733_63564766,chr13_63566316_63566849,chr14_46387358_46388080,chr15_102982607_102983365,chr5_138992412_138994516,chr6_39204889_39205411,chr7_116032327_116033153,chr7_126781249_126781424	Arid5b,Arl4d,Bmp4,Hoxb2,Hoxc8,Hoxc9,Kdm7a,Meox1,Pdgfa,Ptch1,Sox6,Tbx6,Tfap2a
Mouse Phenotype	MP:0000574	abnormal foot pad morphology	125	3.49E-03	1.00E+00	2.64E-01	1.00E+01	2.99E-01	3	3.06E-03	3.06E-02	315	1.57E-02	1.00E+00	4.70E-01	1.04E+01	1.92E-01	2	27	1.32E-02	7.41E-02	chr11_100206147_100206767,chr13_63563733_63564766,chr13_63566316_63566849	Krt9,Ptch1
Mouse Phenotype	MP:0008146	asymmetric sternocostal joints	126	3.52E-03	1.00E+00	2.64E-01	6.50E+00	6.16E-01	4	6.28E-03	4.08E-02	32	2.02E-04	1.00E+00	5.97E-02	1.37E+01	2.91E-01	4	41	2.63E-02	9.76E-02	chr10_68276719_68277215,chr13_63563733_63564766,chr13_63566316_63566849,chr15_102982607_102983365	Arid5b,Hoxc8,Hoxc9,Ptch1
Mouse Phenotype	MP:0030127	small stapes	127	3.55E-03	1.00E+00	2.64E-01	2.30E+01	8.71E-02	2	8.89E-04	2.04E-02	65	7.38E-04	1.00E+00	1.07E-01	4.69E+01	4.26E-02	2	6	1.32E-02	3.33E-01	chr2_71541880_71544776,chr2_71544955_71545796	Dlx1,Dlx2
Mouse Phenotype	MP:0003580	increased fibroma incidence	128	3.60E-03	1.00E+00	2.66E-01	2.28E+01	8.78E-02	2	8.96E-04	2.04E-02	829	6.88E-02	1.00E+00	7.85E-01	1.41E+01	7.10E-02	1	10	6.58E-03	1.00E-01	chr13_63563733_63564766,chr13_63566316_63566849	Ptch1
Mouse Phenotype	MP:0001106	abnormal Schwann cell morphology	129	3.60E-03	1.00E+00	2.64E-01	6.46E+00	6.20E-01	4	6.32E-03	4.08E-02	718	5.46E-02	1.00E+00	7.19E-01	5.31E+00	3.77E-01	2	53	1.32E-02	3.77E-02	chr12_16589553_16589895,chr12_16590033_16592004,chr9_55542234_55544237,chr9_55544680_55546400	Isl2,Lpin1
Mouse Phenotype	MP:0002557	abnormal social/conspecific interaction	130	3.63E-03	1.00E+00	2.64E-01	2.45E+00	4.90E+00	12	5.00E-02	1.22E-01	37	2.66E-04	1.00E+00	6.80E-02	3.90E+00	2.56E+00	10	361	6.58E-02	2.77E-02	chr10_68276719_68277215,chr10_80054157_80054700,chr10_80055087_80056206,chr11_96352608_96353722,chr12_16589553_16589895,chr12_16590033_16592004,chr13_40727364_40730800,chr4_134019055_134020274,chr6_118758397_118758711,chr6_36388037_36388580,chr7_6706261_6706761,chr8_84660555_84662042	Arid5b,Cacna1a,Cacna1c,Chrm2,Gpx4,Hoxb2,Lin28a,Lpin1,Peg3,Tfap2a
Mouse Phenotype	MP:0001105	abnormal PNS glial cell morphology	131	3.69E-03	1.00E+00	2.67E-01	6.41E+00	6.24E-01	4	6.37E-03	4.08E-02	751	5.64E-02	1.00E+00	7.11E-01	5.21E+00	3.84E-01	2	54	1.32E-02	3.70E-02	chr12_16589553_16589895,chr12_16590033_16592004,chr9_55542234_55544237,chr9_55544680_55546400	Isl2,Lpin1
Mouse Phenotype	MP:0008914	enlarged cerebellum	132	3.69E-03	1.00E+00	2.65E-01	2.25E+01	8.89E-02	2	9.08E-04	2.04E-02	581	4.19E-02	1.00E+00	6.82E-01	2.35E+01	4.26E-02	1	6	6.58E-03	1.67E-01	chr13_63563733_63564766,chr13_63566316_63566849	Ptch1
Mouse Phenotype	MP:0001598	abnormal blood viscosity	133	3.89E-03	1.00E+00	2.77E-01	2.57E+02	3.90E-03	1	3.98E-05	1.02E-02	200	7.10E-03	1.00E+00	3.36E-01	1.41E+02	7.10E-03	1	1	6.58E-03	1.00E+00	chr8_124946584_124947555	Egln1
Mouse Phenotype	MP:0000063	decreased bone mineral density	134	3.90E-03	1.00E+00	2.75E-01	2.91E+00	3.09E+00	9	3.16E-02	9.18E-02	213	7.40E-03	1.00E+00	3.28E-01	3.13E+00	2.24E+00	7	315	4.61E-02	2.22E-02	chr11_101658299_101659257,chr11_120186364_120189507,chr11_69399728_69400631,chr13_53471407_53472168,chr13_53472662_53473247,chr4_134019055_134020274,chr5_111006204_111007025,chr8_26117824_26118019,chr8_26118257_26118822	Arl4d,Cyb5d1,Hook3,Lin28a,Msx2,Slc38a10,Ttc28
Mouse Phenotype	MP:0005226	abnormal vertebral arch development	135	3.92E-03	1.00E+00	2.75E-01	9.61E+00	3.12E-01	3	3.18E-03	3.06E-02	77	9.07E-04	1.00E+00	1.11E-01	1.56E+01	1.92E-01	3	27	1.97E-02	1.11E-01	chr14_46387358_46388080,chr5_138992412_138994516,chr7_126781249_126781424	Bmp4,Pdgfa,Tbx6
Mouse Phenotype	MP:0001156	abnormal spermatogenesis	136	3.93E-03	1.00E+00	2.73E-01	2.42E+00	4.95E+00	12	5.05E-02	1.22E-01	307	1.47E-02	1.00E+00	4.53E-01	2.23E+00	4.48E+00	10	630	6.58E-02	1.59E-02	chr10_68276719_68277215,chr10_80054157_80054700,chr10_80055087_80056206,chr11_87422538_87423866,chr12_16589553_16589895,chr12_16590033_16592004,chr13_63563733_63564766,chr13_63566316_63566849,chr17_35836387_35836777,chr4_134019055_134020274,chr5_138992412_138994516,chr7_82869018_82869904	Arid5b,Fancc,Gpx4,Lin28a,Lpin1,Mdc1,Mex3b,Pdgfa,Ptch1,Tex14
Mouse Phenotype	MP:0000647	abnormal sebaceous gland morphology	137	3.94E-03	1.00E+00	2.72E-01	4.84E+00	1.03E+00	5	1.05E-02	5.10E-02	180	6.07E-03	1.00E+00	3.19E-01	5.52E+00	7.25E-01	4	102	2.63E-02	3.92E-02	chr13_63563733_63564766,chr13_63566316_63566849,chr6_39204889_39205411,chr6_60830285_60830625,chr7_19355987_19356721	Kdm7a,Ppp1r13l,Ptch1,Snca
Mouse Phenotype	MP:0000887	delaminated cerebellar granule layer	138	3.98E-03	1.00E+00	2.73E-01	2.16E+01	9.24E-02	2	9.43E-04	2.04E-02	371	2.12E-02	1.00E+00	5.39E-01	4.69E+01	2.13E-02	1	3	6.58E-03	3.33E-01	chr13_53471407_53472168,chr13_53472662_53473247	Msx2
Mouse Phenotype	MP:0001926	female infertility	139	4.09E-03	1.00E+00	2.78E-01	2.89E+00	3.11E+00	9	3.18E-02	9.18E-02	549	3.65E-02	1.00E+00	6.29E-01	2.46E+00	2.44E+00	6	344	3.95E-02	1.74E-02	chr10_68276719_68277215,chr12_16589553_16589895,chr12_16590033_16592004,chr13_63563733_63564766,chr13_63566316_63566849,chr17_83920344_83920701,chr17_84184827_84185319,chr17_84185496_84186847,chr7_19355987_19356721	Arid5b,Fancc,Lpin1,Ppp1r13l,Ptch1,Zfp36l2
Mouse Phenotype	MP:0003312	abnormal locomotor coordination	140	4.10E-03	1.00E+00	2.77E-01	2.07E+00	7.71E+00	16	7.87E-02	1.63E-01	144	3.56E-03	1.00E+00	2.34E-01	2.47E+00	4.85E+00	12	683	7.89E-02	1.76E-02	chr10_80054157_80054700,chr10_80055087_80056206,chr11_103697567_103698192,chr11_120186364_120189507,chr11_96352608_96353722,chr12_16589553_16589895,chr12_16590033_16592004,chr13_63563733_63564766,chr13_63566316_63566849,chr15_102982607_102983365,chr6_121069244_121070033,chr6_48840815_48841662,chr6_60830285_60830625,chr8_26117824_26118019,chr8_26118257_26118822,chr8_84660555_84662042	Bahcc1,Bid,Cacna1a,Gosr2,Gpx4,Hoxb1,Hoxc8,Lpin1,Ptch1,Rnf170,Snca,Tmem176b
Mouse Phenotype	MP:0004378	frontal bone foramen	141	4.11E-03	1.00E+00	2.75E-01	2.13E+01	9.39E-02	2	9.58E-04	2.04E-02	581	4.19E-02	1.00E+00	6.82E-01	2.35E+01	4.26E-02	1	6	6.58E-03	1.67E-01	chr13_53471407_53472168,chr13_53472662_53473247	Msx2
Mouse Phenotype	MP:0011934	abnormal branching involved in pancreas development	142	4.19E-03	1.00E+00	2.79E-01	2.11E+01	9.49E-02	2	9.69E-04	2.04E-02	581	4.19E-02	1.00E+00	6.82E-01	2.35E+01	4.26E-02	1	6	6.58E-03	1.67E-01	chr13_63563733_63564766,chr13_63566316_63566849	Ptch1
Mouse Phenotype	MP:0000333	decreased bone marrow cell number	143	4.23E-03	1.00E+00	2.80E-01	3.97E+00	1.51E+00	6	1.54E-02	6.12E-02	413	2.48E-02	1.00E+00	5.68E-01	3.63E+00	1.10E+00	4	155	2.63E-02	2.58E-02	chr10_68276719_68277215,chr13_63563733_63564766,chr17_83920344_83920701,chr17_84184827_84185319,chr17_84185496_84186847,chr8_84660555_84662042	Arid5b,Cacna1a,Fancc,Zfp36l2
Mouse Phenotype	MP:0004460	alisphenoid bone hypoplasia	144	4.23E-03	1.00E+00	2.78E-01	2.10E+01	9.54E-02	2	9.73E-04	2.04E-02	503	3.50E-02	1.00E+00	6.59E-01	2.82E+01	3.55E-02	1	5	6.58E-03	2.00E-01	chr13_63563733_63564766,chr13_63566316_63566849	Ptch1
Mouse Phenotype	MP:0000154	rib fusion	145	4.25E-03	1.00E+00	2.77E-01	4.75E+00	1.05E+00	5	1.07E-02	5.10E-02	62	6.46E-04	1.00E+00	9.85E-02	7.26E+00	6.89E-01	5	97	3.29E-02	5.15E-02	chr11_101964638_101965429,chr14_46387358_46388080,chr15_102982607_102983365,chr5_138992412_138994516,chr7_126781249_126781424	Bmp4,Hoxc9,Meox1,Pdgfa,Tbx6
Mouse Phenotype	MP:0000459	abnormal presacral vertebrae morphology	146	4.25E-03	1.00E+00	2.76E-01	2.87E+00	3.13E+00	9	3.20E-02	9.18E-02	16	7.32E-05	6.92E-01	4.33E-02	4.57E+00	2.19E+00	10	308	6.58E-02	3.25E-02	chr11_101658299_101659257,chr11_96352608_96353722,chr12_118847345_118851129,chr14_46387358_46388080,chr15_102982607_102983365,chr3_89280734_89281464,chr5_111006204_111007025,chr6_39204889_39205411,chr7_126781249_126781424	Arl4d,Bmp4,Efna1,Hoxb2,Hoxc8,Hoxc9,Kdm7a,Sp8,Tbx6,Ttc28
Mouse Phenotype	MP:0000455	abnormal maxilla morphology	147	4.27E-03	1.00E+00	2.75E-01	3.12E+00	2.56E+00	8	2.61E-02	8.16E-02	7	2.31E-05	2.19E-01	3.12E-02	6.87E+00	1.17E+00	8	164	5.26E-02	4.88E-02	chr10_68276719_68277215,chr11_120186364_120189507,chr13_40727364_40730800,chr14_46387358_46388080,chr2_71541880_71544776,chr2_71544955_71545796,chr4_133755923_133757903,chr5_111006204_111007025	Arid1a,Arid5b,Bmp4,Dlx1,Dlx2,Slc38a10,Tfap2a,Ttc28
Mouse Phenotype	MP:0000150	abnormal rib morphology	148	4.30E-03	1.00E+00	2.75E-01	2.67E+00	3.74E+00	10	3.82E-02	1.02E-01	45	3.83E-04	1.00E+00	8.04E-02	3.72E+00	2.69E+00	10	378	6.58E-02	2.65E-02	chr11_101658299_101659257,chr11_101964638_101965429,chr13_40727364_40730800,chr13_63563733_63564766,chr13_63566316_63566849,chr14_46387358_46388080,chr15_102982607_102983365,chr5_138992412_138994516,chr6_39204889_39205411,chr7_126781249_126781424	Arl4d,Bmp4,Hoxc8,Hoxc9,Kdm7a,Meox1,Pdgfa,Ptch1,Tbx6,Tfap2a
Mouse Phenotype	MP:0003857	abnormal hindlimb zeugopod morphology	149	4.41E-03	1.00E+00	2.80E-01	2.86E+00	3.15E+00	9	3.22E-02	9.18E-02	120	2.57E-03	1.00E+00	2.02E-01	3.80E+00	1.84E+00	7	259	4.61E-02	2.70E-02	chr10_68276719_68277215,chr12_118847345_118851129,chr13_53471407_53472168,chr13_53472662_53473247,chr14_46387358_46388080,chr5_111006204_111007025,chr7_116032327_116033153,chr8_26117824_26118019,chr8_26118257_26118822	Arid5b,Bmp4,Hook3,Msx2,Sox6,Sp8,Ttc28
Mouse Phenotype	MP:0001292	abnormal lens vesicle development	150	4.44E-03	1.00E+00	2.80E-01	9.19E+00	3.26E-01	3	3.33E-03	3.06E-02	174	5.64E-03	1.00E+00	3.06E-01	1.76E+01	1.14E-01	2	16	1.32E-02	1.25E-01	chr13_40727364_40730800,chr13_53471407_53472168,chr13_53472662_53473247	Msx2,Tfap2a
Mouse Phenotype	MP:0002764	short tibia	151	4.52E-03	1.00E+00	2.83E-01	3.43E+00	2.04E+00	7	2.08E-02	7.14E-02	217	7.77E-03	1.00E+00	3.38E-01	4.09E+00	1.22E+00	5	172	3.29E-02	2.91E-02	chr10_68276719_68277215,chr12_118847345_118851129,chr13_53471407_53472168,chr13_53472662_53473247,chr5_111006204_111007025,chr8_26117824_26118019,chr8_26118257_26118822	Arid5b,Hook3,Msx2,Sp8,Ttc28
Mouse Phenotype	MP:0003634	abnormal glial cell morphology	152	4.54E-03	1.00E+00	2.83E-01	2.50E+00	4.40E+00	11	4.49E-02	1.12E-01	249	1.03E-02	1.00E+00	3.92E-01	2.69E+00	2.98E+00	8	419	5.26E-02	1.91E-02	chr10_80054157_80054700,chr10_80055087_80056206,chr12_16589553_16589895,chr12_16590033_16592004,chr15_89174182_89175604,chr16_30066210_30067176,chr2_75703196_75704248,chr6_121069244_121070033,chr6_60830285_60830625,chr9_55542234_55544237,chr9_55544680_55546400	Bid,Gpx4,Hes1,Isl2,Lpin1,Nfe2l2,Plxnb2,Snca
Mouse Phenotype	MP:0000955	abnormal spinal cord morphology	153	4.54E-03	1.00E+00	2.81E-01	2.50E+00	4.40E+00	11	4.49E-02	1.12E-01	133	3.15E-03	1.00E+00	2.24E-01	3.29E+00	2.43E+00	8	342	5.26E-02	2.34E-02	chr11_96352608_96353722,chr13_40727364_40730800,chr13_53471407_53472168,chr13_53472662_53473247,chr13_63563733_63564766,chr13_63566316_63566849,chr15_102982607_102983365,chr16_30066210_30067176,chr6_60830285_60830625,chr9_55542234_55544237,chr9_55544680_55546400	Hes1,Hoxb1,Hoxc8,Isl2,Msx2,Ptch1,Snca,Tfap2a
Mouse Phenotype	MP:0001697	abnormal embryo size	154	4.65E-03	1.00E+00	2.86E-01	2.11E+00	7.10E+00	15	7.25E-02	1.53E-01	314	1.54E-02	1.00E+00	4.65E-01	2.12E+00	5.19E+00	11	731	7.24E-02	1.50E-02	chr10_80054157_80054700,chr10_80055087_80056206,chr12_16589553_16589895,chr12_16590033_16592004,chr13_40727364_40730800,chr13_53471407_53472168,chr13_53472662_53473247,chr13_63563733_63564766,chr13_63566316_63566849,chr16_30066210_30067176,chr2_75703196_75704248,chr4_133755923_133757903,chr4_134019055_134020274,chr5_134313576_134314029,chr5_138992412_138994516	Arid1a,Gpx4,Gtf2i,Hes1,Lin28a,Lpin1,Msx2,Nfe2l2,Pdgfa,Ptch1,Tfap2a
Mouse Phenotype	MP:0009120	abnormal white fat cell lipid droplet size	155	4.69E-03	1.00E+00	2.86E-01	1.99E+01	1.01E-01	2	1.03E-03	2.04E-02	829	6.88E-02	1.00E+00	7.85E-01	1.41E+01	7.10E-02	1	10	6.58E-03	1.00E-01	chr12_16589553_16589895,chr12_16590033_16592004	Lpin1
Mouse Phenotype	MP:0003723	abnormal long bone morphology	156	4.72E-03	1.00E+00	2.86E-01	2.11E+00	7.12E+00	15	7.26E-02	1.53E-01	83	1.09E-03	1.00E+00	1.24E-01	2.85E+00	4.21E+00	12	592	7.89E-02	2.03E-02	chr10_68276719_68277215,chr11_101964638_101965429,chr11_120186364_120189507,chr12_118847345_118851129,chr13_40727364_40730800,chr13_53471407_53472168,chr13_53472662_53473247,chr13_63563733_63564766,chr13_63566316_63566849,chr14_46387358_46388080,chr15_102982607_102983365,chr5_111006204_111007025,chr7_116032327_116033153,chr8_26117824_26118019,chr8_26118257_26118822	Arid5b,Bmp4,Hook3,Hoxc8,Msx2,Ptch1,Slc38a10,Sost,Sox6,Sp8,Tfap2a,Ttc28
Mouse Phenotype	MP:0001068	abnormal mandibular nerve branching	157	4.81E-03	1.00E+00	2.90E-01	1.96E+01	1.02E-01	2	1.04E-03	2.04E-02	503	3.50E-02	1.00E+00	6.59E-01	2.82E+01	3.55E-02	1	5	6.58E-03	2.00E-01	chr2_71541880_71544776,chr2_71544955_71545796	Dlx2
Mouse Phenotype	MP:0001676	abnormal apical ectodermal ridge morphology	158	4.84E-03	1.00E+00	2.90E-01	5.93E+00	6.74E-01	4	6.88E-03	4.08E-02	121	2.66E-03	1.00E+00	2.08E-01	1.08E+01	2.77E-01	3	39	1.97E-02	7.69E-02	chr12_118847345_118851129,chr13_53471407_53472168,chr13_53472662_53473247,chr14_46387358_46388080	Bmp4,Msx2,Sp8
Mouse Phenotype	MP:0000373	belly spot	159	4.90E-03	1.00E+00	2.92E-01	5.91E+00	6.77E-01	4	6.90E-03	4.08E-02	127	2.86E-03	1.00E+00	2.13E-01	1.06E+01	2.84E-01	3	40	1.97E-02	7.50E-02	chr13_40727364_40730800,chr13_63563733_63564766,chr13_63566316_63566849,chr15_89174182_89175604	Plxnb2,Ptch1,Tfap2a
Mouse Phenotype	MP:0012524	abnormal lower lip morphology	160	4.99E-03	1.00E+00	2.95E-01	2.00E+02	5.01E-03	1	5.11E-05	1.02E-02	12	5.01E-05	4.74E-01	3.95E-02	1.41E+02	1.42E-02	2	2	1.32E-02	1.00E+00	chr11_96352608_96353722	Hoxb1,Hoxb2
Mouse Phenotype	MP:0009800	abnormal mandibular nerve morphology	161	5.00E-03	1.00E+00	2.94E-01	1.92E+01	1.04E-01	2	1.06E-03	2.04E-02	581	4.19E-02	1.00E+00	6.82E-01	2.35E+01	4.26E-02	1	6	6.58E-03	1.67E-01	chr2_71541880_71544776,chr2_71544955_71545796	Dlx2
Mouse Phenotype	MP:0009647	decreased fertilization frequency	162	5.00E-03	1.00E+00	2.92E-01	1.92E+01	1.04E-01	2	1.06E-03	2.04E-02	1232	1.33E-01	1.00E+00	1.00E+00	7.04E+00	1.42E-01	1	20	6.58E-03	5.00E-02	chr10_80054157_80054700,chr10_80055087_80056206	Gpx4
Mouse Phenotype	MP:0005274	abnormal viscerocranium morphology	163	5.08E-03	1.00E+00	2.95E-01	2.16E+00	6.47E+00	14	6.60E-02	1.43E-01	43	3.39E-04	1.00E+00	7.45E-02	3.26E+00	3.68E+00	12	518	7.89E-02	2.32E-02	chr10_68276719_68277215,chr11_120186364_120189507,chr11_96352608_96353722,chr13_40727364_40730800,chr13_53471407_53472168,chr13_53472662_53473247,chr13_63563733_63564766,chr13_63566316_63566849,chr14_46387358_46388080,chr2_71541880_71544776,chr2_71544955_71545796,chr2_75703196_75704248,chr4_133755923_133757903,chr5_111006204_111007025	Arid1a,Arid5b,Bmp4,Dlx1,Dlx2,Hoxb1,Msx2,Nfe2l2,Ptch1,Slc38a10,Tfap2a,Ttc28
Mouse Phenotype	MP:0000704	abnormal thymus development	164	5.10E-03	1.00E+00	2.94E-01	8.74E+00	3.43E-01	3	3.50E-03	3.06E-02	1514	1.98E-01	1.00E+00	1.00E+00	4.54E+00	2.20E-01	1	31	6.58E-03	3.23E-02	chr17_83920344_83920701,chr17_84184827_84185319,chr17_84185496_84186847	Zfp36l2
Mouse Phenotype	MP:0012675	enlarged floor plate	165	5.18E-03	1.00E+00	2.97E-01	1.89E+01	1.06E-01	2	1.08E-03	2.04E-02	978	8.85E-02	1.00E+00	8.56E-01	1.08E+01	9.24E-02	1	13	6.58E-03	7.69E-02	chr13_63563733_63564766,chr13_63566316_63566849	Ptch1
Mouse Phenotype	MP:0011760	abnormal ureteric bud tip morphology	166	5.23E-03	1.00E+00	2.98E-01	1.88E+01	1.06E-01	2	1.09E-03	2.04E-02	65	7.38E-04	1.00E+00	1.07E-01	4.69E+01	4.26E-02	2	6	1.32E-02	3.33E-01	chr15_89174182_89175604,chr3_37642698_37643251	Plxnb2,Spry1
Mouse Phenotype	MP:0011088	neonatal lethality, incomplete penetrance	167	5.25E-03	1.00E+00	2.97E-01	2.34E+00	5.14E+00	12	5.24E-02	1.22E-01	10	2.92E-05	2.76E-01	2.76E-02	4.23E+00	2.83E+00	12	399	7.89E-02	3.01E-02	chr10_68276719_68277215,chr11_96352608_96353722,chr13_40727364_40730800,chr15_89174182_89175604,chr2_71541880_71544776,chr2_71544955_71545796,chr4_134019055_134020274,chr7_116032327_116033153,chr7_82869018_82869904,chr8_84660555_84662042,chr9_55542234_55544237,chr9_55544680_55546400	Arid5b,Cacna1a,Dlx1,Dlx2,Hoxb1,Hoxb2,Isl2,Lin28a,Mex3b,Plxnb2,Sox6,Tfap2a
Mouse Phenotype	MP:0000592	short tail	168	5.29E-03	1.00E+00	2.98E-01	3.79E+00	1.58E+00	6	1.62E-02	6.12E-02	84	1.19E-03	1.00E+00	1.34E-01	6.34E+00	7.89E-01	5	111	3.29E-02	4.50E-02	chr13_63563733_63564766,chr13_63566316_63566849,chr14_46387358_46388080,chr4_141326801_141327760,chr7_116032327_116033153,chr7_126781249_126781424	Bmp4,Epha2,Ptch1,Sox6,Tbx6
Mouse Phenotype	MP:0000913	abnormal brain development	169	5.43E-03	1.00E+00	3.04E-01	1.91E+00	9.42E+00	18	9.61E-02	1.84E-01	33	2.02E-04	1.00E+00	5.80E-02	2.80E+00	5.72E+00	16	805	1.05E-01	1.99E-02	chr11_96352608_96353722,chr12_118847345_118851129,chr13_40727364_40730800,chr13_53471407_53472168,chr13_53472662_53473247,chr13_63563733_63564766,chr13_63566316_63566849,chr14_46387358_46388080,chr15_89174182_89175604,chr16_30066210_30067176,chr2_71541880_71544776,chr2_71544955_71545796,chr4_134019055_134020274,chr5_134313576_134314029,chr6_48840815_48841662,chr7_100372146_100372354,chr8_124946584_124947555,chr8_84660555_84662042	Bmp4,C2cd3,Cacna1a,Dlx2,Egln1,Gtf2i,Hes1,Hoxb1,Hoxb2,Lin28a,Msx2,Plxnb2,Ptch1,Sp8,Tfap2a,Tmem176b
Mouse Phenotype	MP:0005107	abnormal stapes morphology	170	5.44E-03	1.00E+00	3.03E-01	5.74E+00	6.97E-01	4	7.11E-03	4.08E-02	46	4.05E-04	1.00E+00	8.32E-02	1.15E+01	3.48E-01	4	49	2.63E-02	8.16E-02	chr11_96352608_96353722,chr13_40727364_40730800,chr2_71541880_71544776,chr2_71544955_71545796	Dlx1,Dlx2,Hoxb1,Tfap2a
Mouse Phenotype	MP:0001062	absent oculomotor nerve	171	5.57E-03	1.00E+00	3.08E-01	1.82E+01	1.10E-01	2	1.12E-03	2.04E-02	65	7.38E-04	1.00E+00	1.07E-01	4.69E+01	4.26E-02	2	6	1.32E-02	3.33E-01	chr13_40727364_40730800,chr16_30066210_30067176	Hes1,Tfap2a
Mouse Phenotype	MP:0002447	abnormal erythrocyte morphology	172	5.62E-03	1.00E+00	3.09E-01	2.14E+00	6.55E+00	14	6.68E-02	1.43E-01	500	3.46E-02	1.00E+00	6.55E-01	1.87E+00	5.89E+00	11	829	7.24E-02	1.33E-02	chr11_120186364_120189507,chr11_69399728_69400631,chr11_70233509_70233695,chr13_63563733_63564766,chr14_46387358_46388080,chr17_83920344_83920701,chr17_84184827_84185319,chr17_84185496_84186847,chr2_75703196_75704248,chr5_111006204_111007025,chr5_138195378_138196719,chr8_124946584_124947555,chr8_26117824_26118019,chr8_26118257_26118822	Bcl6b,Bmp4,Cyb5d1,Egln1,Fancc,Hook3,Nfe2l2,Nxpe5,Slc38a10,Ttc28,Zfp36l2
Mouse Phenotype	MP:0009250	abnormal appendicular skeleton morphology	173	5.68E-03	1.00E+00	3.10E-01	1.95E+00	8.71E+00	17	8.89E-02	1.73E-01	15	7.23E-05	6.84E-01	4.56E-02	3.06E+00	5.23E+00	16	736	1.05E-01	2.17E-02	chr10_68276719_68277215,chr11_101964638_101965429,chr11_120186364_120189507,chr11_96352608_96353722,chr12_118847345_118851129,chr13_40727364_40730800,chr13_53471407_53472168,chr13_53472662_53473247,chr13_63563733_63564766,chr13_63566316_63566849,chr14_46387358_46388080,chr15_102982607_102983365,chr5_111006204_111007025,chr5_138992412_138994516,chr7_116032327_116033153,chr8_26117824_26118019,chr8_26118257_26118822	Arid5b,Bmp4,Hook3,Hoxb2,Hoxc8,Hoxc9,Meox1,Msx2,Pdgfa,Ptch1,Slc38a10,Sost,Sox6,Sp8,Tfap2a,Ttc28
Mouse Phenotype	MP:0011486	ectopic ureter	174	5.69E-03	1.00E+00	3.09E-01	1.80E+01	1.11E-01	2	1.13E-03	2.04E-02	82	1.03E-03	1.00E+00	1.19E-01	4.02E+01	4.97E-02	2	7	1.32E-02	2.86E-01	chr14_46387358_46388080,chr3_37642698_37643251	Bmp4,Spry1
Mouse Phenotype	MP:0004500	increased incidence of tumors by ionizing radiation induction	175	5.85E-03	1.00E+00	3.16E-01	1.77E+01	1.13E-01	2	1.15E-03	2.04E-02	1203	1.27E-01	1.00E+00	9.96E-01	7.41E+00	1.35E-01	1	19	6.58E-03	5.26E-02	chr13_63563733_63564766,chr13_63566316_63566849	Ptch1
Mouse Phenotype	MP:0002650	abnormal ameloblast morphology	176	5.86E-03	1.00E+00	3.15E-01	8.31E+00	3.61E-01	3	3.68E-03	3.06E-02	300	1.46E-02	1.00E+00	4.59E-01	1.08E+01	1.85E-01	2	26	1.32E-02	7.69E-02	chr13_53471407_53472168,chr13_53472662_53473247,chr2_75703196_75704248	Msx2,Nfe2l2
Mouse Phenotype	MP:0006326	conductive hearing impairment	177	6.01E-03	1.00E+00	3.21E-01	8.23E+00	3.64E-01	3	3.72E-03	3.06E-02	184	6.36E-03	1.00E+00	3.27E-01	1.66E+01	1.21E-01	2	17	1.32E-02	1.18E-01	chr13_40727364_40730800,chr2_71541880_71544776,chr2_71544955_71545796	Dlx1,Tfap2a
Mouse Phenotype	MP:0008785	abnormal sternum manubrium morphology	178	6.02E-03	1.00E+00	3.20E-01	1.75E+01	1.14E-01	2	1.17E-03	2.04E-02	725	5.55E-02	1.00E+00	7.23E-01	1.76E+01	5.68E-02	1	8	6.58E-03	1.25E-01	chr13_63563733_63564766,chr13_63566316_63566849	Ptch1
Mouse Phenotype	MP:0004625	abnormal rib joint	179	6.05E-03	1.00E+00	3.19E-01	4.36E+00	1.15E+00	5	1.17E-02	5.10E-02	69	7.42E-04	1.00E+00	1.02E-01	7.04E+00	7.10E-01	5	100	3.29E-02	5.00E-02	chr10_68276719_68277215,chr13_63563733_63564766,chr13_63566316_63566849,chr14_46387358_46388080,chr15_102982607_102983365	Arid5b,Bmp4,Hoxc8,Hoxc9,Ptch1
Mouse Phenotype	MP:0001524	impaired limb coordination	180	6.07E-03	1.00E+00	3.19E-01	4.36E+00	1.15E+00	5	1.17E-02	5.10E-02	304	1.47E-02	1.00E+00	4.56E-01	5.86E+00	5.12E-01	3	72	1.97E-02	4.17E-02	chr12_16589553_16589895,chr12_16590033_16592004,chr8_26117824_26118019,chr8_26118257_26118822,chr8_84660555_84662042	Cacna1a,Lpin1,Rnf170
Mouse Phenotype	MP:0003189	fused joints	181	6.08E-03	1.00E+00	3.18E-01	3.24E+00	2.16E+00	7	2.20E-02	7.14E-02	85	1.29E-03	1.00E+00	1.44E-01	5.03E+00	1.19E+00	6	168	3.95E-02	3.57E-02	chr11_101964638_101965429,chr12_118847345_118851129,chr13_63563733_63564766,chr13_63566316_63566849,chr14_46387358_46388080,chr5_111006204_111007025,chr7_126781249_126781424	Bmp4,Meox1,Ptch1,Sp8,Tbx6,Ttc28
Mouse Phenotype	MP:0000367	abnormal coat/ hair morphology	182	6.10E-03	1.00E+00	3.17E-01	2.12E+00	6.61E+00	14	6.74E-02	1.43E-01	192	6.67E-03	1.00E+00	3.29E-01	2.39E+00	4.60E+00	11	648	7.24E-02	1.70E-02	chr11_100206147_100206767,chr12_16589553_16589895,chr12_16590033_16592004,chr13_40727364_40730800,chr13_53471407_53472168,chr13_53472662_53473247,chr13_63563733_63564766,chr13_63566316_63566849,chr15_89174182_89175604,chr16_5254419_5255117,chr19_57119757_57120427,chr3_50442906_50443889,chr7_19355987_19356721,chr8_84660555_84662042	Afap1l2,Alg1,Cacna1a,Krt14,Lpin1,Msx2,Plxnb2,Ppp1r13l,Ptch1,Slc7a11,Tfap2a
Mouse Phenotype	MP:0012652	decreased catalase level	183	6.16E-03	1.00E+00	3.18E-01	1.62E+02	6.18E-03	1	6.30E-05	1.02E-02	200	7.10E-03	1.00E+00	3.36E-01	1.41E+02	7.10E-03	1	1	6.58E-03	1.00E+00	chr2_75703196_75704248	Nfe2l2
Mouse Phenotype	MP:0000418	focal hair loss	184	6.17E-03	1.00E+00	3.17E-01	8.15E+00	3.68E-01	3	3.75E-03	3.06E-02	566	3.91E-02	1.00E+00	6.52E-01	6.40E+00	3.13E-01	2	44	1.32E-02	4.55E-02	chr11_100206147_100206767,chr13_63563733_63564766,chr13_63566316_63566849	Krt14,Ptch1
Mouse Phenotype	MP:0006020	decreased tympanic ring size	185	6.23E-03	1.00E+00	3.19E-01	8.12E+00	3.69E-01	3	3.77E-03	3.06E-02	50	4.90E-04	1.00E+00	9.27E-02	1.92E+01	1.56E-01	3	22	1.97E-02	1.36E-01	chr14_46387358_46388080,chr2_71541880_71544776,chr2_71544955_71545796	Bmp4,Dlx1,Dlx2
Mouse Phenotype	MP:0006320	abnormal interscapular fat pad morphology	186	6.28E-03	1.00E+00	3.19E-01	8.10E+00	3.70E-01	3	3.78E-03	3.06E-02	340	1.80E-02	1.00E+00	4.99E-01	9.71E+00	2.06E-01	2	29	1.32E-02	6.90E-02	chr12_16589553_16589895,chr12_16590033_16592004,chr8_124946584_124947555	Lpin1,Sprtn
Mouse Phenotype	MP:0014138	abnormal germ layer morphology	187	6.41E-03	1.00E+00	3.24E-01	3.21E+00	2.18E+00	7	2.22E-02	7.14E-02	97	1.79E-03	1.00E+00	1.74E-01	4.72E+00	1.27E+00	6	179	3.95E-02	3.35E-02	chr12_118847345_118851129,chr13_53471407_53472168,chr13_53472662_53473247,chr14_46387358_46388080,chr4_133755923_133757903,chr4_141326801_141327760,chr7_126781249_126781424	Arid1a,Bmp4,Epha2,Msx2,Sp8,Tbx6
Mouse Phenotype	MP:0005563	abnormal hemoglobin content	188	6.41E-03	1.00E+00	3.23E-01	3.21E+00	2.18E+00	7	2.22E-02	7.14E-02	627	4.39E-02	1.00E+00	6.62E-01	2.61E+00	1.92E+00	5	270	3.29E-02	1.85E-02	chr11_120186364_120189507,chr13_63563733_63564766,chr17_83920344_83920701,chr17_84184827_84185319,chr17_84185496_84186847,chr2_75703196_75704248,chr8_124946584_124947555	Egln1,Fancc,Nfe2l2,Slc38a10,Zfp36l2
Mouse Phenotype	MP:0005249	abnormal palatine bone morphology	189	6.42E-03	1.00E+00	3.21E-01	5.47E+00	7.31E-01	4	7.46E-03	4.08E-02	165	5.10E-03	1.00E+00	2.92E-01	8.62E+00	3.48E-01	3	49	1.97E-02	6.12E-02	chr10_68276719_68277215,chr2_71541880_71544776,chr2_71544955_71545796,chr4_133755923_133757903	Arid1a,Arid5b,Dlx2
Mouse Phenotype	MP:0004720	abnormal platelet morphology	190	6.45E-03	1.00E+00	3.21E-01	2.91E+00	2.75E+00	8	2.80E-02	8.16E-02	495	3.23E-02	1.00E+00	6.18E-01	2.53E+00	2.37E+00	6	334	3.95E-02	1.80E-02	chr11_120186364_120189507,chr13_63563733_63564766,chr17_83920344_83920701,chr17_84184827_84185319,chr17_84185496_84186847,chr2_75703196_75704248,chr3_50442906_50443889,chr8_124946584_124947555	Egln1,Fancc,Nfe2l2,Slc38a10,Slc7a11,Zfp36l2
Mouse Phenotype	MP:0004473	absent nasal bone	191	6.48E-03	1.00E+00	3.21E-01	1.68E+01	1.19E-01	2	1.21E-03	2.04E-02	86	1.37E-03	1.00E+00	1.50E-01	3.52E+01	5.68E-02	2	8	1.32E-02	2.50E-01	chr13_40727364_40730800,chr14_46387358_46388080	Bmp4,Tfap2a
Mouse Phenotype	MP:0002020	increased tumor incidence	192	6.56E-03	1.00E+00	3.23E-01	2.10E+00	6.67E+00	14	6.80E-02	1.43E-01	178	5.93E-03	1.00E+00	3.15E-01	2.32E+00	5.18E+00	12	729	7.89E-02	1.65E-02	chr11_100206147_100206767,chr13_63563733_63564766,chr13_63566316_63566849,chr17_83920344_83920701,chr17_84184827_84185319,chr17_84185496_84186847,chr2_118544289_118545050,chr2_174428666_174429601,chr2_75703196_75704248,chr3_37642698_37643251,chr3_50442906_50443889,chr3_89280734_89281464,chr4_133755923_133757903,chr4_141326801_141327760	Arid1a,Bmf,Ctsz,Efna1,Epha2,Krt14,Krt9,Nfe2l2,Ptch1,Slc7a11,Spry1,Zfp36l2
Mouse Phenotype	MP:0000108	midline facial cleft	193	6.67E-03	1.00E+00	3.27E-01	7.92E+00	3.79E-01	3	3.86E-03	3.06E-02	77	9.07E-04	1.00E+00	1.11E-01	1.56E+01	1.92E-01	3	27	1.97E-02	1.11E-01	chr13_40727364_40730800,chr5_134313576_134314029,chr5_138992412_138994516	Gtf2i,Pdgfa,Tfap2a
Mouse Phenotype	MP:0000137	abnormal vertebrae morphology	194	6.72E-03	1.00E+00	3.28E-01	2.17E+00	5.99E+00	13	6.11E-02	1.33E-01	13	5.80E-05	5.48E-01	4.22E-02	3.46E+00	4.05E+00	14	570	9.21E-02	2.46E-02	chr10_68276719_68277215,chr11_101658299_101659257,chr11_101964638_101965429,chr11_96352608_96353722,chr12_118847345_118851129,chr14_46387358_46388080,chr15_102982607_102983365,chr3_89280734_89281464,chr4_141326801_141327760,chr5_111006204_111007025,chr5_138992412_138994516,chr6_39204889_39205411,chr7_126781249_126781424	Arid5b,Arl4d,Bmp4,Efna1,Epha2,Hoxb2,Hoxc8,Hoxc9,Kdm7a,Meox1,Pdgfa,Sp8,Tbx6,Ttc28
Mouse Phenotype	MP:0005157	holoprosencephaly	195	6.89E-03	1.00E+00	3.34E-01	5.36E+00	7.46E-01	4	7.62E-03	4.08E-02	218	7.77E-03	1.00E+00	3.37E-01	7.41E+00	4.05E-01	3	57	1.97E-02	5.26E-02	chr12_118847345_118851129,chr13_63563733_63564766,chr13_63566316_63566849,chr14_46387358_46388080	Bmp4,Ptch1,Sp8
Mouse Phenotype	MP:0011999	abnormal tail length	196	6.92E-03	1.00E+00	3.34E-01	3.58E+00	1.68E+00	6	1.71E-02	6.12E-02	88	1.44E-03	1.00E+00	1.55E-01	6.07E+00	8.24E-01	5	116	3.29E-02	4.31E-02	chr13_63563733_63564766,chr13_63566316_63566849,chr14_46387358_46388080,chr4_141326801_141327760,chr7_116032327_116033153,chr7_126781249_126781424	Bmp4,Epha2,Ptch1,Sox6,Tbx6
Mouse Phenotype	MP:0000379	decreased hair follicle number	197	7.01E-03	1.00E+00	3.36E-01	5.33E+00	7.50E-01	4	7.65E-03	4.08E-02	311	1.52E-02	1.00E+00	4.63E-01	5.78E+00	5.19E-01	3	73	1.97E-02	4.11E-02	chr11_100206147_100206767,chr13_53471407_53472168,chr13_53472662_53473247,chr14_46387358_46388080	Bmp4,Krt14,Msx2
Mouse Phenotype	MP:0014146	decreased white adipose tissue mass	198	7.06E-03	1.00E+00	3.37E-01	1.61E+01	1.24E-01	2	1.27E-03	2.04E-02	829	6.88E-02	1.00E+00	7.85E-01	1.41E+01	7.10E-02	1	10	6.58E-03	1.00E-01	chr12_16589553_16589895,chr12_16590033_16592004	Lpin1
Mouse Phenotype	MP:0004686	decreased length of long bones	199	7.15E-03	1.00E+00	3.40E-01	2.48E+00	4.03E+00	10	4.11E-02	1.02E-01	246	1.00E-02	1.00E+00	3.85E-01	2.95E+00	2.37E+00	7	334	4.61E-02	2.10E-02	chr10_68276719_68277215,chr11_120186364_120189507,chr12_118847345_118851129,chr13_53471407_53472168,chr13_53472662_53473247,chr13_63563733_63564766,chr13_63566316_63566849,chr5_111006204_111007025,chr8_26117824_26118019,chr8_26118257_26118822	Arid5b,Hook3,Msx2,Ptch1,Slc38a10,Sp8,Ttc28
Mouse Phenotype	MP:0000104	abnormal sphenoid bone morphology	200	7.20E-03	1.00E+00	3.40E-01	3.55E+00	1.69E+00	6	1.73E-02	6.12E-02	64	7.09E-04	1.00E+00	1.05E-01	7.11E+00	7.03E-01	5	99	3.29E-02	5.05E-02	chr10_68276719_68277215,chr13_63563733_63564766,chr13_63566316_63566849,chr14_46387358_46388080,chr2_71541880_71544776,chr2_71544955_71545796	Arid5b,Bmp4,Dlx1,Dlx2,Ptch1
Mouse Phenotype	MP:0003110	absent malleus processus brevis	201	7.27E-03	1.00E+00	3.42E-01	1.58E+01	1.26E-01	2	1.29E-03	2.04E-02	581	4.19E-02	1.00E+00	6.82E-01	2.35E+01	4.26E-02	1	6	6.58E-03	1.67E-01	chr13_53471407_53472168,chr13_53472662_53473247	Msx2
Mouse Phenotype	MP:0000208	decreased hematocrit	202	7.37E-03	1.00E+00	3.45E-01	3.53E+00	1.70E+00	6	1.73E-02	6.12E-02	748	5.62E-02	1.00E+00	7.11E-01	2.79E+00	1.44E+00	4	202	2.63E-02	1.98E-02	chr17_83920344_83920701,chr17_84184827_84185319,chr17_84185496_84186847,chr2_75703196_75704248,chr5_111006204_111007025,chr8_124946584_124947555	Egln1,Nfe2l2,Ttc28,Zfp36l2
Mouse Phenotype	MP:0009395	increased nucleated erythrocyte cell number	203	7.46E-03	1.00E+00	3.48E-01	7.61E+00	3.94E-01	3	4.03E-03	3.06E-02	1733	2.75E-01	1.00E+00	1.00E+00	3.13E+00	3.20E-01	1	45	6.58E-03	2.22E-02	chr17_83920344_83920701,chr17_84184827_84185319,chr17_84185496_84186847	Zfp36l2
Mouse Phenotype	MP:0004594	abnormal mandibular coronoid process morphology	204	7.47E-03	1.00E+00	3.46E-01	7.60E+00	3.95E-01	3	4.03E-03	3.06E-02	258	1.15E-02	1.00E+00	4.22E-01	1.22E+01	1.63E-01	2	23	1.32E-02	8.70E-02	chr13_63563733_63564766,chr13_63566316_63566849,chr14_46387358_46388080	Bmp4,Ptch1
Mouse Phenotype	MP:0014139	abnormal ectoderm morphology	205	7.47E-03	1.00E+00	3.45E-01	5.23E+00	7.64E-01	4	7.80E-03	4.08E-02	150	4.01E-03	1.00E+00	2.53E-01	9.38E+00	3.20E-01	3	45	1.97E-02	6.67E-02	chr12_118847345_118851129,chr13_53471407_53472168,chr13_53472662_53473247,chr14_46387358_46388080	Bmp4,Msx2,Sp8
Mouse Phenotype	MP:0000149	abnormal scapula morphology	206	7.50E-03	1.00E+00	3.44E-01	4.14E+00	1.21E+00	5	1.23E-02	5.10E-02	270	1.26E-02	1.00E+00	4.41E-01	6.21E+00	4.83E-01	3	68	1.97E-02	4.41E-02	chr13_53471407_53472168,chr13_53472662_53473247,chr13_63563733_63564766,chr13_63566316_63566849,chr5_138992412_138994516	Msx2,Pdgfa,Ptch1
Mouse Phenotype	MP:0013640	increased bone stiffness	207	7.57E-03	1.00E+00	3.46E-01	1.32E+02	7.60E-03	1	7.75E-05	1.02E-02	280	1.42E-02	1.00E+00	4.78E-01	7.04E+01	1.42E-02	1	2	6.58E-03	5.00E-01	chr11_101964638_101965429	Sost
Mouse Phenotype	MP:0003401	enlarged tail bud	208	7.60E-03	1.00E+00	3.45E-01	1.31E+02	7.63E-03	1	7.78E-05	1.02E-02	371	2.12E-02	1.00E+00	5.39E-01	4.69E+01	2.13E-02	1	3	6.58E-03	3.33E-01	chr7_126781249_126781424	Tbx6
Mouse Phenotype	MP:0000443	abnormal snout morphology	209	7.62E-03	1.00E+00	3.45E-01	2.83E+00	2.83E+00	8	2.89E-02	8.16E-02	70	7.52E-04	1.00E+00	1.02E-01	4.71E+00	1.48E+00	7	209	4.61E-02	3.35E-02	chr10_68276719_68277215,chr13_40727364_40730800,chr13_53471407_53472168,chr13_53472662_53473247,chr14_46387358_46388080,chr4_133755923_133757903,chr5_134313576_134314029,chr7_116032327_116033153	Arid1a,Arid5b,Bmp4,Gtf2i,Msx2,Sox6,Tfap2a
Mouse Phenotype	MP:0000558	abnormal tibia morphology	210	7.67E-03	1.00E+00	3.45E-01	2.82E+00	2.83E+00	8	2.89E-02	8.16E-02	215	7.46E-03	1.00E+00	3.28E-01	3.52E+00	1.71E+00	6	240	3.95E-02	2.50E-02	chr10_68276719_68277215,chr12_118847345_118851129,chr13_53471407_53472168,chr13_53472662_53473247,chr5_111006204_111007025,chr7_116032327_116033153,chr8_26117824_26118019,chr8_26118257_26118822	Arid5b,Hook3,Msx2,Sox6,Sp8,Ttc28
Mouse Phenotype	MP:0009199	abnormal external male genitalia morphology	211	7.92E-03	1.00E+00	3.55E-01	5.15E+00	7.77E-01	4	7.93E-03	4.08E-02	179	6.02E-03	1.00E+00	3.18E-01	8.12E+00	3.69E-01	3	52	1.97E-02	5.77E-02	chr13_63563733_63564766,chr13_63566316_63566849,chr14_46387358_46388080,chr6_60830285_60830625	Bmp4,Ptch1,Snca
Mouse Phenotype	MP:0003190	fused synovial joints	212	8.05E-03	1.00E+00	3.59E-01	1.50E+01	1.33E-01	2	1.36E-03	2.04E-02	581	4.19E-02	1.00E+00	6.82E-01	2.35E+01	4.26E-02	1	6	6.58E-03	1.67E-01	chr13_63563733_63564766,chr13_63566316_63566849	Ptch1
Mouse Phenotype	MP:0001922	reduced male fertility	213	8.11E-03	1.00E+00	3.60E-01	2.80E+00	2.86E+00	8	2.92E-02	8.16E-02	145	3.65E-03	1.00E+00	2.38E-01	3.57E+00	1.96E+00	7	276	4.61E-02	2.54E-02	chr10_68276719_68277215,chr10_80054157_80054700,chr10_80055087_80056206,chr4_134019055_134020274,chr5_134313576_134314029,chr7_19355987_19356721,chr7_82869018_82869904,chr8_84660555_84662042	Arid5b,Cacna1a,Gpx4,Gtf2i,Lin28a,Mex3b,Ppp1r13l
Mouse Phenotype	MP:0006343	enlarged first pharyngeal arch	214	8.11E-03	1.00E+00	3.59E-01	1.50E+01	1.34E-01	2	1.36E-03	2.04E-02	437	2.81E-02	1.00E+00	6.09E-01	3.52E+01	2.84E-02	1	4	6.58E-03	2.50E-01	chr13_63563733_63564766,chr13_63566316_63566849	Ptch1
Mouse Phenotype	MP:0003841	abnormal lambdoidal suture morphology	215	8.18E-03	1.00E+00	3.60E-01	1.49E+01	1.34E-01	2	1.37E-03	2.04E-02	660	4.87E-02	1.00E+00	6.98E-01	2.01E+01	4.97E-02	1	7	6.58E-03	1.43E-01	chr13_63563733_63564766,chr13_63566316_63566849	Ptch1
Mouse Phenotype	MP:0000029	abnormal malleus morphology	216	8.22E-03	1.00E+00	3.60E-01	5.09E+00	7.86E-01	4	8.02E-03	4.08E-02	127	2.86E-03	1.00E+00	2.13E-01	1.06E+01	2.84E-01	3	40	1.97E-02	7.50E-02	chr11_96352608_96353722,chr13_40727364_40730800,chr13_53471407_53472168,chr13_53472662_53473247	Hoxb1,Msx2,Tfap2a
Mouse Phenotype	MP:0002657	chondrodystrophy	217	8.26E-03	1.00E+00	3.60E-01	7.33E+00	4.10E-01	3	4.18E-03	3.06E-02	315	1.57E-02	1.00E+00	4.70E-01	1.04E+01	1.92E-01	2	27	1.32E-02	7.41E-02	chr13_53471407_53472168,chr13_53472662_53473247,chr7_116032327_116033153	Msx2,Sox6
Mouse Phenotype	MP:0000872	abnormal cerebellum external granule cell layer morphology	218	8.31E-03	1.00E+00	3.61E-01	4.04E+00	1.24E+00	5	1.26E-02	5.10E-02	125	2.79E-03	1.00E+00	2.11E-01	6.87E+00	5.83E-01	4	82	2.63E-02	4.88E-02	chr13_63563733_63564766,chr13_63566316_63566849,chr15_89174182_89175604,chr6_48840815_48841662,chr8_84660555_84662042	Cacna1a,Plxnb2,Ptch1,Tmem176b
Mouse Phenotype	MP:0006207	embryonic lethality during organogenesis	219	8.34E-03	1.00E+00	3.60E-01	1.83E+00	9.83E+00	18	1.00E-01	1.84E-01	141	3.29E-03	1.00E+00	2.21E-01	2.22E+00	6.77E+00	15	953	9.87E-02	1.57E-02	chr11_69919322_69920053,chr12_16589553_16589895,chr12_16590033_16592004,chr13_53471407_53472168,chr13_53472662_53473247,chr13_63563733_63564766,chr13_63566316_63566849,chr14_46387358_46388080,chr16_30066210_30067176,chr2_75703196_75704248,chr4_133755923_133757903,chr4_134019055_134020274,chr5_134313576_134314029,chr5_138992412_138994516,chr7_100372146_100372354,chr7_126781249_126781424,chr7_6706261_6706761,chr8_124946584_124947555	Arid1a,Bmp4,C2cd3,Egln1,Gps2,Gtf2i,Hes1,Lin28a,Lpin1,Msx2,Nfe2l2,Pdgfa,Peg3,Ptch1,Tbx6
Mouse Phenotype	MP:0011898	abnormal platelet cell number	220	8.37E-03	1.00E+00	3.60E-01	3.05E+00	2.29E+00	7	2.34E-02	7.14E-02	639	4.56E-02	1.00E+00	6.75E-01	2.58E+00	1.94E+00	5	273	3.29E-02	1.83E-02	chr11_120186364_120189507,chr13_63563733_63564766,chr17_83920344_83920701,chr17_84184827_84185319,chr17_84185496_84186847,chr2_75703196_75704248,chr8_124946584_124947555	Egln1,Fancc,Nfe2l2,Slc38a10,Zfp36l2
Mouse Phenotype	MP:0004199	increased fetal size	221	8.38E-03	1.00E+00	3.58E-01	1.47E+01	1.36E-01	2	1.39E-03	2.04E-02	829	6.88E-02	1.00E+00	7.85E-01	1.41E+01	7.10E-02	1	10	6.58E-03	1.00E-01	chr13_63563733_63564766,chr13_63566316_63566849	Ptch1
Mouse Phenotype	MP:0006282	abnormal spinal cord dorsal horn morphology	222	8.39E-03	1.00E+00	3.58E-01	1.47E+01	1.36E-01	2	1.39E-03	2.04E-02	184	6.36E-03	1.00E+00	3.27E-01	1.66E+01	1.21E-01	2	17	1.32E-02	1.18E-01	chr11_96352608_96353722,chr15_102982607_102983365	Hoxb1,Hoxc8
Mouse Phenotype	MP:0000886	abnormal cerebellar granule layer morphology	223	8.40E-03	1.00E+00	3.56E-01	3.43E+00	1.75E+00	6	1.78E-02	6.12E-02	113	2.22E-03	1.00E+00	1.86E-01	5.50E+00	9.09E-01	5	128	3.29E-02	3.91E-02	chr13_53471407_53472168,chr13_53472662_53473247,chr15_89174182_89175604,chr6_121069244_121070033,chr6_48840815_48841662,chr8_84660555_84662042	Bid,Cacna1a,Msx2,Plxnb2,Tmem176b
Mouse Phenotype	MP:0006108	abnormal hindbrain development	224	8.46E-03	1.00E+00	3.57E-01	2.78E+00	2.88E+00	8	2.94E-02	8.16E-02	75	8.40E-04	1.00E+00	1.06E-01	4.63E+00	1.51E+00	7	213	4.61E-02	3.29E-02	chr11_96352608_96353722,chr13_53471407_53472168,chr13_53472662_53473247,chr13_63563733_63564766,chr13_63566316_63566849,chr15_89174182_89175604,chr6_48840815_48841662,chr8_84660555_84662042	Cacna1a,Hoxb1,Hoxb2,Msx2,Plxnb2,Ptch1,Tmem176b
Mouse Phenotype	MP:0002110	abnormal digit morphology	225	8.48E-03	1.00E+00	3.56E-01	2.42E+00	4.13E+00	10	4.22E-02	1.02E-01	118	2.53E-03	1.00E+00	2.03E-01	3.41E+00	2.34E+00	8	330	5.26E-02	2.42E-02	chr12_118847345_118851129,chr13_40727364_40730800,chr13_53471407_53472168,chr13_53472662_53473247,chr13_63563733_63564766,chr13_63566316_63566849,chr14_46387358_46388080,chr15_102982607_102983365,chr2_118544289_118545050,chr7_100372146_100372354	Bmf,Bmp4,C2cd3,Hoxc8,Msx2,Ptch1,Sp8,Tfap2a
Mouse Phenotype	MP:0002019	abnormal tumor incidence	226	8.52E-03	1.00E+00	3.57E-01	1.97E+00	7.60E+00	15	7.76E-02	1.53E-01	212	7.35E-03	1.00E+00	3.28E-01	2.17E+00	6.00E+00	13	845	8.55E-02	1.54E-02	chr11_100206147_100206767,chr13_63563733_63564766,chr13_63566316_63566849,chr16_30066210_30067176,chr17_83920344_83920701,chr17_84184827_84185319,chr17_84185496_84186847,chr2_118544289_118545050,chr2_174428666_174429601,chr2_75703196_75704248,chr3_37642698_37643251,chr3_50442906_50443889,chr3_89280734_89281464,chr4_133755923_133757903,chr4_141326801_141327760	Arid1a,Bmf,Ctsz,Efna1,Epha2,Hes1,Krt14,Krt9,Nfe2l2,Ptch1,Slc7a11,Spry1,Zfp36l2
Mouse Phenotype	MP:0010119	abnormal bone mineral density	227	8.60E-03	1.00E+00	3.58E-01	2.41E+00	4.14E+00	10	4.23E-02	1.02E-01	249	1.03E-02	1.00E+00	3.92E-01	2.69E+00	2.98E+00	8	419	5.26E-02	1.91E-02	chr11_101658299_101659257,chr11_101964638_101965429,chr11_120186364_120189507,chr11_69399728_69400631,chr13_53471407_53472168,chr13_53472662_53473247,chr4_134019055_134020274,chr5_111006204_111007025,chr8_26117824_26118019,chr8_26118257_26118822	Arl4d,Cyb5d1,Hook3,Lin28a,Msx2,Slc38a10,Sost,Ttc28
Mouse Phenotype	MP:0009743	preaxial polydactyly	228	8.60E-03	1.00E+00	3.57E-01	7.22E+00	4.16E-01	3	4.24E-03	3.06E-02	566	3.91E-02	1.00E+00	6.52E-01	6.40E+00	3.13E-01	2	44	1.32E-02	4.55E-02	chr13_63563733_63564766,chr13_63566316_63566849,chr14_46387358_46388080	Bmp4,Ptch1
Mouse Phenotype	MP:0002116	abnormal craniofacial bone morphology	229	8.63E-03	1.00E+00	3.56E-01	1.87E+00	9.10E+00	17	9.28E-02	1.73E-01	34	2.26E-04	1.00E+00	6.29E-02	2.89E+00	5.19E+00	15	730	9.87E-02	2.05E-02	chr10_68276719_68277215,chr11_101964638_101965429,chr11_120186364_120189507,chr11_96352608_96353722,chr13_40727364_40730800,chr13_53471407_53472168,chr13_53472662_53473247,chr13_63563733_63564766,chr13_63566316_63566849,chr14_46387358_46388080,chr2_71541880_71544776,chr2_71544955_71545796,chr2_75703196_75704248,chr4_133755923_133757903,chr5_111006204_111007025,chr5_138992412_138994516,chr8_124946584_124947555	Arid1a,Arid5b,Bmp4,Dlx1,Dlx2,Egln1,Hoxb1,Meox1,Msx2,Nfe2l2,Pdgfa,Ptch1,Slc38a10,Tfap2a,Ttc28
Mouse Phenotype	MP:0008503	abnormal spinal cord grey matter morphology	230	8.65E-03	1.00E+00	3.56E-01	2.76E+00	2.89E+00	8	2.95E-02	8.16E-02	194	6.76E-03	1.00E+00	3.30E-01	3.59E+00	1.67E+00	6	235	3.95E-02	2.55E-02	chr11_96352608_96353722,chr13_40727364_40730800,chr13_63563733_63564766,chr13_63566316_63566849,chr15_102982607_102983365,chr6_60830285_60830625,chr9_55542234_55544237,chr9_55544680_55546400	Hoxb1,Hoxc8,Isl2,Ptch1,Snca,Tfap2a
Mouse Phenotype	MP:0000753	paralysis	231	8.73E-03	1.00E+00	3.58E-01	3.40E+00	1.76E+00	6	1.80E-02	6.12E-02	157	4.65E-03	1.00E+00	2.80E-01	4.63E+00	1.08E+00	5	152	3.29E-02	3.29E-02	chr11_96352608_96353722,chr12_16589553_16589895,chr12_16590033_16592004,chr13_63563733_63564766,chr13_63566316_63566849,chr8_84660555_84662042	Cacna1a,Hoxb1,Hoxb2,Lpin1,Ptch1
Mouse Phenotype	MP:0001272	increased metastatic potential	232	8.80E-03	1.00E+00	3.59E-01	4.99E+00	8.02E-01	4	8.18E-03	4.08E-02	361	2.00E-02	1.00E+00	5.25E-01	5.21E+00	5.75E-01	3	81	1.97E-02	3.70E-02	chr13_63563733_63564766,chr13_63566316_63566849,chr4_133755923_133757903,chr4_141326801_141327760	Arid1a,Epha2,Ptch1
Mouse Phenotype	MP:0001108	absent Schwann cells	233	8.83E-03	1.00E+00	3.58E-01	1.43E+01	1.40E-01	2	1.43E-03	2.04E-02	437	2.81E-02	1.00E+00	6.09E-01	3.52E+01	2.84E-02	1	4	6.58E-03	2.50E-01	chr9_55542234_55544237,chr9_55544680_55546400	Isl2
Mouse Phenotype	MP:0002113	abnormal skeleton development	234	8.85E-03	1.00E+00	3.58E-01	2.10E+00	6.20E+00	13	6.32E-02	1.33E-01	80	9.75E-04	1.00E+00	1.15E-01	3.07E+00	3.58E+00	11	504	7.24E-02	2.18E-02	chr10_68276719_68277215,chr10_80055087_80056206,chr11_101964638_101965429,chr13_53471407_53472168,chr13_53472662_53473247,chr13_63563733_63564766,chr13_63566316_63566849,chr14_46387358_46388080,chr15_102982607_102983365,chr4_141326801_141327760,chr5_138992412_138994516,chr7_116032327_116033153,chr7_126781249_126781424	Arid5b,Bmp4,Epha2,Hoxc9,Meox1,Msx2,Pdgfa,Ptch1,Sbno2,Sox6,Tbx6
Mouse Phenotype	MP:0002006	neoplasm	235	8.94E-03	1.00E+00	3.60E-01	1.91E+00	8.38E+00	16	8.55E-02	1.63E-01	199	7.07E-03	1.00E+00	3.36E-01	2.10E+00	6.66E+00	14	938	9.21E-02	1.49E-02	chr10_86836857_86837177,chr11_100206147_100206767,chr13_63563733_63564766,chr13_63566316_63566849,chr16_30066210_30067176,chr17_83920344_83920701,chr17_84184827_84185319,chr17_84185496_84186847,chr2_118544289_118545050,chr2_174428666_174429601,chr2_75703196_75704248,chr3_37642698_37643251,chr3_50442906_50443889,chr3_89280734_89281464,chr4_133755923_133757903,chr4_141326801_141327760	Arid1a,Bmf,Ctsz,Efna1,Epha2,Hes1,Krt14,Krt9,Nfe2l2,Ptch1,Slc7a11,Spry1,Stab2,Zfp36l2
Mouse Phenotype	MP:0013550	abnormal secondary palate morphology	236	8.95E-03	1.00E+00	3.59E-01	2.75E+00	2.91E+00	8	2.97E-02	8.16E-02	244	9.99E-03	1.00E+00	3.87E-01	3.85E+00	1.30E+00	5	183	3.29E-02	2.73E-02	chr10_68276719_68277215,chr13_40727364_40730800,chr13_53471407_53472168,chr13_53472662_53473247,chr13_63563733_63564766,chr13_63566316_63566849,chr2_71541880_71544776,chr2_71544955_71545796	Arid5b,Dlx2,Msx2,Ptch1,Tfap2a
Mouse Phenotype	MP:0010324	abnormal malleus processus brevis morphology	237	8.98E-03	1.00E+00	3.59E-01	1.42E+01	1.41E-01	2	1.44E-03	2.04E-02	725	5.55E-02	1.00E+00	7.23E-01	1.76E+01	5.68E-02	1	8	6.58E-03	1.25E-01	chr13_53471407_53472168,chr13_53472662_53473247	Msx2
Mouse Phenotype	MP:0011655	abnormal systemic artery morphology	238	9.00E-03	1.00E+00	3.58E-01	2.55E+00	3.53E+00	9	3.60E-02	9.18E-02	230	8.71E-03	1.00E+00	3.58E-01	3.03E+00	2.31E+00	7	325	4.61E-02	2.15E-02	chr12_16589553_16589895,chr12_16590033_16592004,chr13_40727364_40730800,chr13_53471407_53472168,chr13_53472662_53473247,chr14_46387358_46388080,chr2_71541880_71544776,chr2_71544955_71545796,chr2_75703196_75704248	Bmp4,Dlx1,Dlx2,Lpin1,Msx2,Nfe2l2,Tfap2a
Mouse Phenotype	MP:0004691	absent pubis	239	9.25E-03	1.00E+00	3.66E-01	1.40E+01	1.43E-01	2	1.46E-03	2.04E-02	503	3.50E-02	1.00E+00	6.59E-01	2.82E+01	3.55E-02	1	5	6.58E-03	2.00E-01	chr13_53471407_53472168,chr13_53472662_53473247	Msx2
Mouse Phenotype	MP:0011504	abnormal limb long bone morphology	240	9.32E-03	1.00E+00	3.67E-01	2.17E+00	5.54E+00	12	5.65E-02	1.22E-01	92	1.65E-03	1.00E+00	1.69E-01	3.07E+00	3.25E+00	10	458	6.58E-02	2.18E-02	chr10_68276719_68277215,chr11_101964638_101965429,chr12_118847345_118851129,chr13_40727364_40730800,chr13_53471407_53472168,chr13_53472662_53473247,chr14_46387358_46388080,chr15_102982607_102983365,chr5_111006204_111007025,chr7_116032327_116033153,chr8_26117824_26118019,chr8_26118257_26118822	Arid5b,Bmp4,Hook3,Hoxc8,Msx2,Sost,Sox6,Sp8,Tfap2a,Ttc28
Mouse Phenotype	MP:0012799	absent rhombomere 4	241	9.33E-03	1.00E+00	3.66E-01	1.07E+02	9.37E-03	1	9.57E-05	1.02E-02	280	1.42E-02	1.00E+00	4.78E-01	7.04E+01	1.42E-02	1	2	6.58E-03	5.00E-01	chr11_96352608_96353722	Hoxb1
Mouse Phenotype	MP:0013224	absent second pharyngeal pouch	241	9.33E-03	1.00E+00	3.66E-01	1.07E+02	9.37E-03	1	9.57E-05	1.02E-02	280	1.42E-02	1.00E+00	4.78E-01	7.04E+01	1.42E-02	1	2	6.58E-03	5.00E-01	chr11_96352608_96353722	Hoxb1
Mouse Phenotype	MP:0004384	small interparietal bone	243	9.45E-03	1.00E+00	3.68E-01	6.97E+00	4.30E-01	3	4.39E-03	3.06E-02	264	1.25E-02	1.00E+00	4.47E-01	1.17E+01	1.71E-01	2	24	1.32E-02	8.33E-02	chr13_53471407_53472168,chr13_53472662_53473247,chr14_46387358_46388080	Bmp4,Msx2
Mouse Phenotype	MP:0001510	abnormal coat appearance	244	9.57E-03	1.00E+00	3.71E-01	2.08E+00	6.26E+00	13	6.39E-02	1.33E-01	274	1.33E-02	1.00E+00	4.58E-01	2.27E+00	4.40E+00	10	620	6.58E-02	1.61E-02	chr11_100206147_100206767,chr12_16589553_16589895,chr12_16590033_16592004,chr13_40727364_40730800,chr13_53471407_53472168,chr13_53472662_53473247,chr13_63563733_63564766,chr13_63566316_63566849,chr15_89174182_89175604,chr16_5254419_5255117,chr3_50442906_50443889,chr7_19355987_19356721,chr8_84660555_84662042	Alg1,Cacna1a,Krt14,Lpin1,Msx2,Plxnb2,Ppp1r13l,Ptch1,Slc7a11,Tfap2a
Mouse Phenotype	MP:0001300	ocular hypertelorism	245	9.59E-03	1.00E+00	3.70E-01	6.93E+00	4.33E-01	3	4.42E-03	3.06E-02	399	2.16E-02	1.00E+00	5.13E-01	8.80E+00	2.27E-01	2	32	1.32E-02	6.25E-02	chr13_40727364_40730800,chr13_63563733_63564766,chr13_63566316_63566849	Ptch1,Tfap2a
Mouse Phenotype	MP:0003257	abnormal abdominal wall morphology	246	9.62E-03	1.00E+00	3.70E-01	3.89E+00	1.28E+00	5	1.31E-02	5.10E-02	482	3.03E-02	1.00E+00	5.94E-01	4.44E+00	6.75E-01	3	95	1.97E-02	3.16E-02	chr13_53471407_53472168,chr13_53472662_53473247,chr13_63563733_63564766,chr13_63566316_63566849,chr14_46387358_46388080	Bmp4,Msx2,Ptch1
Mouse Phenotype	MP:0004444	small supraoccipital bone	247	9.69E-03	1.00E+00	3.71E-01	1.36E+01	1.47E-01	2	1.50E-03	2.04E-02	725	5.55E-02	1.00E+00	7.23E-01	1.76E+01	5.68E-02	1	8	6.58E-03	1.25E-01	chr13_53471407_53472168,chr13_53472662_53473247	Msx2
Mouse Phenotype	MP:0001312	abnormal cornea morphology	248	9.72E-03	1.00E+00	3.71E-01	2.96E+00	2.36E+00	7	2.41E-02	7.14E-02	142	3.34E-03	1.00E+00	2.23E-01	4.16E+00	1.44E+00	6	203	3.95E-02	2.96E-02	chr11_100206147_100206767,chr13_40727364_40730800,chr13_53471407_53472168,chr13_53472662_53473247,chr14_46387358_46388080,chr6_121069244_121070033,chr7_19355987_19356721	Bid,Bmp4,Krt14,Msx2,Ppp1r13l,Tfap2a
Mouse Phenotype	MP:0000958	peripheral nervous system degeneration	249	9.84E-03	1.00E+00	3.74E-01	1.35E+01	1.48E-01	2	1.51E-03	2.04E-02	829	6.88E-02	1.00E+00	7.85E-01	1.41E+01	7.10E-02	1	10	6.58E-03	1.00E-01	chr12_16589553_16589895,chr12_16590033_16592004	Lpin1
Mouse Phenotype	MP:0003975	increased circulating VLDL triglyceride level	250	9.84E-03	1.00E+00	3.72E-01	1.35E+01	1.48E-01	2	1.51E-03	2.04E-02	1021	9.50E-02	1.00E+00	8.80E-01	1.01E+01	9.95E-02	1	14	6.58E-03	7.14E-02	chr12_16589553_16589895,chr12_16590033_16592004	Lpin1
Mouse Phenotype	MP:0002938	white spotting	251	9.91E-03	1.00E+00	3.73E-01	4.82E+00	8.30E-01	4	8.47E-03	4.08E-02	183	6.35E-03	1.00E+00	3.28E-01	7.97E+00	3.77E-01	3	53	1.97E-02	5.66E-02	chr13_40727364_40730800,chr13_63563733_63564766,chr13_63566316_63566849,chr15_89174182_89175604	Plxnb2,Ptch1,Tfap2a
Mouse Phenotype	MP:0005227	abnormal vertebral body development	252	1.01E-02	1.00E+00	3.79E-01	1.33E+01	1.50E-01	2	1.53E-03	2.04E-02	134	3.16E-03	1.00E+00	2.23E-01	2.35E+01	8.53E-02	2	12	1.32E-02	1.67E-01	chr14_46387358_46388080,chr7_126781249_126781424	Bmp4,Tbx6
Mouse Phenotype	MP:0009917	abnormal hyoid bone body morphology	253	1.03E-02	1.00E+00	3.83E-01	1.32E+01	1.51E-01	2	1.54E-03	2.04E-02	94	1.75E-03	1.00E+00	1.76E-01	3.13E+01	6.39E-02	2	9	1.32E-02	2.22E-01	chr2_71541880_71544776,chr2_71544955_71545796	Dlx1,Dlx2
Mouse Phenotype	MP:0002109	abnormal limb morphology	254	1.03E-02	1.00E+00	3.82E-01	1.83E+00	9.27E+00	17	9.46E-02	1.73E-01	107	2.17E-03	1.00E+00	1.92E-01	2.40E+00	5.83E+00	14	820	9.21E-02	1.71E-02	chr10_68276719_68277215,chr11_100206147_100206767,chr11_101964638_101965429,chr12_118847345_118851129,chr13_40727364_40730800,chr13_53471407_53472168,chr13_53472662_53473247,chr13_63563733_63564766,chr13_63566316_63566849,chr14_46387358_46388080,chr15_102982607_102983365,chr2_118544289_118545050,chr5_111006204_111007025,chr7_100372146_100372354,chr7_116032327_116033153,chr8_26117824_26118019,chr8_26118257_26118822	Arid5b,Bmf,Bmp4,C2cd3,Hook3,Hoxc8,Krt9,Msx2,Ptch1,Sost,Sox6,Sp8,Tfap2a,Ttc28
Mouse Phenotype	MP:0004537	abnormal palatine bone horizontal plate morphology	255	1.04E-02	1.00E+00	3.84E-01	6.74E+00	4.45E-01	3	4.54E-03	3.06E-02	340	1.80E-02	1.00E+00	4.99E-01	9.71E+00	2.06E-01	2	29	1.32E-02	6.90E-02	chr10_68276719_68277215,chr2_71541880_71544776,chr2_71544955_71545796	Arid5b,Dlx2
Mouse Phenotype	MP:0000843	absent facial nuclei	256	1.04E-02	1.00E+00	3.83E-01	9.60E+01	1.04E-02	1	1.06E-04	1.02E-02	25	1.50E-04	1.00E+00	5.66E-02	9.38E+01	2.13E-02	2	3	1.32E-02	6.67E-01	chr11_96352608_96353722	Hoxb1,Hoxb2
Mouse Phenotype	MP:0002166	altered tumor susceptibility	257	1.04E-02	1.00E+00	3.83E-01	1.93E+00	7.78E+00	15	7.94E-02	1.53E-01	227	8.45E-03	1.00E+00	3.52E-01	2.13E+00	6.11E+00	13	860	8.55E-02	1.51E-02	chr11_100206147_100206767,chr13_63563733_63564766,chr13_63566316_63566849,chr16_30066210_30067176,chr17_83920344_83920701,chr17_84184827_84185319,chr17_84185496_84186847,chr2_118544289_118545050,chr2_174428666_174429601,chr2_75703196_75704248,chr3_37642698_37643251,chr3_50442906_50443889,chr3_89280734_89281464,chr4_133755923_133757903,chr4_141326801_141327760	Arid1a,Bmf,Ctsz,Efna1,Epha2,Hes1,Krt14,Krt9,Nfe2l2,Ptch1,Slc7a11,Spry1,Zfp36l2
Mouse Phenotype	MP:0000126	brittle teeth	258	1.05E-02	1.00E+00	3.86E-01	1.30E+01	1.53E-01	2	1.56E-03	2.04E-02	660	4.87E-02	1.00E+00	6.98E-01	2.01E+01	4.97E-02	1	7	6.58E-03	1.43E-01	chr13_53471407_53472168,chr13_53472662_53473247	Msx2
Mouse Phenotype	MP:0000164	abnormal cartilage development	259	1.07E-02	1.00E+00	3.91E-01	2.66E+00	3.00E+00	8	3.07E-02	8.16E-02	151	4.04E-03	1.00E+00	2.53E-01	4.00E+00	1.50E+00	6	211	3.95E-02	2.84E-02	chr10_68276719_68277215,chr13_53471407_53472168,chr13_53472662_53473247,chr13_63563733_63564766,chr13_63566316_63566849,chr14_46387358_46388080,chr7_116032327_116033153,chr7_126781249_126781424	Arid5b,Bmp4,Msx2,Ptch1,Sox6,Tbx6
Mouse Phenotype	MP:0000564	syndactyly	260	1.07E-02	1.00E+00	3.90E-01	3.26E+00	1.84E+00	6	1.88E-02	6.12E-02	262	1.22E-02	1.00E+00	4.41E-01	4.50E+00	8.88E-01	4	125	2.63E-02	3.20E-02	chr13_53471407_53472168,chr13_53472662_53473247,chr13_63563733_63564766,chr13_63566316_63566849,chr14_46387358_46388080,chr2_118544289_118545050	Bmf,Bmp4,Msx2,Ptch1
Mouse Phenotype	MP:0002932	abnormal joint morphology	261	1.07E-02	1.00E+00	3.89E-01	2.33E+00	4.28E+00	10	4.37E-02	1.02E-01	29	1.57E-04	1.00E+00	5.11E-02	4.16E+00	2.40E+00	10	338	6.58E-02	2.96E-02	chr10_68276719_68277215,chr11_101964638_101965429,chr12_118847345_118851129,chr13_40727364_40730800,chr13_63563733_63564766,chr13_63566316_63566849,chr14_46387358_46388080,chr15_102982607_102983365,chr5_111006204_111007025,chr7_126781249_126781424	Arid5b,Bmp4,Hoxc8,Hoxc9,Meox1,Ptch1,Sp8,Tbx6,Tfap2a,Ttc28
Mouse Phenotype	MP:0001386	abnormal maternal nurturing	262	1.08E-02	1.00E+00	3.91E-01	3.25E+00	1.85E+00	6	1.89E-02	6.12E-02	101	2.08E-03	1.00E+00	1.94E-01	5.59E+00	8.95E-01	5	126	3.29E-02	3.97E-02	chr11_96352608_96353722,chr12_16589553_16589895,chr12_16590033_16592004,chr13_40727364_40730800,chr7_6706261_6706761,chr8_84660555_84662042	Cacna1a,Hoxb2,Lpin1,Peg3,Tfap2a
Mouse Phenotype	MP:0002627	increased teratoma incidence	263	1.10E-02	1.00E+00	3.95E-01	1.28E+01	1.57E-01	2	1.60E-03	2.04E-02	1203	1.27E-01	1.00E+00	9.96E-01	7.41E+00	1.35E-01	1	19	6.58E-03	5.26E-02	chr13_63563733_63564766,chr13_63566316_63566849	Ptch1
Mouse Phenotype	MP:0010080	abnormal hepatocyte physiology	264	1.11E-02	1.00E+00	3.99E-01	3.75E+00	1.33E+00	5	1.36E-02	5.10E-02	405	2.33E-02	1.00E+00	5.44E-01	3.70E+00	1.08E+00	4	152	2.63E-02	2.63E-02	chr10_80054157_80054700,chr10_80055087_80056206,chr10_86836857_86837177,chr13_63563733_63564766,chr2_75703196_75704248	Fancc,Gpx4,Nfe2l2,Stab2
Mouse Phenotype	MP:0003043	hypoalgesia	265	1.12E-02	1.00E+00	4.00E-01	3.22E+00	1.86E+00	6	1.90E-02	6.12E-02	177	5.76E-03	1.00E+00	3.08E-01	4.40E+00	1.14E+00	5	160	3.29E-02	3.13E-02	chr11_96352608_96353722,chr15_102982607_102983365,chr6_118758397_118758711,chr8_26117824_26118019,chr8_26118257_26118822,chr8_84660555_84662042	Cacna1a,Cacna1c,Hoxb1,Hoxc8,Rnf170
Mouse Phenotype	MP:0001914	hemorrhage	266	1.12E-02	1.00E+00	3.99E-01	2.04E+00	6.39E+00	13	6.52E-02	1.33E-01	260	1.16E-02	1.00E+00	4.22E-01	2.32E+00	4.31E+00	10	607	6.58E-02	1.65E-02	chr13_53471407_53472168,chr13_53472662_53473247,chr17_83920344_83920701,chr17_84184827_84185319,chr17_84185496_84186847,chr2_75703196_75704248,chr4_133755923_133757903,chr5_134313576_134314029,chr5_138992412_138994516,chr6_118758397_118758711,chr6_121069244_121070033,chr7_126781249_126781424,chr8_124946584_124947555	Arid1a,Bid,Cacna1c,Egln1,Gtf2i,Msx2,Nfe2l2,Pdgfa,Tbx6,Zfp36l2
Mouse Phenotype	MP:0013659	abnormal erythroid lineage cell morphology	267	1.13E-02	1.00E+00	4.00E-01	1.97E+00	7.12E+00	14	7.26E-02	1.43E-01	713	5.29E-02	1.00E+00	7.01E-01	1.74E+00	6.32E+00	11	890	7.24E-02	1.24E-02	chr11_120186364_120189507,chr11_69399728_69400631,chr11_70233509_70233695,chr13_63563733_63564766,chr14_46387358_46388080,chr17_83920344_83920701,chr17_84184827_84185319,chr17_84185496_84186847,chr2_75703196_75704248,chr5_111006204_111007025,chr5_138195378_138196719,chr8_124946584_124947555,chr8_26117824_26118019,chr8_26118257_26118822	Bcl6b,Bmp4,Cyb5d1,Egln1,Fancc,Hook3,Nfe2l2,Nxpe5,Slc38a10,Ttc28,Zfp36l2
Mouse Phenotype	MP:0004380	short frontal bone	268	1.13E-02	1.00E+00	3.99E-01	1.26E+01	1.59E-01	2	1.62E-03	2.04E-02	108	2.17E-03	1.00E+00	1.90E-01	2.82E+01	7.10E-02	2	10	1.32E-02	2.00E-01	chr13_40727364_40730800,chr14_46387358_46388080	Bmp4,Tfap2a
Mouse Phenotype	MP:0010822	pneumothorax	269	1.13E-02	1.00E+00	3.98E-01	8.78E+01	1.14E-02	1	1.16E-04	1.02E-02	200	7.10E-03	1.00E+00	3.36E-01	1.41E+02	7.10E-03	1	1	6.58E-03	1.00E+00	chr5_138992412_138994516	Pdgfa
Mouse Phenotype	MP:0006346	small pharyngeal arch	270	1.14E-02	1.00E+00	3.98E-01	4.63E+00	8.65E-01	4	8.82E-03	4.08E-02	237	8.95E-03	1.00E+00	3.57E-01	7.04E+00	4.26E-01	3	60	1.97E-02	5.00E-02	chr13_40727364_40730800,chr13_63563733_63564766,chr13_63566316_63566849,chr5_134313576_134314029	Gtf2i,Ptch1,Tfap2a
Mouse Phenotype	MP:0004666	absent stapedial artery	271	1.14E-02	1.00E+00	3.99E-01	1.25E+01	1.60E-01	2	1.63E-03	2.04E-02	220	7.92E-03	1.00E+00	3.40E-01	1.48E+01	1.35E-01	2	19	1.32E-02	1.05E-01	chr2_71541880_71544776,chr2_71544955_71545796	Dlx1,Dlx2
Mouse Phenotype	MP:0006379	abnormal spermatocyte morphology	272	1.16E-02	1.00E+00	4.04E-01	6.46E+00	4.65E-01	3	4.74E-03	3.06E-02	950	8.22E-02	1.00E+00	8.18E-01	4.20E+00	4.76E-01	2	67	1.32E-02	2.99E-02	chr11_87422538_87423866,chr12_16589553_16589895,chr12_16590033_16592004	Lpin1,Tex14
Mouse Phenotype	MP:0000854	abnormal cerebellum development	273	1.19E-02	1.00E+00	4.11E-01	2.85E+00	2.46E+00	7	2.51E-02	7.14E-02	170	5.32E-03	1.00E+00	2.96E-01	4.48E+00	1.12E+00	5	157	3.29E-02	3.18E-02	chr13_53471407_53472168,chr13_53472662_53473247,chr13_63563733_63564766,chr13_63566316_63566849,chr15_89174182_89175604,chr6_48840815_48841662,chr8_84660555_84662042	Cacna1a,Msx2,Plxnb2,Ptch1,Tmem176b
Mouse Phenotype	MP:0004665	abnormal stapedial artery morphology	274	1.19E-02	1.00E+00	4.10E-01	1.22E+01	1.63E-01	2	1.67E-03	2.04E-02	231	8.76E-03	1.00E+00	3.59E-01	1.41E+01	1.42E-01	2	20	1.32E-02	1.00E-01	chr2_71541880_71544776,chr2_71544955_71545796	Dlx1,Dlx2
Mouse Phenotype	MP:0010122	abnormal bone mineral content	275	1.19E-02	1.00E+00	4.09E-01	2.61E+00	3.06E+00	8	3.13E-02	8.16E-02	225	8.30E-03	1.00E+00	3.49E-01	3.06E+00	2.29E+00	7	322	4.61E-02	2.17E-02	chr11_101658299_101659257,chr11_101964638_101965429,chr11_120186364_120189507,chr11_69399728_69400631,chr19_57119757_57120427,chr5_111006204_111007025,chr8_26117824_26118019,chr8_26118257_26118822	Afap1l2,Arl4d,Cyb5d1,Hook3,Slc38a10,Sost,Ttc28
Mouse Phenotype	MP:0003743	abnormal facial morphology	276	1.21E-02	1.00E+00	4.15E-01	1.80E+00	9.43E+00	17	9.63E-02	1.73E-01	22	1.07E-04	1.00E+00	4.58E-02	2.96E+00	5.41E+00	16	761	1.05E-01	2.10E-02	chr10_68276719_68277215,chr11_100206147_100206767,chr11_96352608_96353722,chr12_118847345_118851129,chr13_40727364_40730800,chr13_53471407_53472168,chr13_53472662_53473247,chr13_63563733_63564766,chr13_63566316_63566849,chr14_46387358_46388080,chr2_71541880_71544776,chr2_71544955_71545796,chr2_75703196_75704248,chr4_133755923_133757903,chr5_134313576_134314029,chr5_138992412_138994516,chr7_116032327_116033153	Arid1a,Arid5b,Bmp4,Dlx1,Dlx2,Gtf2i,Hoxb1,Hoxb2,Krt14,Msx2,Nfe2l2,Pdgfa,Ptch1,Sox6,Sp8,Tfap2a
Mouse Phenotype	MP:0013225	abnormal third pharyngeal pouch morphology	277	1.21E-02	1.00E+00	4.14E-01	8.19E+01	1.22E-02	1	1.25E-04	1.02E-02	371	2.12E-02	1.00E+00	5.39E-01	4.69E+01	2.13E-02	1	3	6.58E-03	3.33E-01	chr11_96352608_96353722	Hoxb1
Mouse Phenotype	MP:0001307	fused cornea and lens	278	1.23E-02	1.00E+00	4.19E-01	1.20E+01	1.66E-01	2	1.70E-03	2.04E-02	923	8.20E-02	1.00E+00	8.40E-01	1.17E+01	8.53E-02	1	12	6.58E-03	8.33E-02	chr13_53471407_53472168,chr13_53472662_53473247	Msx2
Mouse Phenotype	MP:0002286	cryptorchism	279	1.25E-02	1.00E+00	4.23E-01	6.28E+00	4.77E-01	3	4.87E-03	3.06E-02	428	2.70E-02	1.00E+00	5.96E-01	7.82E+00	2.56E-01	2	36	1.32E-02	5.56E-02	chr10_68276719_68277215,chr13_63563733_63564766,chr13_63566316_63566849	Arid5b,Ptch1
Mouse Phenotype	MP:0002884	abnormal pharyngeal arch morphology	280	1.27E-02	1.00E+00	4.27E-01	2.81E+00	2.49E+00	7	2.54E-02	7.14E-02	87	1.37E-03	1.00E+00	1.49E-01	4.97E+00	1.21E+00	6	170	3.95E-02	3.53E-02	chr11_96352608_96353722,chr13_40727364_40730800,chr13_63563733_63564766,chr13_63566316_63566849,chr14_46387358_46388080,chr4_133755923_133757903,chr5_134313576_134314029	Arid1a,Bmp4,Gtf2i,Hoxb1,Ptch1,Tfap2a
Mouse Phenotype	MP:0003959	abnormal lean body mass	281	1.27E-02	1.00E+00	4.26E-01	2.41E+00	3.73E+00	9	3.81E-02	9.18E-02	434	2.78E-02	1.00E+00	6.05E-01	2.40E+00	2.92E+00	7	411	4.61E-02	1.70E-02	chr11_101658299_101659257,chr11_120186364_120189507,chr12_16589553_16589895,chr12_16590033_16592004,chr19_57119757_57120427,chr5_111006204_111007025,chr6_118758397_118758711,chr8_26117824_26118019,chr8_26118257_26118822	Afap1l2,Ankrd26,Arl4d,Hook3,Lpin1,Slc38a10,Ttc28
Mouse Phenotype	MP:0001699	increased embryo size	282	1.27E-02	1.00E+00	4.26E-01	1.18E+01	1.69E-01	2	1.73E-03	2.04E-02	771	6.22E-02	1.00E+00	7.62E-01	1.56E+01	6.39E-02	1	9	6.58E-03	1.11E-01	chr13_63563733_63564766,chr13_63566316_63566849	Ptch1
Mouse Phenotype	MP:0012136	absent forebrain	283	1.28E-02	1.00E+00	4.29E-01	1.18E+01	1.70E-01	2	1.74E-03	2.04E-02	1094	1.08E-01	1.00E+00	9.32E-01	8.80E+00	1.14E-01	1	16	6.58E-03	6.25E-02	chr13_63563733_63564766,chr13_63566316_63566849	Ptch1
Mouse Phenotype	MP:0009832	abnormal sperm mitochondrial sheath morphology	284	1.28E-02	1.00E+00	4.28E-01	1.18E+01	1.70E-01	2	1.74E-03	2.04E-02	1489	1.93E-01	1.00E+00	1.00E+00	4.69E+00	2.13E-01	1	30	6.58E-03	3.33E-02	chr10_80054157_80054700,chr10_80055087_80056206	Gpx4
Mouse Phenotype	MP:0000516	abnormal renal/urinary system morphology	285	1.30E-02	1.00E+00	4.31E-01	1.75E+00	1.03E+01	18	1.05E-01	1.84E-01	155	4.34E-03	1.00E+00	2.65E-01	2.15E+00	6.98E+00	15	982	9.87E-02	1.53E-02	chr10_68276719_68277215,chr10_86836857_86837177,chr12_118847345_118851129,chr13_63563733_63564766,chr13_63566316_63566849,chr14_46387358_46388080,chr15_89174182_89175604,chr17_83920344_83920701,chr17_84184827_84185319,chr17_84185496_84186847,chr2_75703196_75704248,chr3_37642698_37643251,chr5_138992412_138994516,chr6_118758397_118758711,chr6_36388037_36388580,chr6_60830285_60830625,chr7_126781249_126781424,chr8_124946584_124947555	Ankrd26,Arid5b,Bmp4,Chrm2,Egln1,Nfe2l2,Pdgfa,Plxnb2,Ptch1,Snca,Sp8,Spry1,Stab2,Tbx6,Zfp36l2
Mouse Phenotype	MP:0005187	abnormal penis morphology	286	1.30E-02	1.00E+00	4.31E-01	6.18E+00	4.86E-01	3	4.95E-03	3.06E-02	404	2.29E-02	1.00E+00	5.37E-01	8.53E+00	2.34E-01	2	33	1.32E-02	6.06E-02	chr13_63563733_63564766,chr13_63566316_63566849,chr6_60830285_60830625	Ptch1,Snca
Mouse Phenotype	MP:0009742	increased corneal stroma thickness	287	1.31E-02	1.00E+00	4.31E-01	1.16E+01	1.72E-01	2	1.75E-03	2.04E-02	771	6.22E-02	1.00E+00	7.62E-01	1.56E+01	6.39E-02	1	9	6.58E-03	1.11E-01	chr13_53471407_53472168,chr13_53472662_53473247	Msx2
Mouse Phenotype	MP:0003047	abnormal thoracic vertebrae morphology	288	1.33E-02	1.00E+00	4.36E-01	3.59E+00	1.39E+00	5	1.42E-02	5.10E-02	59	6.02E-04	1.00E+00	9.65E-02	5.82E+00	1.03E+00	6	145	3.95E-02	4.14E-02	chr11_101658299_101659257,chr14_46387358_46388080,chr15_102982607_102983365,chr6_39204889_39205411,chr7_126781249_126781424	Arl4d,Bmp4,Hoxc8,Hoxc9,Kdm7a,Tbx6
Mouse Phenotype	MP:0008976	delayed female fertility	289	1.34E-02	1.00E+00	4.39E-01	1.15E+01	1.74E-01	2	1.78E-03	2.04E-02	877	7.54E-02	1.00E+00	8.14E-01	1.28E+01	7.81E-02	1	11	6.58E-03	9.09E-02	chr12_16589553_16589895,chr12_16590033_16592004	Lpin1
Mouse Phenotype	MP:0008082	increased single-positive T cell number	290	1.36E-02	1.00E+00	4.43E-01	6.08E+00	4.93E-01	3	5.03E-03	3.06E-02	751	5.64E-02	1.00E+00	7.11E-01	5.21E+00	3.84E-01	2	54	1.32E-02	3.70E-02	chr10_68276719_68277215,chr13_63563733_63564766,chr13_63566316_63566849	Arid5b,Ptch1
Mouse Phenotype	MP:0000430	absent maxillary shelf	291	1.36E-02	1.00E+00	4.42E-01	1.14E+01	1.76E-01	2	1.79E-03	2.04E-02	1021	9.50E-02	1.00E+00	8.80E-01	1.01E+01	9.95E-02	1	14	6.58E-03	7.14E-02	chr2_71541880_71544776,chr2_71544955_71545796	Dlx2
Mouse Phenotype	MP:0002566	abnormal sexual interaction	292	1.37E-02	1.00E+00	4.43E-01	3.56E+00	1.40E+00	5	1.43E-02	5.10E-02	138	3.17E-03	1.00E+00	2.18E-01	6.62E+00	6.04E-01	4	85	2.63E-02	4.71E-02	chr10_68276719_68277215,chr12_16589553_16589895,chr12_16590033_16592004,chr4_134019055_134020274,chr6_36388037_36388580	Arid5b,Chrm2,Lin28a,Lpin1
Mouse Phenotype	MP:0004599	abnormal vertebral arch morphology	293	1.37E-02	1.00E+00	4.42E-01	3.56E+00	1.40E+00	5	1.43E-02	5.10E-02	119	2.54E-03	1.00E+00	2.02E-01	5.33E+00	9.38E-01	5	132	3.29E-02	3.79E-02	chr10_68276719_68277215,chr11_96352608_96353722,chr14_46387358_46388080,chr5_138992412_138994516,chr7_126781249_126781424	Arid5b,Bmp4,Hoxb2,Pdgfa,Tbx6
Mouse Phenotype	MP:0030040	absent facial muscle	294	1.37E-02	1.00E+00	4.42E-01	7.23E+01	1.38E-02	1	1.41E-04	1.02E-02	371	2.12E-02	1.00E+00	5.39E-01	4.69E+01	2.13E-02	1	3	6.58E-03	3.33E-01	chr11_96352608_96353722	Hoxb1
Mouse Phenotype	MP:0010256	anterior cortical cataracts	295	1.38E-02	1.00E+00	4.42E-01	7.20E+01	1.39E-02	1	1.42E-04	1.02E-02	200	7.10E-03	1.00E+00	3.36E-01	1.41E+02	7.10E-03	1	1	6.58E-03	1.00E+00	chr14_46387358_46388080	Bmp4
Mouse Phenotype	MP:0006377	abnormal vestibulocollic reflex	295	1.38E-02	1.00E+00	4.42E-01	7.20E+01	1.39E-02	1	1.42E-04	1.02E-02	200	7.10E-03	1.00E+00	3.36E-01	1.41E+02	7.10E-03	1	1	6.58E-03	1.00E+00	chr14_46387358_46388080	Bmp4
Mouse Phenotype	MP:0010414	partial atrioventricular septal defect	295	1.38E-02	1.00E+00	4.42E-01	7.20E+01	1.39E-02	1	1.42E-04	1.02E-02	200	7.10E-03	1.00E+00	3.36E-01	1.41E+02	7.10E-03	1	1	6.58E-03	1.00E+00	chr14_46387358_46388080	Bmp4
Mouse Phenotype	MP:0010639	altered tumor pathology	298	1.39E-02	1.00E+00	4.40E-01	2.76E+00	2.53E+00	7	2.59E-02	7.14E-02	352	1.87E-02	1.00E+00	5.04E-01	2.87E+00	2.09E+00	6	294	3.95E-02	2.04E-02	chr10_86836857_86837177,chr11_100206147_100206767,chr13_63563733_63564766,chr13_63566316_63566849,chr2_174428666_174429601,chr4_133755923_133757903,chr4_141326801_141327760	Arid1a,Ctsz,Epha2,Krt14,Ptch1,Stab2
Mouse Phenotype	MP:0004669	enlarged vertebral body	299	1.40E-02	1.00E+00	4.42E-01	7.11E+01	1.41E-02	1	1.44E-04	1.02E-02	437	2.81E-02	1.00E+00	6.09E-01	3.52E+01	2.84E-02	1	4	6.58E-03	2.50E-01	chr7_126781249_126781424	Tbx6
Mouse Phenotype	MP:0008779	abnormal maternal behavior	300	1.41E-02	1.00E+00	4.45E-01	3.06E+00	1.96E+00	6	2.00E-02	6.12E-02	123	2.71E-03	1.00E+00	2.09E-01	5.25E+00	9.52E-01	5	134	3.29E-02	3.73E-02	chr11_96352608_96353722,chr12_16589553_16589895,chr12_16590033_16592004,chr13_40727364_40730800,chr7_6706261_6706761,chr8_84660555_84662042	Cacna1a,Hoxb2,Lpin1,Peg3,Tfap2a
Mouse Phenotype	MP:0003036	vertebral transformation	301	1.44E-02	1.00E+00	4.53E-01	4.31E+00	9.29E-01	4	9.48E-03	4.08E-02	76	8.48E-04	1.00E+00	1.06E-01	6.83E+00	7.32E-01	5	103	3.29E-02	4.85E-02	chr11_96352608_96353722,chr15_102982607_102983365,chr3_89280734_89281464,chr6_39204889_39205411	Efna1,Hoxb2,Hoxc8,Hoxc9,Kdm7a
Mouse Phenotype	MP:0012818	rhombomere transformation	302	1.44E-02	1.00E+00	4.52E-01	6.88E+01	1.45E-02	1	1.48E-04	1.02E-02	280	1.42E-02	1.00E+00	4.78E-01	7.04E+01	1.42E-02	1	2	6.58E-03	5.00E-01	chr11_96352608_96353722	Hoxb2
Mouse Phenotype	MP:0000869	abnormal cerebellum posterior vermis morphology	303	1.45E-02	1.00E+00	4.51E-01	1.10E+01	1.81E-01	2	1.85E-03	2.04E-02	771	6.22E-02	1.00E+00	7.62E-01	1.56E+01	6.39E-02	1	9	6.58E-03	1.11E-01	chr13_53471407_53472168,chr13_53472662_53473247	Msx2
Mouse Phenotype	MP:0012440	abnormal neutrophil cell number	304	1.46E-02	1.00E+00	4.53E-01	2.74E+00	2.56E+00	7	2.61E-02	7.14E-02	1076	1.02E-01	1.00E+00	8.95E-01	2.03E+00	2.47E+00	5	347	3.29E-02	1.44E-02	chr11_100206147_100206767,chr11_70233509_70233695,chr13_63563733_63564766,chr13_63566316_63566849,chr17_83920344_83920701,chr17_84184827_84185319,chr17_84185496_84186847	Bcl6b,Fancc,Krt14,Ptch1,Zfp36l2
Mouse Phenotype	MP:0002073	abnormal hair growth	305	1.46E-02	1.00E+00	4.52E-01	2.52E+00	3.18E+00	8	3.24E-02	8.16E-02	820	6.76E-02	1.00E+00	7.80E-01	2.30E+00	2.17E+00	5	306	3.29E-02	1.63E-02	chr11_100206147_100206767,chr12_16589553_16589895,chr12_16590033_16592004,chr13_53471407_53472168,chr13_53472662_53473247,chr13_63563733_63564766,chr13_63566316_63566849,chr7_19355987_19356721	Krt14,Lpin1,Msx2,Ppp1r13l,Ptch1
Mouse Phenotype	MP:0000571	interdigital webbing	306	1.46E-02	1.00E+00	4.52E-01	5.92E+00	5.07E-01	3	5.17E-03	3.06E-02	340	1.80E-02	1.00E+00	4.99E-01	9.71E+00	2.06E-01	2	29	1.32E-02	6.90E-02	chr13_53471407_53472168,chr13_53472662_53473247,chr2_118544289_118545050	Bmf,Msx2
Mouse Phenotype	MP:0009957	abnormal cerebellum vermis lobule morphology	307	1.47E-02	1.00E+00	4.52E-01	1.10E+01	1.83E-01	2	1.86E-03	2.04E-02	771	6.22E-02	1.00E+00	7.62E-01	1.56E+01	6.39E-02	1	9	6.58E-03	1.11E-01	chr13_53471407_53472168,chr13_53472662_53473247	Msx2
Mouse Phenotype	MP:0005192	increased motor neuron number	308	1.47E-02	1.00E+00	4.50E-01	1.09E+01	1.83E-01	2	1.86E-03	2.04E-02	1165	1.20E-01	1.00E+00	9.78E-01	7.82E+00	1.28E-01	1	18	6.58E-03	5.56E-02	chr13_63563733_63564766,chr13_63566316_63566849	Ptch1
Mouse Phenotype	MP:0008271	abnormal bone ossification	309	1.47E-02	1.00E+00	4.51E-01	2.12E+00	5.19E+00	11	5.30E-02	1.12E-01	152	4.23E-03	1.00E+00	2.63E-01	2.89E+00	3.12E+00	9	439	5.92E-02	2.05E-02	chr10_68276719_68277215,chr10_80055087_80056206,chr11_101964638_101965429,chr11_120186364_120189507,chr13_53471407_53472168,chr13_53472662_53473247,chr13_63563733_63564766,chr13_63566316_63566849,chr14_46387358_46388080,chr15_102982607_102983365,chr7_116032327_116033153	Arid5b,Bmp4,Hoxc9,Msx2,Ptch1,Sbno2,Slc38a10,Sost,Sox6
Mouse Phenotype	MP:0000334	decreased granulocyte number	310	1.49E-02	1.00E+00	4.54E-01	3.03E+00	1.98E+00	6	2.02E-02	6.12E-02	1192	1.23E-01	1.00E+00	9.75E-01	2.11E+00	1.90E+00	4	267	2.63E-02	1.50E-02	chr11_70233509_70233695,chr13_63563733_63564766,chr17_83920344_83920701,chr17_84184827_84185319,chr17_84185496_84186847,chr6_39204889_39205411	Bcl6b,Fancc,Kdm7a,Zfp36l2
Mouse Phenotype	MP:0002739	abnormal olfactory bulb development	311	1.49E-02	1.00E+00	4.53E-01	4.26E+00	9.38E-01	4	9.57E-03	4.08E-02	214	7.40E-03	1.00E+00	3.27E-01	7.54E+00	3.98E-01	3	56	1.97E-02	5.36E-02	chr12_118847345_118851129,chr15_89174182_89175604,chr2_71541880_71544776,chr2_71544955_71545796	Dlx2,Plxnb2,Sp8
Mouse Phenotype	MP:0001511	disheveled coat	312	1.50E-02	1.00E+00	4.55E-01	5.86E+00	5.12E-01	3	5.22E-03	3.06E-02	718	5.46E-02	1.00E+00	7.19E-01	5.31E+00	3.77E-01	2	53	1.32E-02	3.77E-02	chr12_16589553_16589895,chr12_16590033_16592004,chr8_84660555_84662042	Cacna1a,Lpin1
Mouse Phenotype	MP:0002208	abnormal germ cell morphology	313	1.51E-02	1.00E+00	4.55E-01	2.11E+00	5.21E+00	11	5.31E-02	1.12E-01	570	3.97E-02	1.00E+00	6.59E-01	1.98E+00	4.55E+00	9	641	5.92E-02	1.40E-02	chr10_80054157_80054700,chr10_80055087_80056206,chr11_87422538_87423866,chr12_16589553_16589895,chr12_16590033_16592004,chr13_63563733_63564766,chr14_46387358_46388080,chr17_35836387_35836777,chr4_134019055_134020274,chr7_6706261_6706761,chr7_82869018_82869904	Bmp4,Fancc,Gpx4,Lin28a,Lpin1,Mdc1,Mex3b,Peg3,Tex14
Mouse Phenotype	MP:0011783	abnormal ureteral orifice morphology	314	1.52E-02	1.00E+00	4.58E-01	6.52E+01	1.53E-02	1	1.56E-04	1.02E-02	280	1.42E-02	1.00E+00	4.78E-01	7.04E+01	1.42E-02	1	2	6.58E-03	5.00E-01	chr14_46387358_46388080	Bmp4
Mouse Phenotype	MP:0000925	abnormal floor plate morphology	315	1.53E-02	1.00E+00	4.60E-01	5.81E+00	5.16E-01	3	5.27E-03	3.06E-02	641	4.57E-02	1.00E+00	6.75E-01	5.86E+00	3.41E-01	2	48	1.32E-02	4.17E-02	chr13_63563733_63564766,chr13_63566316_63566849,chr7_100372146_100372354	C2cd3,Ptch1
Mouse Phenotype	MP:0000423	delayed hair regrowth	316	1.53E-02	1.00E+00	4.59E-01	1.07E+01	1.87E-01	2	1.91E-03	2.04E-02	1021	9.50E-02	1.00E+00	8.80E-01	1.01E+01	9.95E-02	1	14	6.58E-03	7.14E-02	chr13_53471407_53472168,chr13_53472662_53473247	Msx2
Mouse Phenotype	MP:0000438	abnormal cranium morphology	317	1.54E-02	1.00E+00	4.58E-01	1.80E+00	8.91E+00	16	9.09E-02	1.63E-01	58	5.93E-04	1.00E+00	9.67E-02	2.76E+00	5.08E+00	14	715	9.21E-02	1.96E-02	chr10_68276719_68277215,chr11_101964638_101965429,chr11_120186364_120189507,chr11_96352608_96353722,chr13_40727364_40730800,chr13_53471407_53472168,chr13_53472662_53473247,chr13_63563733_63564766,chr13_63566316_63566849,chr14_46387358_46388080,chr2_71541880_71544776,chr2_71544955_71545796,chr2_75703196_75704248,chr4_133755923_133757903,chr5_111006204_111007025,chr8_124946584_124947555	Arid1a,Arid5b,Bmp4,Dlx1,Dlx2,Egln1,Hoxb1,Meox1,Msx2,Nfe2l2,Ptch1,Slc38a10,Tfap2a,Ttc28
Mouse Phenotype	MP:0004448	abnormal presphenoid bone morphology	318	1.55E-02	1.00E+00	4.61E-01	5.79E+00	5.18E-01	3	5.29E-03	3.06E-02	417	2.56E-02	1.00E+00	5.81E-01	8.04E+00	2.49E-01	2	35	1.32E-02	5.71E-02	chr10_68276719_68277215,chr13_63563733_63564766,chr13_63566316_63566849	Arid5b,Ptch1
Mouse Phenotype	MP:0004735	enlarged thoracic cavity	319	1.56E-02	1.00E+00	4.64E-01	6.35E+01	1.58E-02	1	1.61E-04	1.02E-02	280	1.42E-02	1.00E+00	4.78E-01	7.04E+01	1.42E-02	1	2	6.58E-03	5.00E-01	chr5_138992412_138994516	Pdgfa
Mouse Phenotype	MP:0003290	intestinal hypoperistalsis	320	1.57E-02	1.00E+00	4.63E-01	1.06E+01	1.89E-01	2	1.93E-03	2.04E-02	1128	1.14E-01	1.00E+00	9.57E-01	8.28E+00	1.21E-01	1	17	6.58E-03	5.88E-02	chr2_71541880_71544776,chr2_71544955_71545796	Dlx2
Mouse Phenotype	MP:0002115	abnormal limb bone morphology	321	1.57E-02	1.00E+00	4.63E-01	2.02E+00	5.95E+00	12	6.07E-02	1.22E-01	114	2.29E-03	1.00E+00	1.90E-01	2.94E+00	3.40E+00	10	479	6.58E-02	2.09E-02	chr10_68276719_68277215,chr11_101964638_101965429,chr12_118847345_118851129,chr13_40727364_40730800,chr13_53471407_53472168,chr13_53472662_53473247,chr14_46387358_46388080,chr15_102982607_102983365,chr5_111006204_111007025,chr7_116032327_116033153,chr8_26117824_26118019,chr8_26118257_26118822	Arid5b,Bmp4,Hook3,Hoxc8,Msx2,Sost,Sox6,Sp8,Tfap2a,Ttc28
Mouse Phenotype	MP:0011698	abnormal brown adipose tissue physiology	322	1.57E-02	1.00E+00	4.62E-01	1.06E+01	1.90E-01	2	1.93E-03	2.04E-02	1232	1.33E-01	1.00E+00	1.00E+00	7.04E+00	1.42E-01	1	20	6.58E-03	5.00E-02	chr12_16589553_16589895,chr12_16590033_16592004	Lpin1
Mouse Phenotype	MP:0000202	abnormal circulating alkaline phosphatase level	323	1.58E-02	1.00E+00	4.62E-01	2.99E+00	2.01E+00	6	2.05E-02	6.12E-02	480	2.99E-02	1.00E+00	5.90E-01	2.90E+00	1.73E+00	5	243	3.29E-02	2.06E-02	chr11_120186364_120189507,chr11_69399728_69400631,chr19_57119757_57120427,chr5_111006204_111007025,chr8_26117824_26118019,chr8_26118257_26118822	Afap1l2,Cyb5d1,Hook3,Slc38a10,Ttc28
Mouse Phenotype	MP:0005319	abnormal enzyme/coenzyme level	324	1.60E-02	1.00E+00	4.66E-01	2.09E+00	5.25E+00	11	5.36E-02	1.12E-01	546	3.59E-02	1.00E+00	6.22E-01	2.01E+00	4.47E+00	9	629	5.92E-02	1.43E-02	chr10_86836857_86837177,chr11_120186364_120189507,chr11_69399728_69400631,chr12_16589553_16589895,chr12_16590033_16592004,chr13_40727364_40730800,chr19_57119757_57120427,chr2_75703196_75704248,chr5_111006204_111007025,chr8_26117824_26118019,chr8_26118257_26118822	Afap1l2,Cyb5d1,Hook3,Lpin1,Nfe2l2,Ofcc1,Slc38a10,Stab2,Ttc28
Mouse Phenotype	MP:0003869	ectopic cartilage	325	1.60E-02	1.00E+00	4.67E-01	1.04E+01	1.92E-01	2	1.95E-03	2.04E-02	1128	1.14E-01	1.00E+00	9.57E-01	8.28E+00	1.21E-01	1	17	6.58E-03	5.88E-02	chr2_71541880_71544776,chr2_71544955_71545796	Dlx2
Mouse Phenotype	MP:0005670	abnormal white adipose tissue physiology	326	1.61E-02	1.00E+00	4.66E-01	1.04E+01	1.92E-01	2	1.96E-03	2.04E-02	1459	1.87E-01	1.00E+00	1.00E+00	4.85E+00	2.06E-01	1	29	6.58E-03	3.45E-02	chr12_16589553_16589895,chr12_16590033_16592004	Lpin1
Mouse Phenotype	MP:0003887	increased hepatocyte apoptosis	327	1.61E-02	1.00E+00	4.66E-01	5.70E+00	5.26E-01	3	5.37E-03	3.06E-02	971	8.64E-02	1.00E+00	8.42E-01	4.08E+00	4.90E-01	2	69	1.32E-02	2.90E-02	chr10_80054157_80054700,chr10_80055087_80056206,chr2_75703196_75704248	Gpx4,Nfe2l2
Mouse Phenotype	MP:0006200	vitreous body deposition	328	1.62E-02	1.00E+00	4.66E-01	1.04E+01	1.92E-01	2	1.96E-03	2.04E-02	581	4.19E-02	1.00E+00	6.82E-01	2.35E+01	4.26E-02	1	6	6.58E-03	1.67E-01	chr13_53471407_53472168,chr13_53472662_53473247	Msx2
Mouse Phenotype	MP:0010150	abnormal mandibule ramus morphology	329	1.65E-02	1.00E+00	4.74E-01	5.65E+00	5.31E-01	3	5.42E-03	3.06E-02	363	2.04E-02	1.00E+00	5.31E-01	9.08E+00	2.20E-01	2	31	1.32E-02	6.45E-02	chr13_63563733_63564766,chr13_63566316_63566849,chr14_46387358_46388080	Bmp4,Ptch1
Mouse Phenotype	MP:0001322	abnormal iris morphology	330	1.66E-02	1.00E+00	4.75E-01	2.95E+00	2.03E+00	6	2.07E-02	6.12E-02	104	2.15E-03	1.00E+00	1.95E-01	5.54E+00	9.02E-01	5	127	3.29E-02	3.94E-02	chr13_40727364_40730800,chr13_53471407_53472168,chr13_53472662_53473247,chr14_46387358_46388080,chr6_36388037_36388580,chr7_19355987_19356721	Bmp4,Chrm2,Msx2,Ppp1r13l,Tfap2a
Mouse Phenotype	MP:0002021	increased incidence of induced tumors	331	1.68E-02	1.00E+00	4.81E-01	3.38E+00	1.48E+00	5	1.51E-02	5.10E-02	423	2.64E-02	1.00E+00	5.90E-01	3.56E+00	1.12E+00	4	158	2.63E-02	2.53E-02	chr13_63563733_63564766,chr13_63566316_63566849,chr2_75703196_75704248,chr3_50442906_50443889,chr4_141326801_141327760	Epha2,Nfe2l2,Ptch1,Slc7a11
Mouse Phenotype	MP:0010980	ectopic ureteric bud	332	1.70E-02	1.00E+00	4.84E-01	1.01E+01	1.98E-01	2	2.02E-03	2.04E-02	134	3.16E-03	1.00E+00	2.23E-01	2.35E+01	8.53E-02	2	12	1.32E-02	1.67E-01	chr14_46387358_46388080,chr3_37642698_37643251	Bmp4,Spry1
Mouse Phenotype	MP:0009890	cleft secondary palate	333	1.70E-02	1.00E+00	4.84E-01	2.65E+00	2.64E+00	7	2.70E-02	7.14E-02	423	2.64E-02	1.00E+00	5.90E-01	3.56E+00	1.12E+00	4	158	2.63E-02	2.53E-02	chr13_40727364_40730800,chr13_53471407_53472168,chr13_53472662_53473247,chr13_63563733_63564766,chr13_63566316_63566849,chr2_71541880_71544776,chr2_71544955_71545796	Dlx2,Msx2,Ptch1,Tfap2a
Mouse Phenotype	MP:0005404	abnormal axon morphology	334	1.71E-02	1.00E+00	4.84E-01	2.65E+00	2.64E+00	7	2.70E-02	7.14E-02	401	2.17E-02	1.00E+00	5.12E-01	3.16E+00	1.58E+00	5	223	3.29E-02	2.24E-02	chr12_16589553_16589895,chr12_16590033_16592004,chr2_75703196_75704248,chr6_60830285_60830625,chr8_84660555_84662042,chr9_55542234_55544237,chr9_55544680_55546400	Cacna1a,Isl2,Lpin1,Nfe2l2,Snca
Mouse Phenotype	MP:0000867	abnormal cerebellum anterior vermis morphology	335	1.72E-02	1.00E+00	4.86E-01	1.01E+01	1.99E-01	2	2.03E-03	2.04E-02	978	8.85E-02	1.00E+00	8.56E-01	1.08E+01	9.24E-02	1	13	6.58E-03	7.69E-02	chr13_53471407_53472168,chr13_53472662_53473247	Msx2
Mouse Phenotype	MP:0009125	decreased brown fat cell lipid droplet size	336	1.73E-02	1.00E+00	4.86E-01	1.00E+01	1.99E-01	2	2.03E-03	2.04E-02	1052	1.01E-01	1.00E+00	9.12E-01	9.38E+00	1.07E-01	1	15	6.58E-03	6.67E-02	chr12_16589553_16589895,chr12_16590033_16592004	Lpin1
Mouse Phenotype	MP:0009117	abnormal white fat cell morphology	337	1.74E-02	1.00E+00	4.89E-01	4.07E+00	9.84E-01	4	1.00E-02	4.08E-02	562	3.90E-02	1.00E+00	6.56E-01	4.02E+00	7.46E-01	3	105	1.97E-02	2.86E-02	chr12_16589553_16589895,chr12_16590033_16592004,chr2_75703196_75704248,chr8_124946584_124947555	Lpin1,Nfe2l2,Sprtn
Mouse Phenotype	MP:0000465	gastrointestinal hemorrhage	338	1.75E-02	1.00E+00	4.89E-01	5.53E+00	5.43E-01	3	5.54E-03	3.06E-02	1847	3.15E-01	1.00E+00	1.00E+00	2.66E+00	3.77E-01	1	53	6.58E-03	1.89E-02	chr17_83920344_83920701,chr17_84184827_84185319,chr17_84185496_84186847	Zfp36l2
Mouse Phenotype	MP:0004653	absent caudal vertebrae	339	1.75E-02	1.00E+00	4.89E-01	9.95E+00	2.01E-01	2	2.05E-03	2.04E-02	108	2.17E-03	1.00E+00	1.90E-01	2.82E+01	7.10E-02	2	10	1.32E-02	2.00E-01	chr11_101964638_101965429,chr12_118847345_118851129	Meox1,Sp8
Mouse Phenotype	MP:0009964	abnormal cerebellum lobule morphology	340	1.76E-02	1.00E+00	4.91E-01	2.91E+00	2.06E+00	6	2.10E-02	6.12E-02	238	9.21E-03	1.00E+00	3.66E-01	4.90E+00	8.17E-01	4	115	2.63E-02	3.48E-02	chr13_53471407_53472168,chr13_53472662_53473247,chr13_63563733_63564766,chr13_63566316_63566849,chr15_89174182_89175604,chr6_48840815_48841662	Msx2,Plxnb2,Ptch1,Tmem176b
Mouse Phenotype	MP:0003961	decreased lean body mass	341	1.77E-02	1.00E+00	4.90E-01	2.63E+00	2.66E+00	7	2.72E-02	7.14E-02	649	4.74E-02	1.00E+00	6.91E-01	2.55E+00	1.96E+00	5	276	3.29E-02	1.81E-02	chr11_101658299_101659257,chr11_120186364_120189507,chr12_16589553_16589895,chr12_16590033_16592004,chr5_111006204_111007025,chr8_26117824_26118019,chr8_26118257_26118822	Arl4d,Hook3,Lpin1,Slc38a10,Ttc28
Mouse Phenotype	MP:0002759	abnormal caudal vertebrae morphology	342	1.77E-02	1.00E+00	4.90E-01	3.33E+00	1.50E+00	5	1.53E-02	5.10E-02	104	2.15E-03	1.00E+00	1.95E-01	5.54E+00	9.02E-01	5	127	3.29E-02	3.94E-02	chr11_101964638_101965429,chr12_118847345_118851129,chr14_46387358_46388080,chr15_102982607_102983365,chr4_141326801_141327760	Bmp4,Epha2,Hoxc9,Meox1,Sp8
Mouse Phenotype	MP:0001924	infertility	343	1.78E-02	1.00E+00	4.90E-01	1.86E+00	7.53E+00	14	7.69E-02	1.43E-01	1042	9.77E-02	1.00E+00	8.86E-01	1.60E+00	6.26E+00	10	881	6.58E-02	1.14E-02	chr10_68276719_68277215,chr10_80054157_80054700,chr10_80055087_80056206,chr11_87422538_87423866,chr12_16589553_16589895,chr12_16590033_16592004,chr13_63563733_63564766,chr13_63566316_63566849,chr17_35836387_35836777,chr17_83920344_83920701,chr17_84184827_84185319,chr17_84185496_84186847,chr7_19355987_19356721,chr8_84660555_84662042	Arid5b,Cacna1a,Fancc,Gpx4,Lpin1,Mdc1,Ppp1r13l,Ptch1,Tex14,Zfp36l2
Mouse Phenotype	MP:0002036	increased rhabdomyosarcoma incidence	344	1.78E-02	1.00E+00	4.89E-01	9.88E+00	2.02E-01	2	2.07E-03	2.04E-02	1128	1.14E-01	1.00E+00	9.57E-01	8.28E+00	1.21E-01	1	17	6.58E-03	5.88E-02	chr13_63563733_63564766,chr13_63566316_63566849	Ptch1
Mouse Phenotype	MP:0003414	epidermal cyst	345	1.78E-02	1.00E+00	4.88E-01	9.87E+00	2.03E-01	2	2.07E-03	2.04E-02	1203	1.27E-01	1.00E+00	9.96E-01	7.41E+00	1.35E-01	1	19	6.58E-03	5.26E-02	chr13_63563733_63564766,chr13_63566316_63566849	Ptch1
Mouse Phenotype	MP:0020414	abnormal fibroblast physiology	346	1.79E-02	1.00E+00	4.90E-01	2.90E+00	2.07E+00	6	2.11E-02	6.12E-02	239	9.54E-03	1.00E+00	3.77E-01	3.34E+00	1.80E+00	6	253	3.95E-02	2.37E-02	chr10_68276719_68277215,chr2_75703196_75704248,chr3_50442906_50443889,chr6_121069244_121070033,chr7_19355987_19356721,chr8_124946584_124947555	Arid5b,Bid,Nfe2l2,Ppp1r13l,Slc7a11,Sprtn
Mouse Phenotype	MP:0003742	narrow head	347	1.80E-02	1.00E+00	4.90E-01	5.51E+01	1.81E-02	1	1.85E-04	1.02E-02	371	2.12E-02	1.00E+00	5.39E-01	4.69E+01	2.13E-02	1	3	6.58E-03	3.33E-01	chr5_134313576_134314029	Gtf2i
Mouse Phenotype	MP:0008148	abnormal sternocostal joint morphology	348	1.80E-02	1.00E+00	4.90E-01	4.02E+00	9.94E-01	4	1.01E-02	4.08E-02	100	2.01E-03	1.00E+00	1.90E-01	7.51E+00	5.33E-01	4	75	2.63E-02	5.33E-02	chr10_68276719_68277215,chr13_63563733_63564766,chr13_63566316_63566849,chr15_102982607_102983365	Arid5b,Hoxc8,Hoxc9,Ptch1
Mouse Phenotype	MP:0000159	abnormal xiphoid process morphology	349	1.80E-02	1.00E+00	4.89E-01	4.02E+00	9.94E-01	4	1.01E-02	4.08E-02	79	9.33E-04	1.00E+00	1.12E-01	9.23E+00	4.33E-01	4	61	2.63E-02	6.56E-02	chr13_63563733_63564766,chr13_63566316_63566849,chr14_46387358_46388080,chr15_102982607_102983365	Bmp4,Hoxc8,Hoxc9,Ptch1
Mouse Phenotype	MP:0006033	abnormal external auditory canal morphology	350	1.83E-02	1.00E+00	4.93E-01	9.74E+00	2.05E-01	2	2.10E-03	2.04E-02	1128	1.14E-01	1.00E+00	9.57E-01	8.28E+00	1.21E-01	1	17	6.58E-03	5.88E-02	chr13_53471407_53472168,chr13_53472662_53473247	Msx2
Mouse Phenotype	MP:0004342	scapular bone foramen	351	1.84E-02	1.00E+00	4.96E-01	9.70E+00	2.06E-01	2	2.10E-03	2.04E-02	923	8.20E-02	1.00E+00	8.40E-01	1.17E+01	8.53E-02	1	12	6.58E-03	8.33E-02	chr13_63563733_63564766,chr13_63566316_63566849	Ptch1
Mouse Phenotype	MP:0012803	absent rhombomere 5	352	1.84E-02	1.00E+00	4.96E-01	5.37E+01	1.86E-02	1	1.90E-04	1.02E-02	371	2.12E-02	1.00E+00	5.39E-01	4.69E+01	2.13E-02	1	3	6.58E-03	3.33E-01	chr11_96352608_96353722	Hoxb1
Mouse Phenotype	MP:0013545	cleft hard palate	353	1.86E-02	1.00E+00	4.98E-01	3.29E+00	1.52E+00	5	1.55E-02	5.10E-02	436	2.79E-02	1.00E+00	6.05E-01	4.59E+00	6.54E-01	3	92	1.97E-02	3.26E-02	chr13_40727364_40730800,chr13_63563733_63564766,chr13_63566316_63566849,chr2_71541880_71544776,chr2_71544955_71545796	Dlx2,Ptch1,Tfap2a
Mouse Phenotype	MP:0006283	increased medulloblastoma incidence	354	1.87E-02	1.00E+00	5.00E-01	9.61E+00	2.08E-01	2	2.12E-03	2.04E-02	1434	1.81E-01	1.00E+00	1.00E+00	5.03E+00	1.99E-01	1	28	6.58E-03	3.57E-02	chr13_63563733_63564766,chr13_63566316_63566849	Ptch1
Mouse Phenotype	MP:0006060	increased cerebral infarction size	355	1.88E-02	1.00E+00	5.02E-01	9.58E+00	2.09E-01	2	2.13E-03	2.04E-02	340	1.80E-02	1.00E+00	4.99E-01	9.71E+00	2.06E-01	2	29	1.32E-02	6.90E-02	chr2_75703196_75704248,chr8_84660555_84662042	Cacna1a,Nfe2l2
Mouse Phenotype	MP:0004468	small zygomatic bone	356	1.91E-02	1.00E+00	5.08E-01	9.51E+00	2.10E-01	2	2.15E-03	2.04E-02	108	2.17E-03	1.00E+00	1.90E-01	2.82E+01	7.10E-02	2	10	1.32E-02	2.00E-01	chr13_40727364_40730800,chr14_46387358_46388080	Bmp4,Tfap2a
Mouse Phenotype	MP:0004471	short nasal bone	357	1.92E-02	1.00E+00	5.08E-01	5.34E+00	5.62E-01	3	5.74E-03	3.06E-02	121	2.66E-03	1.00E+00	2.08E-01	1.08E+01	2.77E-01	3	39	1.97E-02	7.69E-02	chr10_68276719_68277215,chr13_40727364_40730800,chr14_46387358_46388080	Arid5b,Bmp4,Tfap2a
Mouse Phenotype	MP:0002075	abnormal coat/hair pigmentation	358	1.96E-02	1.00E+00	5.16E-01	2.58E+00	2.72E+00	7	2.77E-02	7.14E-02	228	8.54E-03	1.00E+00	3.54E-01	3.42E+00	1.75E+00	6	247	3.95E-02	2.43E-02	chr11_100206147_100206767,chr13_40727364_40730800,chr13_63563733_63564766,chr13_63566316_63566849,chr15_89174182_89175604,chr16_5254419_5255117,chr3_50442906_50443889	Alg1,Krt14,Plxnb2,Ptch1,Slc7a11,Tfap2a
Mouse Phenotype	MP:0002577	reduced enamel thickness	359	1.97E-02	1.00E+00	5.19E-01	9.35E+00	2.14E-01	2	2.18E-03	2.04E-02	877	7.54E-02	1.00E+00	8.14E-01	1.28E+01	7.81E-02	1	11	6.58E-03	9.09E-02	chr13_53471407_53472168,chr13_53472662_53473247	Msx2
Mouse Phenotype	MP:0001696	failure to gastrulate	360	1.98E-02	1.00E+00	5.21E-01	5.27E+00	5.70E-01	3	5.81E-03	3.06E-02	751	5.64E-02	1.00E+00	7.11E-01	5.21E+00	3.84E-01	2	54	1.32E-02	3.70E-02	chr10_80054157_80054700,chr10_80055087_80056206,chr4_133755923_133757903	Arid1a,Gpx4
Mouse Phenotype	MP:0000124	absent teeth	361	1.99E-02	1.00E+00	5.20E-01	9.31E+00	2.15E-01	2	2.19E-03	2.04E-02	1165	1.20E-01	1.00E+00	9.78E-01	7.82E+00	1.28E-01	1	18	6.58E-03	5.56E-02	chr13_53471407_53472168,chr13_53472662_53473247	Msx2
Mouse Phenotype	MP:0003756	abnormal hard palate morphology	362	2.00E-02	1.00E+00	5.22E-01	2.83E+00	2.12E+00	6	2.16E-02	6.12E-02	277	1.36E-02	1.00E+00	4.64E-01	4.36E+00	9.16E-01	4	129	2.63E-02	3.10E-02	chr10_68276719_68277215,chr13_40727364_40730800,chr13_63563733_63564766,chr13_63566316_63566849,chr2_71541880_71544776,chr2_71544955_71545796	Arid5b,Dlx2,Ptch1,Tfap2a
Mouse Phenotype	MP:0009115	abnormal fat cell morphology	363	2.01E-02	1.00E+00	5.22E-01	2.83E+00	2.12E+00	6	2.17E-02	6.12E-02	359	1.99E-02	1.00E+00	5.24E-01	3.23E+00	1.55E+00	5	218	3.29E-02	2.29E-02	chr10_68276719_68277215,chr12_16589553_16589895,chr12_16590033_16592004,chr2_75703196_75704248,chr6_118758397_118758711,chr8_124946584_124947555	Ankrd26,Arid5b,Lpin1,Nfe2l2,Sprtn
Mouse Phenotype	MP:0010124	decreased bone mineral content	364	2.01E-02	1.00E+00	5.23E-01	2.82E+00	2.12E+00	6	2.17E-02	6.12E-02	407	2.36E-02	1.00E+00	5.48E-01	3.09E+00	1.62E+00	5	228	3.29E-02	2.19E-02	chr11_101658299_101659257,chr11_120186364_120189507,chr11_69399728_69400631,chr5_111006204_111007025,chr8_26117824_26118019,chr8_26118257_26118822	Arl4d,Cyb5d1,Hook3,Slc38a10,Ttc28
Mouse Phenotype	MP:0000445	short snout	365	2.02E-02	1.00E+00	5.23E-01	2.82E+00	2.13E+00	6	2.17E-02	6.12E-02	148	3.81E-03	1.00E+00	2.43E-01	4.85E+00	1.03E+00	5	145	3.29E-02	3.45E-02	chr13_40727364_40730800,chr13_53471407_53472168,chr13_53472662_53473247,chr4_133755923_133757903,chr5_134313576_134314029,chr7_116032327_116033153	Arid1a,Gtf2i,Msx2,Sox6,Tfap2a
Mouse Phenotype	MP:0010344	increased hibernoma incidence	366	2.02E-02	1.00E+00	5.23E-01	4.89E+01	2.04E-02	1	2.09E-04	1.02E-02	437	2.81E-02	1.00E+00	6.09E-01	3.52E+01	2.84E-02	1	4	6.58E-03	2.50E-01	chr3_89280734_89281464	Efna1
Mouse Phenotype	MP:0003425	abnormal optic vesicle formation	367	2.03E-02	1.00E+00	5.23E-01	5.22E+00	5.75E-01	3	5.86E-03	3.06E-02	467	2.84E-02	1.00E+00	5.75E-01	7.61E+00	2.63E-01	2	37	1.32E-02	5.41E-02	chr13_53471407_53472168,chr13_53472662_53473247,chr16_30066210_30067176	Hes1,Msx2
Mouse Phenotype	MP:0001533	abnormal skeleton physiology	368	2.05E-02	1.00E+00	5.26E-01	1.88E+00	6.92E+00	13	7.06E-02	1.33E-01	370	2.08E-02	1.00E+00	5.31E-01	2.11E+00	4.73E+00	10	666	6.58E-02	1.50E-02	chr10_68276719_68277215,chr10_80055087_80056206,chr11_101964638_101965429,chr11_120186364_120189507,chr12_16589553_16589895,chr12_16590033_16592004,chr13_53471407_53472168,chr13_53472662_53473247,chr13_63563733_63564766,chr13_63566316_63566849,chr14_46387358_46388080,chr15_102982607_102983365,chr7_116032327_116033153	Arid5b,Bmp4,Hoxc9,Lpin1,Msx2,Ptch1,Sbno2,Slc38a10,Sost,Sox6
Mouse Phenotype	MP:0004670	small vertebral body	369	2.05E-02	1.00E+00	5.26E-01	9.15E+00	2.19E-01	2	2.23E-03	2.04E-02	184	6.36E-03	1.00E+00	3.27E-01	1.66E+01	1.21E-01	2	17	1.32E-02	1.18E-01	chr14_46387358_46388080,chr7_126781249_126781424	Bmp4,Tbx6
Mouse Phenotype	MP:0000847	abnormal metencephalon morphology	370	2.06E-02	1.00E+00	5.26E-01	1.94E+00	6.18E+00	12	6.31E-02	1.22E-01	73	7.76E-04	1.00E+00	1.01E-01	3.16E+00	3.48E+00	11	490	7.24E-02	2.24E-02	chr11_96352608_96353722,chr12_118847345_118851129,chr13_53471407_53472168,chr13_53472662_53473247,chr13_63563733_63564766,chr13_63566316_63566849,chr15_89174182_89175604,chr16_30066210_30067176,chr5_24757808_24758735,chr6_121069244_121070033,chr6_48840815_48841662,chr8_84660555_84662042	Bid,Cacna1a,Crygn,Hes1,Hoxb1,Hoxb2,Msx2,Plxnb2,Ptch1,Sp8,Tmem176b
Mouse Phenotype	MP:0001823	thymus hypoplasia	371	2.06E-02	1.00E+00	5.25E-01	2.81E+00	2.14E+00	6	2.18E-02	6.12E-02	358	1.95E-02	1.00E+00	5.16E-01	3.24E+00	1.54E+00	5	217	3.29E-02	2.30E-02	chr10_68276719_68277215,chr11_100206147_100206767,chr13_40727364_40730800,chr13_63563733_63564766,chr13_63566316_63566849,chr16_30066210_30067176	Arid5b,Hes1,Krt14,Ptch1,Tfap2a
Mouse Phenotype	MP:0002024	increased T cell derived lymphoma incidence	372	2.06E-02	1.00E+00	5.24E-01	3.86E+00	1.04E+00	4	1.06E-02	4.08E-02	1378	1.64E-01	1.00E+00	1.00E+00	2.76E+00	7.25E-01	2	102	1.32E-02	1.96E-02	chr17_83920344_83920701,chr17_84184827_84185319,chr17_84185496_84186847,chr2_118544289_118545050	Bmf,Zfp36l2
Mouse Phenotype	MP:0002948	abnormal neuron specification	373	2.06E-02	1.00E+00	5.22E-01	9.13E+00	2.19E-01	2	2.23E-03	2.04E-02	1203	1.27E-01	1.00E+00	9.96E-01	7.41E+00	1.35E-01	1	19	6.58E-03	5.26E-02	chr9_55542234_55544237,chr9_55544680_55546400	Isl2
Mouse Phenotype	MP:0010365	increased thymus tumor incidence	374	2.07E-02	1.00E+00	5.23E-01	3.86E+00	1.04E+00	4	1.06E-02	4.08E-02	1383	1.66E-01	1.00E+00	1.00E+00	2.73E+00	7.32E-01	2	103	1.32E-02	1.94E-02	chr17_83920344_83920701,chr17_84184827_84185319,chr17_84185496_84186847,chr2_118544289_118545050	Bmf,Zfp36l2
Mouse Phenotype	MP:0010287	increased reproductive system tumor incidence	375	2.08E-02	1.00E+00	5.25E-01	3.85E+00	1.04E+00	4	1.06E-02	4.08E-02	622	4.28E-02	1.00E+00	6.50E-01	3.87E+00	7.74E-01	3	109	1.97E-02	2.75E-02	chr13_63563733_63564766,chr13_63566316_63566849,chr3_37642698_37643251,chr4_133755923_133757903	Arid1a,Ptch1,Spry1
Mouse Phenotype	MP:0010866	abnormal prenatal body size	376	2.09E-02	1.00E+00	5.25E-01	1.77E+00	8.46E+00	15	8.63E-02	1.53E-01	706	5.22E-02	1.00E+00	6.99E-01	1.74E+00	6.31E+00	11	888	7.24E-02	1.24E-02	chr10_80054157_80054700,chr10_80055087_80056206,chr12_16589553_16589895,chr12_16590033_16592004,chr13_40727364_40730800,chr13_53471407_53472168,chr13_53472662_53473247,chr13_63563733_63564766,chr13_63566316_63566849,chr16_30066210_30067176,chr2_75703196_75704248,chr4_133755923_133757903,chr4_134019055_134020274,chr5_134313576_134314029,chr5_138992412_138994516	Arid1a,Gpx4,Gtf2i,Hes1,Lin28a,Lpin1,Msx2,Nfe2l2,Pdgfa,Ptch1,Tfap2a
Mouse Phenotype	MP:0000118	arrest of tooth development	377	2.10E-02	1.00E+00	5.27E-01	9.03E+00	2.21E-01	2	2.26E-03	2.04E-02	771	6.22E-02	1.00E+00	7.62E-01	1.56E+01	6.39E-02	1	9	6.58E-03	1.11E-01	chr13_53471407_53472168,chr13_53472662_53473247	Msx2
Mouse Phenotype	MP:0009584	decreased keratinocyte proliferation	378	2.11E-02	1.00E+00	5.27E-01	9.02E+00	2.22E-01	2	2.26E-03	2.04E-02	264	1.25E-02	1.00E+00	4.47E-01	1.17E+01	1.71E-01	2	24	1.32E-02	8.33E-02	chr11_100206147_100206767,chr7_19355987_19356721	Krt14,Ppp1r13l
Mouse Phenotype	MP:0000172	abnormal bone marrow cell number	379	2.12E-02	1.00E+00	5.28E-01	2.79E+00	2.15E+00	6	2.19E-02	6.12E-02	861	7.12E-02	1.00E+00	7.82E-01	2.57E+00	1.56E+00	4	219	2.63E-02	1.83E-02	chr10_68276719_68277215,chr13_63563733_63564766,chr17_83920344_83920701,chr17_84184827_84185319,chr17_84185496_84186847,chr8_84660555_84662042	Arid5b,Cacna1a,Fancc,Zfp36l2
Mouse Phenotype	MP:0014169	decreased brown adipose tissue mass	380	2.14E-02	1.00E+00	5.33E-01	8.95E+00	2.24E-01	2	2.28E-03	2.04E-02	1128	1.14E-01	1.00E+00	9.57E-01	8.28E+00	1.21E-01	1	17	6.58E-03	5.88E-02	chr12_16589553_16589895,chr12_16590033_16592004	Lpin1
Mouse Phenotype	MP:0000947	convulsive seizures	381	2.14E-02	1.00E+00	5.31E-01	2.78E+00	2.15E+00	6	2.20E-02	6.12E-02	565	3.90E-02	1.00E+00	6.53E-01	3.15E+00	1.27E+00	4	179	2.63E-02	2.23E-02	chr10_80054157_80054700,chr10_80055087_80056206,chr13_53471407_53472168,chr13_53472662_53473247,chr6_121069244_121070033,chr8_84660555_84662042	Bid,Cacna1a,Gpx4,Msx2
Mouse Phenotype	MP:0002367	abnormal thymus lobule morphology	382	2.16E-02	1.00E+00	5.34E-01	3.81E+00	1.05E+00	4	1.07E-02	4.08E-02	637	4.47E-02	1.00E+00	6.64E-01	3.80E+00	7.89E-01	3	111	1.97E-02	2.70E-02	chr10_68276719_68277215,chr11_100206147_100206767,chr13_63563733_63564766,chr13_63566316_63566849	Arid5b,Krt14,Ptch1
Mouse Phenotype	MP:0003388	absent pericardium	383	2.16E-02	1.00E+00	5.33E-01	4.58E+01	2.18E-02	1	2.23E-04	1.02E-02	371	2.12E-02	1.00E+00	5.39E-01	4.69E+01	2.13E-02	1	3	6.58E-03	3.33E-01	chr13_40727364_40730800	Tfap2a
Mouse Phenotype	MP:0002699	abnormal vitreous body morphology	384	2.16E-02	1.00E+00	5.32E-01	3.80E+00	1.05E+00	4	1.07E-02	4.08E-02	357	1.94E-02	1.00E+00	5.14E-01	5.28E+00	5.68E-01	3	80	1.97E-02	3.75E-02	chr13_53471407_53472168,chr13_53472662_53473247,chr14_46387358_46388080,chr3_50442906_50443889	Bmp4,Msx2,Slc7a11
Mouse Phenotype	MP:0008797	facial cleft	385	2.16E-02	1.00E+00	5.31E-01	5.10E+00	5.89E-01	3	6.01E-03	3.06E-02	143	3.52E-03	1.00E+00	2.33E-01	9.82E+00	3.05E-01	3	43	1.97E-02	6.98E-02	chr13_40727364_40730800,chr5_134313576_134314029,chr5_138992412_138994516	Gtf2i,Pdgfa,Tfap2a
Mouse Phenotype	MP:0000106	abnormal basisphenoid bone morphology	386	2.17E-02	1.00E+00	5.32E-01	3.80E+00	1.05E+00	4	1.07E-02	4.08E-02	822	6.79E-02	1.00E+00	7.82E-01	4.69E+00	4.26E-01	2	60	1.32E-02	3.33E-02	chr13_63563733_63564766,chr13_63566316_63566849,chr2_71541880_71544776,chr2_71544955_71545796	Dlx2,Ptch1
Mouse Phenotype	MP:0012431	increased lymphoma incidence	387	2.17E-02	1.00E+00	5.31E-01	2.78E+00	2.16E+00	6	2.21E-02	6.12E-02	1698	2.62E-01	1.00E+00	1.00E+00	1.69E+00	1.78E+00	3	250	1.97E-02	1.20E-02	chr13_63563733_63564766,chr13_63566316_63566849,chr17_83920344_83920701,chr17_84184827_84185319,chr17_84185496_84186847,chr2_118544289_118545050	Bmf,Ptch1,Zfp36l2
Mouse Phenotype	MP:0000705	athymia	388	2.18E-02	1.00E+00	5.30E-01	8.87E+00	2.26E-01	2	2.30E-03	2.04E-02	300	1.46E-02	1.00E+00	4.59E-01	1.08E+01	1.85E-01	2	26	1.32E-02	7.69E-02	chr11_96352608_96353722,chr13_40727364_40730800	Hoxb1,Tfap2a
Mouse Phenotype	MP:0005065	abnormal neutrophil morphology	389	2.19E-02	1.00E+00	5.31E-01	2.52E+00	2.78E+00	7	2.84E-02	7.14E-02	1158	1.17E-01	1.00E+00	9.57E-01	1.94E+00	2.58E+00	5	363	3.29E-02	1.38E-02	chr11_100206147_100206767,chr11_70233509_70233695,chr13_63563733_63564766,chr13_63566316_63566849,chr17_83920344_83920701,chr17_84184827_84185319,chr17_84185496_84186847	Bcl6b,Fancc,Krt14,Ptch1,Zfp36l2
Mouse Phenotype	MP:0004453	abnormal pterygoid bone morphology	390	2.19E-02	1.00E+00	5.32E-01	8.83E+00	2.27E-01	2	2.31E-03	2.04E-02	160	4.95E-03	1.00E+00	2.93E-01	1.88E+01	1.07E-01	2	15	1.32E-02	1.33E-01	chr2_71541880_71544776,chr2_71544955_71545796	Dlx1,Dlx2
Mouse Phenotype	MP:0009960	abnormal cerebellum anterior lobe morphology	391	2.21E-02	1.00E+00	5.33E-01	8.80E+00	2.27E-01	2	2.32E-03	2.04E-02	1021	9.50E-02	1.00E+00	8.80E-01	1.01E+01	9.95E-02	1	14	6.58E-03	7.14E-02	chr13_53471407_53472168,chr13_53472662_53473247	Msx2
Mouse Phenotype	MP:0009351	thin hair shaft	392	2.21E-02	1.00E+00	5.33E-01	4.48E+01	2.23E-02	1	2.28E-04	1.02E-02	581	4.19E-02	1.00E+00	6.82E-01	2.35E+01	4.26E-02	1	6	6.58E-03	1.67E-01	chr7_19355987_19356721	Ppp1r13l
Mouse Phenotype	MP:0002971	abnormal brown adipose tissue morphology	393	2.22E-02	1.00E+00	5.34E-01	3.14E+00	1.59E+00	5	1.62E-02	5.10E-02	360	2.00E-02	1.00E+00	5.26E-01	3.88E+00	1.03E+00	4	145	2.63E-02	2.76E-02	chr10_68276719_68277215,chr11_101964638_101965429,chr12_16589553_16589895,chr12_16590033_16592004,chr6_118758397_118758711	Ankrd26,Arid5b,Lpin1,Meox1
Mouse Phenotype	MP:0000866	cerebellum vermis hypoplasia	394	2.22E-02	1.00E+00	5.33E-01	8.77E+00	2.28E-01	2	2.33E-03	2.04E-02	1021	9.50E-02	1.00E+00	8.80E-01	1.01E+01	9.95E-02	1	14	6.58E-03	7.14E-02	chr13_53471407_53472168,chr13_53472662_53473247	Msx2
Mouse Phenotype	MP:0001658	increased mortality induced by gamma-irradiation	395	2.23E-02	1.00E+00	5.34E-01	8.75E+00	2.29E-01	2	2.33E-03	2.04E-02	1596	2.27E-01	1.00E+00	1.00E+00	3.91E+00	2.56E-01	1	36	6.58E-03	2.78E-02	chr10_80054157_80054700,chr10_80055087_80056206	Gpx4
Mouse Phenotype	MP:0014168	abnormal brown adipose tissue mass	396	2.24E-02	1.00E+00	5.36E-01	8.72E+00	2.29E-01	2	2.34E-03	2.04E-02	1165	1.20E-01	1.00E+00	9.78E-01	7.82E+00	1.28E-01	1	18	6.58E-03	5.56E-02	chr12_16589553_16589895,chr12_16590033_16592004	Lpin1
Mouse Phenotype	MP:0008825	abnormal cardiac epithelial to mesenchymal transition	397	2.25E-02	1.00E+00	5.35E-01	5.02E+00	5.98E-01	3	6.10E-03	3.06E-02	363	2.04E-02	1.00E+00	5.31E-01	9.08E+00	2.20E-01	2	31	1.32E-02	6.45E-02	chr13_53471407_53472168,chr13_53472662_53473247,chr3_89280734_89281464	Efna1,Msx2
Mouse Phenotype	MP:0004066	abnormal primitive node morphology	398	2.25E-02	1.00E+00	5.35E-01	5.02E+00	5.98E-01	3	6.10E-03	3.06E-02	254	1.11E-02	1.00E+00	4.15E-01	6.50E+00	4.62E-01	3	65	1.97E-02	4.62E-02	chr14_46387358_46388080,chr7_100372146_100372354,chr7_126781249_126781424	Bmp4,C2cd3,Tbx6
Mouse Phenotype	MP:0030067	narrow face	399	2.26E-02	1.00E+00	5.35E-01	4.38E+01	2.28E-02	1	2.33E-04	1.02E-02	25	1.50E-04	1.00E+00	5.66E-02	9.38E+01	2.13E-02	2	3	1.32E-02	6.67E-01	chr11_96352608_96353722	Hoxb1,Hoxb2
Mouse Phenotype	MP:0004134	abnormal chest morphology	400	2.28E-02	1.00E+00	5.39E-01	4.99E+00	6.01E-01	3	6.13E-03	3.06E-02	696	5.10E-02	1.00E+00	6.93E-01	5.52E+00	3.62E-01	2	51	1.32E-02	3.92E-02	chr13_63563733_63564766,chr13_63566316_63566849,chr5_138992412_138994516	Pdgfa,Ptch1
Mouse Phenotype	MP:0000956	decreased spinal cord size	401	2.28E-02	1.00E+00	5.38E-01	8.64E+00	2.31E-01	2	2.36E-03	2.04E-02	1128	1.14E-01	1.00E+00	9.57E-01	8.28E+00	1.21E-01	1	17	6.58E-03	5.88E-02	chr13_53471407_53472168,chr13_53472662_53473247	Msx2
Mouse Phenotype	MP:0003447	decreased tumor growth/size	402	2.28E-02	1.00E+00	5.37E-01	3.74E+00	1.07E+00	4	1.09E-02	4.08E-02	704	5.20E-02	1.00E+00	6.98E-01	3.58E+00	8.38E-01	3	118	1.97E-02	2.54E-02	chr11_100206147_100206767,chr13_63563733_63564766,chr13_63566316_63566849,chr2_174428666_174429601	Ctsz,Krt14,Ptch1
Mouse Phenotype	MP:0009277	increased brain tumor incidence	403	2.29E-02	1.00E+00	5.38E-01	8.62E+00	2.32E-01	2	2.37E-03	2.04E-02	1562	2.15E-01	1.00E+00	1.00E+00	4.14E+00	2.42E-01	1	34	6.58E-03	2.94E-02	chr13_63563733_63564766,chr13_63566316_63566849	Ptch1
Mouse Phenotype	MP:0002823	abnormal rib development	404	2.31E-02	1.00E+00	5.41E-01	8.58E+00	2.33E-01	2	2.38E-03	2.04E-02	399	2.16E-02	1.00E+00	5.13E-01	8.80E+00	2.27E-01	2	32	1.32E-02	6.25E-02	chr11_101964638_101965429,chr15_102982607_102983365	Hoxc9,Meox1
Mouse Phenotype	MP:0000556	abnormal hindlimb morphology	405	2.31E-02	1.00E+00	5.40E-01	2.07E+00	4.84E+00	10	4.94E-02	1.02E-01	243	9.90E-03	1.00E+00	3.85E-01	2.71E+00	2.96E+00	8	416	5.26E-02	1.92E-02	chr10_68276719_68277215,chr11_101964638_101965429,chr12_118847345_118851129,chr13_53471407_53472168,chr13_53472662_53473247,chr14_46387358_46388080,chr5_111006204_111007025,chr7_116032327_116033153,chr8_26117824_26118019,chr8_26118257_26118822	Arid5b,Bmp4,Hook3,Msx2,Sost,Sox6,Sp8,Ttc28
Mouse Phenotype	MP:0003050	abnormal sacral vertebrae morphology	406	2.32E-02	1.00E+00	5.40E-01	3.72E+00	1.07E+00	4	1.10E-02	4.08E-02	93	1.74E-03	1.00E+00	1.77E-01	5.82E+00	8.60E-01	5	121	3.29E-02	4.13E-02	chr11_101658299_101659257,chr12_118847345_118851129,chr15_102982607_102983365,chr3_89280734_89281464	Arl4d,Efna1,Hoxc8,Hoxc9,Sp8
Mouse Phenotype	MP:0003354	astrocytosis	407	2.33E-02	1.00E+00	5.41E-01	3.72E+00	1.08E+00	4	1.10E-02	4.08E-02	765	5.97E-02	1.00E+00	7.38E-01	3.38E+00	8.88E-01	3	125	1.97E-02	2.40E-02	chr10_80054157_80054700,chr10_80055087_80056206,chr2_75703196_75704248,chr6_60830285_60830625	Gpx4,Nfe2l2,Snca
Mouse Phenotype	MP:0005194	abnormal anterior uvea morphology	408	2.34E-02	1.00E+00	5.43E-01	2.73E+00	2.20E+00	6	2.25E-02	6.12E-02	132	2.99E-03	1.00E+00	2.14E-01	5.14E+00	9.73E-01	5	137	3.29E-02	3.65E-02	chr13_40727364_40730800,chr13_53471407_53472168,chr13_53472662_53473247,chr14_46387358_46388080,chr6_36388037_36388580,chr7_19355987_19356721	Bmp4,Chrm2,Msx2,Ppp1r13l,Tfap2a
Mouse Phenotype	MP:0012065	increased astrocyte number	409	2.39E-02	1.00E+00	5.52E-01	3.69E+00	1.08E+00	4	1.11E-02	4.08E-02	811	6.44E-02	1.00E+00	7.51E-01	3.27E+00	9.16E-01	3	129	1.97E-02	2.33E-02	chr10_80054157_80054700,chr10_80055087_80056206,chr2_75703196_75704248,chr6_60830285_60830625	Gpx4,Nfe2l2,Snca
Mouse Phenotype	MP:0010300	increased skin tumor incidence	410	2.39E-02	1.00E+00	5.51E-01	4.90E+00	6.12E-01	3	6.25E-03	3.06E-02	431	2.71E-02	1.00E+00	5.95E-01	4.64E+00	6.47E-01	3	91	1.97E-02	3.30E-02	chr11_100206147_100206767,chr13_63563733_63564766,chr13_63566316_63566849	Krt14,Krt9,Ptch1
Mouse Phenotype	MP:0008374	abnormal malleus manubrium morphology	411	2.40E-02	1.00E+00	5.52E-01	8.41E+00	2.38E-01	2	2.43E-03	2.04E-02	771	6.22E-02	1.00E+00	7.62E-01	1.56E+01	6.39E-02	1	9	6.58E-03	1.11E-01	chr13_53471407_53472168,chr13_53472662_53473247	Msx2
Mouse Phenotype	MP:0004462	small basisphenoid bone	412	2.41E-02	1.00E+00	5.53E-01	8.39E+00	2.38E-01	2	2.43E-03	2.04E-02	1128	1.14E-01	1.00E+00	9.57E-01	8.28E+00	1.21E-01	1	17	6.58E-03	5.88E-02	chr13_63563733_63564766,chr13_63566316_63566849	Ptch1
Mouse Phenotype	MP:0010292	increased alimentary system tumor incidence	413	2.45E-02	1.00E+00	5.60E-01	3.66E+00	1.09E+00	4	1.12E-02	4.08E-02	860	7.05E-02	1.00E+00	7.75E-01	3.15E+00	9.52E-01	3	134	1.97E-02	2.24E-02	chr11_100206147_100206767,chr13_63563733_63564766,chr13_63566316_63566849,chr2_75703196_75704248	Krt14,Nfe2l2,Ptch1
Mouse Phenotype	MP:0005090	increased double-negative T cell number	414	2.46E-02	1.00E+00	5.62E-01	3.65E+00	1.10E+00	4	1.12E-02	4.08E-02	692	4.99E-02	1.00E+00	6.81E-01	3.64E+00	8.24E-01	3	116	1.97E-02	2.59E-02	chr11_100206147_100206767,chr13_63563733_63564766,chr13_63566316_63566849,chr16_30066210_30067176	Hes1,Krt14,Ptch1
Mouse Phenotype	MP:0011098	embryonic lethality during organogenesis, complete penetrance	415	2.48E-02	1.00E+00	5.65E-01	1.78E+00	7.87E+00	14	8.03E-02	1.43E-01	224	8.22E-03	1.00E+00	3.47E-01	2.22E+00	5.41E+00	12	761	7.89E-02	1.58E-02	chr12_16589553_16589895,chr12_16590033_16592004,chr13_63563733_63564766,chr13_63566316_63566849,chr14_46387358_46388080,chr16_30066210_30067176,chr2_75703196_75704248,chr4_133755923_133757903,chr4_134019055_134020274,chr5_134313576_134314029,chr5_138992412_138994516,chr7_100372146_100372354,chr7_126781249_126781424,chr8_124946584_124947555	Arid1a,Bmp4,C2cd3,Egln1,Gtf2i,Hes1,Lin28a,Lpin1,Nfe2l2,Pdgfa,Ptch1,Tbx6
Mouse Phenotype	MP:0004029	spontaneous chromosome breakage	416	2.48E-02	1.00E+00	5.64E-01	8.26E+00	2.42E-01	2	2.47E-03	2.04E-02	355	1.91E-02	1.00E+00	5.10E-01	9.38E+00	2.13E-01	2	30	1.32E-02	6.67E-02	chr13_63563733_63564766,chr17_35836387_35836777	Fancc,Mdc1
Mouse Phenotype	MP:0000435	shortened head	417	2.49E-02	1.00E+00	5.64E-01	4.82E+00	6.22E-01	3	6.34E-03	3.06E-02	467	2.84E-02	1.00E+00	5.75E-01	7.61E+00	2.63E-01	2	37	1.32E-02	5.41E-02	chr13_63563733_63564766,chr13_63566316_63566849,chr14_46387358_46388080	Bmp4,Ptch1
Mouse Phenotype	MP:0004643	abnormal vertebrae number	418	2.49E-02	1.00E+00	5.64E-01	3.04E+00	1.64E+00	5	1.68E-02	5.10E-02	308	1.48E-02	1.00E+00	4.54E-01	3.48E+00	1.44E+00	5	202	3.29E-02	2.48E-02	chr11_101658299_101659257,chr15_102982607_102983365,chr3_89280734_89281464,chr5_111006204_111007025,chr6_39204889_39205411	Arl4d,Efna1,Hoxc9,Kdm7a,Ttc28
Mouse Phenotype	MP:0000120	malocclusion	419	2.51E-02	1.00E+00	5.67E-01	4.81E+00	6.24E-01	3	6.37E-03	3.06E-02	650	4.74E-02	1.00E+00	6.90E-01	5.75E+00	3.48E-01	2	49	1.32E-02	4.08E-02	chr13_40727364_40730800,chr13_53471407_53472168,chr13_53472662_53473247	Msx2,Tfap2a
Mouse Phenotype	MP:0002968	increased circulating alkaline phosphatase level	420	2.51E-02	1.00E+00	5.66E-01	3.04E+00	1.65E+00	5	1.68E-02	5.10E-02	684	4.91E-02	1.00E+00	6.79E-01	2.92E+00	1.37E+00	4	193	2.63E-02	2.07E-02	chr11_69399728_69400631,chr19_57119757_57120427,chr5_111006204_111007025,chr8_26117824_26118019,chr8_26118257_26118822	Afap1l2,Cyb5d1,Hook3,Ttc28
Mouse Phenotype	MP:0005225	abnormal vertebrae development	421	2.52E-02	1.00E+00	5.66E-01	3.62E+00	1.10E+00	4	1.13E-02	4.08E-02	98	1.82E-03	1.00E+00	1.76E-01	7.71E+00	5.19E-01	4	73	2.63E-02	5.48E-02	chr11_101964638_101965429,chr14_46387358_46388080,chr5_138992412_138994516,chr7_126781249_126781424	Bmp4,Meox1,Pdgfa,Tbx6
Mouse Phenotype	MP:0010290	increased muscle tumor incidence	422	2.53E-02	1.00E+00	5.68E-01	8.17E+00	2.45E-01	2	2.50E-03	2.04E-02	1434	1.81E-01	1.00E+00	1.00E+00	5.03E+00	1.99E-01	1	28	6.58E-03	3.57E-02	chr13_63563733_63564766,chr13_63566316_63566849	Ptch1
Mouse Phenotype	MP:0004647	decreased lumbar vertebrae number	423	2.54E-02	1.00E+00	5.68E-01	4.79E+00	6.27E-01	3	6.40E-03	3.06E-02	368	2.07E-02	1.00E+00	5.32E-01	5.15E+00	5.83E-01	3	82	1.97E-02	3.66E-02	chr11_101658299_101659257,chr3_89280734_89281464,chr5_111006204_111007025	Arl4d,Efna1,Ttc28
Mouse Phenotype	MP:0000276	heart right ventricle hypertrophy	424	2.59E-02	1.00E+00	5.77E-01	4.75E+00	6.31E-01	3	6.44E-03	3.06E-02	156	4.53E-03	1.00E+00	2.75E-01	8.98E+00	3.34E-01	3	47	1.97E-02	6.38E-02	chr14_46387358_46388080,chr5_138992412_138994516,chr6_118758397_118758711	Bmp4,Cacna1c,Pdgfa
Mouse Phenotype	MP:0001061	abnormal oculomotor nerve morphology	425	2.60E-02	1.00E+00	5.79E-01	8.05E+00	2.49E-01	2	2.54E-03	2.04E-02	160	4.95E-03	1.00E+00	2.93E-01	1.88E+01	1.07E-01	2	15	1.32E-02	1.33E-01	chr13_40727364_40730800,chr16_30066210_30067176	Hes1,Tfap2a
Mouse Phenotype	MP:0002058	neonatal lethality	426	2.61E-02	1.00E+00	5.80E-01	1.57E+00	1.27E+01	20	1.30E-01	2.04E-01	17	8.11E-05	7.67E-01	4.51E-02	2.70E+00	7.05E+00	19	992	1.25E-01	1.92E-02	chr10_68276719_68277215,chr11_101964638_101965429,chr11_96352608_96353722,chr12_118847345_118851129,chr13_40727364_40730800,chr13_53471407_53472168,chr13_53472662_53473247,chr15_89174182_89175604,chr2_71541880_71544776,chr2_71544955_71545796,chr4_133755923_133757903,chr4_134019055_134020274,chr6_118758397_118758711,chr7_100372146_100372354,chr7_116032327_116033153,chr7_82869018_82869904,chr8_124946584_124947555,chr8_84660555_84662042,chr9_55542234_55544237,chr9_55544680_55546400	Arid1a,Arid5b,Cacna1a,Cacna1c,Dlx1,Dlx2,Egln1,Hoxb1,Hoxb2,Isl2,Lin28a,Meox1,Mex3b,Msx2,Plxnb2,Ppme1,Sox6,Sp8,Tfap2a
Mouse Phenotype	MP:0000553	absent radius	427	2.62E-02	1.00E+00	5.79E-01	8.03E+00	2.49E-01	2	2.54E-03	2.04E-02	146	3.72E-03	1.00E+00	2.41E-01	2.17E+01	9.24E-02	2	13	1.32E-02	1.54E-01	chr12_118847345_118851129,chr13_40727364_40730800	Sp8,Tfap2a
Mouse Phenotype	MP:0009831	abnormal sperm midpiece morphology	428	2.62E-02	1.00E+00	5.78E-01	8.02E+00	2.49E-01	2	2.54E-03	2.04E-02	1779	2.90E-01	1.00E+00	1.00E+00	2.93E+00	3.41E-01	1	48	6.58E-03	2.08E-02	chr10_80054157_80054700,chr10_80055087_80056206	Gpx4
Mouse Phenotype	MP:0000432	abnormal head morphology	429	2.64E-02	1.00E+00	5.82E-01	1.62E+00	1.11E+01	18	1.13E-01	1.84E-01	44	3.43E-04	1.00E+00	7.37E-02	2.57E+00	6.61E+00	17	931	1.12E-01	1.83E-02	chr10_68276719_68277215,chr11_100206147_100206767,chr11_96352608_96353722,chr12_118847345_118851129,chr13_40727364_40730800,chr13_53471407_53472168,chr13_53472662_53473247,chr13_63563733_63564766,chr13_63566316_63566849,chr14_46387358_46388080,chr16_30066210_30067176,chr2_71541880_71544776,chr2_71544955_71545796,chr2_75703196_75704248,chr4_133755923_133757903,chr5_134313576_134314029,chr5_138992412_138994516,chr7_116032327_116033153	Arid1a,Arid5b,Bmp4,Dlx1,Dlx2,Gtf2i,Hes1,Hoxb1,Hoxb2,Krt14,Msx2,Nfe2l2,Pdgfa,Ptch1,Sox6,Sp8,Tfap2a
Mouse Phenotype	MP:0000166	abnormal chondrocyte morphology	430	2.65E-02	1.00E+00	5.82E-01	3.00E+00	1.67E+00	5	1.70E-02	5.10E-02	556	3.81E-02	1.00E+00	6.47E-01	4.06E+00	7.39E-01	3	104	1.97E-02	2.88E-02	chr13_53471407_53472168,chr13_53472662_53473247,chr13_63563733_63564766,chr13_63566316_63566849,chr7_116032327_116033153	Msx2,Ptch1,Sox6
Mouse Phenotype	MP:0000884	delaminated Purkinje cell layer	431	2.68E-02	1.00E+00	5.88E-01	7.92E+00	2.53E-01	2	2.58E-03	2.04E-02	829	6.88E-02	1.00E+00	7.85E-01	1.41E+01	7.10E-02	1	10	6.58E-03	1.00E-01	chr13_53471407_53472168,chr13_53472662_53473247	Msx2
Mouse Phenotype	MP:0002177	abnormal outer ear morphology	432	2.70E-02	1.00E+00	5.91E-01	2.98E+00	1.68E+00	5	1.71E-02	5.10E-02	354	1.91E-02	1.00E+00	5.11E-01	3.94E+00	1.02E+00	4	143	2.63E-02	2.80E-02	chr13_40727364_40730800,chr13_53471407_53472168,chr13_53472662_53473247,chr14_46387358_46388080,chr4_133755923_133757903	Arid1a,Bmp4,Msx2,Tfap2a
Mouse Phenotype	MP:0006211	small orbits	433	2.70E-02	1.00E+00	5.90E-01	3.65E+01	2.74E-02	1	2.79E-04	1.02E-02	371	2.12E-02	1.00E+00	5.39E-01	4.69E+01	2.13E-02	1	3	6.58E-03	3.33E-01	chr13_40727364_40730800	Tfap2a
Mouse Phenotype	MP:0003698	abnormal male reproductive system physiology	434	2.72E-02	1.00E+00	5.92E-01	1.76E+00	7.96E+00	14	8.13E-02	1.43E-01	493	3.20E-02	1.00E+00	6.14E-01	1.83E+00	6.56E+00	12	923	7.89E-02	1.30E-02	chr10_68276719_68277215,chr10_80054157_80054700,chr10_80055087_80056206,chr11_87422538_87423866,chr12_16589553_16589895,chr12_16590033_16592004,chr13_63563733_63564766,chr13_63566316_63566849,chr17_35836387_35836777,chr4_134019055_134020274,chr5_134313576_134314029,chr7_19355987_19356721,chr7_82869018_82869904,chr8_84660555_84662042	Arid5b,Cacna1a,Fancc,Gpx4,Gtf2i,Lin28a,Lpin1,Mdc1,Mex3b,Ppp1r13l,Ptch1,Tex14
Mouse Phenotype	MP:0000420	ruffled hair	435	2.72E-02	1.00E+00	5.92E-01	7.85E+00	2.55E-01	2	2.60E-03	2.04E-02	1579	2.21E-01	1.00E+00	1.00E+00	4.02E+00	2.49E-01	1	35	6.58E-03	2.86E-02	chr12_16589553_16589895,chr12_16590033_16592004	Lpin1
Mouse Phenotype	MP:0001282	short vibrissae	436	2.73E-02	1.00E+00	5.91E-01	7.85E+00	2.55E-01	2	2.60E-03	2.04E-02	1289	1.45E-01	1.00E+00	1.00E+00	6.40E+00	1.56E-01	1	22	6.58E-03	4.55E-02	chr13_53471407_53472168,chr13_53472662_53473247	Msx2
Mouse Phenotype	MP:0004449	absent presphenoid bone	437	2.74E-02	1.00E+00	5.93E-01	7.83E+00	2.56E-01	2	2.61E-03	2.04E-02	978	8.85E-02	1.00E+00	8.56E-01	1.08E+01	9.24E-02	1	13	6.58E-03	7.69E-02	chr13_63563733_63564766,chr13_63566316_63566849	Ptch1
Mouse Phenotype	MP:0011084	lethality at weaning, incomplete penetrance	438	2.75E-02	1.00E+00	5.93E-01	4.64E+00	6.46E-01	3	6.60E-03	3.06E-02	631	4.40E-02	1.00E+00	6.60E-01	5.99E+00	3.34E-01	2	47	1.32E-02	4.26E-02	chr12_16589553_16589895,chr12_16590033_16592004,chr2_75703196_75704248	Lpin1,Nfe2l2
Mouse Phenotype	MP:0003755	abnormal palate morphology	439	2.75E-02	1.00E+00	5.92E-01	2.01E+00	4.98E+00	10	5.08E-02	1.02E-01	117	2.48E-03	1.00E+00	2.01E-01	3.42E+00	2.34E+00	8	329	5.26E-02	2.43E-02	chr10_68276719_68277215,chr12_118847345_118851129,chr13_40727364_40730800,chr13_53471407_53472168,chr13_53472662_53473247,chr13_63563733_63564766,chr13_63566316_63566849,chr14_46387358_46388080,chr2_71541880_71544776,chr2_71544955_71545796	Arid5b,Bmp4,Dlx1,Dlx2,Msx2,Ptch1,Sp8,Tfap2a
Mouse Phenotype	MP:0002596	abnormal hematocrit	440	2.75E-02	1.00E+00	5.92E-01	2.63E+00	2.29E+00	6	2.33E-02	6.12E-02	1229	1.32E-01	1.00E+00	1.00E+00	2.05E+00	1.95E+00	4	274	2.63E-02	1.46E-02	chr17_83920344_83920701,chr17_84184827_84185319,chr17_84185496_84186847,chr2_75703196_75704248,chr5_111006204_111007025,chr8_124946584_124947555	Egln1,Nfe2l2,Ttc28,Zfp36l2
Mouse Phenotype	MP:0011961	abnormal cornea thickness	441	2.77E-02	1.00E+00	5.94E-01	4.63E+00	6.48E-01	3	6.62E-03	3.06E-02	417	2.56E-02	1.00E+00	5.81E-01	8.04E+00	2.49E-01	2	35	1.32E-02	5.71E-02	chr13_53471407_53472168,chr13_53472662_53473247,chr14_46387358_46388080	Bmp4,Msx2
Mouse Phenotype	MP:0009795	epidermal spongiosis	442	2.77E-02	1.00E+00	5.93E-01	3.56E+01	2.81E-02	1	2.87E-04	1.02E-02	437	2.81E-02	1.00E+00	6.09E-01	3.52E+01	2.84E-02	1	4	6.58E-03	2.50E-01	chr11_100206147_100206767	Krt14
Mouse Phenotype	MP:0012064	abnormal astrocyte number	443	2.77E-02	1.00E+00	5.92E-01	3.52E+00	1.14E+00	4	1.16E-02	4.08E-02	825	6.80E-02	1.00E+00	7.79E-01	3.20E+00	9.38E-01	3	132	1.97E-02	2.27E-02	chr10_80054157_80054700,chr10_80055087_80056206,chr2_75703196_75704248,chr6_60830285_60830625	Gpx4,Nfe2l2,Snca
Mouse Phenotype	MP:0001314	corneal opacity	444	2.78E-02	1.00E+00	5.92E-01	3.51E+00	1.14E+00	4	1.16E-02	4.08E-02	420	2.56E-02	1.00E+00	5.77E-01	4.74E+00	6.32E-01	3	89	1.97E-02	3.37E-02	chr13_53471407_53472168,chr13_53472662_53473247,chr14_46387358_46388080,chr7_19355987_19356721	Bmp4,Msx2,Ppp1r13l
Mouse Phenotype	MP:0006205	embryonic lethality between implantation and somite formation	445	2.79E-02	1.00E+00	5.94E-01	2.62E+00	2.29E+00	6	2.34E-02	6.12E-02	804	6.25E-02	1.00E+00	7.36E-01	2.35E+00	2.12E+00	5	299	3.29E-02	1.67E-02	chr10_80054157_80054700,chr10_80055087_80056206,chr13_40727364_40730800,chr14_46387358_46388080,chr4_133755923_133757903,chr5_111006204_111007025	Arid1a,Bmp4,Gpx4,Pitpnb,Tfap2a
Mouse Phenotype	MP:0000424	retarded hair growth	446	2.79E-02	1.00E+00	5.92E-01	7.74E+00	2.58E-01	2	2.64E-03	2.04E-02	923	8.20E-02	1.00E+00	8.40E-01	1.17E+01	8.53E-02	1	12	6.58E-03	8.33E-02	chr12_16589553_16589895,chr12_16590033_16592004	Lpin1
Mouse Phenotype	MP:0010274	increased organ/body region tumor incidence	447	2.80E-02	1.00E+00	5.93E-01	1.92E+00	5.73E+00	11	5.84E-02	1.12E-01	499	3.44E-02	1.00E+00	6.52E-01	2.03E+00	4.43E+00	9	624	5.92E-02	1.44E-02	chr11_100206147_100206767,chr13_63563733_63564766,chr13_63566316_63566849,chr17_83920344_83920701,chr17_84184827_84185319,chr17_84185496_84186847,chr2_118544289_118545050,chr2_174428666_174429601,chr2_75703196_75704248,chr3_37642698_37643251,chr4_133755923_133757903	Arid1a,Bmf,Ctsz,Krt14,Krt9,Nfe2l2,Ptch1,Spry1,Zfp36l2
Mouse Phenotype	MP:0011495	abnormal head shape	448	2.81E-02	1.00E+00	5.93E-01	3.50E+00	1.14E+00	4	1.17E-02	4.08E-02	415	2.49E-02	1.00E+00	5.67E-01	4.80E+00	6.25E-01	3	88	1.97E-02	3.41E-02	chr13_63563733_63564766,chr13_63566316_63566849,chr14_46387358_46388080,chr5_134313576_134314029	Bmp4,Gtf2i,Ptch1
Mouse Phenotype	MP:0009237	kinked sperm flagellum	449	2.84E-02	1.00E+00	5.99E-01	7.67E+00	2.61E-01	2	2.66E-03	2.04E-02	1408	1.75E-01	1.00E+00	1.00E+00	5.21E+00	1.92E-01	1	27	6.58E-03	3.70E-02	chr10_80054157_80054700,chr10_80055087_80056206	Gpx4
Mouse Phenotype	MP:0002200	abnormal brain ventricular system morphology	450	2.85E-02	1.00E+00	5.99E-01	2.09E+00	4.30E+00	9	4.39E-02	9.18E-02	195	6.85E-03	1.00E+00	3.32E-01	2.89E+00	2.77E+00	8	390	5.26E-02	2.05E-02	chr12_118847345_118851129,chr13_63563733_63564766,chr13_63566316_63566849,chr15_89174182_89175604,chr16_30066210_30067176,chr4_134019055_134020274,chr5_142815895_142816475,chr6_118758397_118758711,chr8_124946584_124947555	Cacna1c,Egln1,Hes1,Lin28a,Plxnb2,Ptch1,Slc29a4,Sp8
Mouse Phenotype	MP:0004561	absent facial nerve	451	2.88E-02	1.00E+00	6.05E-01	3.42E+01	2.93E-02	1	2.98E-04	1.02E-02	39	2.98E-04	1.00E+00	7.23E-02	7.04E+01	2.84E-02	2	4	1.32E-02	5.00E-01	chr11_96352608_96353722	Hoxb1,Hoxb2
Mouse Phenotype	MP:0001552	increased circulating triglyceride level	452	2.89E-02	1.00E+00	6.05E-01	2.93E+00	1.71E+00	5	1.74E-02	5.10E-02	628	4.39E-02	1.00E+00	6.61E-01	3.03E+00	1.32E+00	4	186	2.63E-02	2.15E-02	chr11_120186364_120189507,chr12_16589553_16589895,chr12_16590033_16592004,chr2_75703196_75704248,chr6_118758397_118758711	Ankrd26,Lpin1,Nfe2l2,Slc38a10
Mouse Phenotype	MP:0001274	curly vibrissae	453	2.89E-02	1.00E+00	6.04E-01	7.60E+00	2.63E-01	2	2.69E-03	2.04E-02	1434	1.81E-01	1.00E+00	1.00E+00	5.03E+00	1.99E-01	1	28	6.58E-03	3.57E-02	chr13_53471407_53472168,chr13_53472662_53473247	Msx2
Mouse Phenotype	MP:0005336	abnormal inguinal fat pad morphology	454	2.90E-02	1.00E+00	6.05E-01	4.54E+00	6.61E-01	3	6.74E-03	3.06E-02	906	7.60E-02	1.00E+00	7.93E-01	4.40E+00	4.55E-01	2	64	1.32E-02	3.13E-02	chr12_16589553_16589895,chr12_16590033_16592004,chr8_124946584_124947555	Lpin1,Sprtn
Mouse Phenotype	MP:0003871	abnormal myelin sheath morphology	455	2.91E-02	1.00E+00	6.06E-01	4.53E+00	6.62E-01	3	6.75E-03	3.06E-02	1156	1.15E-01	1.00E+00	9.44E-01	3.43E+00	5.83E-01	2	82	1.32E-02	2.44E-02	chr12_16589553_16589895,chr12_16590033_16592004,chr2_75703196_75704248	Lpin1,Nfe2l2
Mouse Phenotype	MP:0013151	abnormal incidence of induced tumors	456	2.92E-02	1.00E+00	6.06E-01	2.59E+00	2.32E+00	6	2.37E-02	6.12E-02	485	3.04E-02	1.00E+00	5.93E-01	2.88E+00	1.73E+00	5	244	3.29E-02	2.05E-02	chr11_100206147_100206767,chr13_63563733_63564766,chr13_63566316_63566849,chr2_75703196_75704248,chr3_50442906_50443889,chr4_141326801_141327760	Epha2,Krt14,Nfe2l2,Ptch1,Slc7a11
Mouse Phenotype	MP:0002088	abnormal embryonic growth/weight/body size	457	2.94E-02	1.00E+00	6.08E-01	1.66E+00	9.63E+00	16	9.82E-02	1.63E-01	703	5.12E-02	1.00E+00	6.89E-01	1.70E+00	7.06E+00	12	994	7.89E-02	1.21E-02	chr10_80054157_80054700,chr10_80055087_80056206,chr12_16589553_16589895,chr12_16590033_16592004,chr13_40727364_40730800,chr13_53471407_53472168,chr13_53472662_53473247,chr13_63563733_63564766,chr13_63566316_63566849,chr14_46387358_46388080,chr16_30066210_30067176,chr2_75703196_75704248,chr4_133755923_133757903,chr4_134019055_134020274,chr5_134313576_134314029,chr5_138992412_138994516	Arid1a,Bmp4,Gpx4,Gtf2i,Hes1,Lin28a,Lpin1,Msx2,Nfe2l2,Pdgfa,Ptch1,Tfap2a
Mouse Phenotype	MP:0005545	abnormal lens development	458	2.94E-02	1.00E+00	6.08E-01	3.45E+00	1.16E+00	4	1.18E-02	4.08E-02	353	1.88E-02	1.00E+00	5.03E-01	5.35E+00	5.61E-01	3	79	1.97E-02	3.80E-02	chr13_40727364_40730800,chr13_53471407_53472168,chr13_53472662_53473247,chr14_46387358_46388080	Bmp4,Msx2,Tfap2a
Mouse Phenotype	MP:0001415	increased exploration in new environment	459	2.95E-02	1.00E+00	6.07E-01	3.45E+00	1.16E+00	4	1.18E-02	4.08E-02	1303	1.46E-01	1.00E+00	1.00E+00	2.96E+00	6.75E-01	2	95	1.32E-02	2.11E-02	chr12_87298202_87298732,chr17_83920344_83920701,chr17_84184827_84185319,chr17_84185496_84186847	Haao,Ism2
Mouse Phenotype	MP:0011108	embryonic lethality during organogenesis, incomplete penetrance	460	3.05E-02	1.00E+00	6.26E-01	2.19E+00	3.66E+00	8	3.73E-02	8.16E-02	421	2.60E-02	1.00E+00	5.83E-01	2.66E+00	2.25E+00	6	317	3.95E-02	1.89E-02	chr13_53471407_53472168,chr13_53472662_53473247,chr13_63563733_63564766,chr13_63566316_63566849,chr14_46387358_46388080,chr16_30066210_30067176,chr5_138992412_138994516,chr7_6706261_6706761	Bmp4,Hes1,Msx2,Pdgfa,Peg3,Ptch1
Mouse Phenotype	MP:0009396	small endometrial glands	461	3.05E-02	1.00E+00	6.26E-01	3.23E+01	3.10E-02	1	3.16E-04	1.02E-02	437	2.81E-02	1.00E+00	6.09E-01	3.52E+01	2.84E-02	1	4	6.58E-03	2.50E-01	chr10_68276719_68277215	Arid5b
Mouse Phenotype	MP:0004986	abnormal osteoblast morphology	462	3.06E-02	1.00E+00	6.26E-01	2.88E+00	1.74E+00	5	1.77E-02	5.10E-02	405	2.33E-02	1.00E+00	5.44E-01	3.70E+00	1.08E+00	4	152	2.63E-02	2.63E-02	chr10_80055087_80056206,chr11_101964638_101965429,chr13_63563733_63564766,chr13_63566316_63566849,chr14_46387358_46388080	Bmp4,Ptch1,Sbno2,Sost
Mouse Phenotype	MP:0008188	abnormal transitional stage B cell morphology	463	3.06E-02	1.00E+00	6.26E-01	4.45E+00	6.75E-01	3	6.89E-03	3.06E-02	1195	1.25E-01	1.00E+00	9.88E-01	3.27E+00	6.11E-01	2	86	1.32E-02	2.33E-02	chr13_63563733_63564766,chr13_63566316_63566849,chr2_118544289_118545050	Bmf,Ptch1
Mouse Phenotype	MP:0005272	abnormal temporal bone morphology	464	3.10E-02	1.00E+00	6.33E-01	3.39E+00	1.18E+00	4	1.20E-02	4.08E-02	252	1.07E-02	1.00E+00	4.01E-01	6.60E+00	4.55E-01	3	64	1.97E-02	4.69E-02	chr14_46387358_46388080,chr2_71541880_71544776,chr2_71544955_71545796,chr4_133755923_133757903	Arid1a,Bmp4,Dlx2
Mouse Phenotype	MP:0000473	abnormal stomach glandular epithelium morphology	465	3.10E-02	1.00E+00	6.31E-01	7.31E+00	2.74E-01	2	2.79E-03	2.04E-02	1340	1.57E-01	1.00E+00	1.00E+00	5.86E+00	1.71E-01	1	24	6.58E-03	4.17E-02	chr13_63563733_63564766,chr13_63566316_63566849	Ptch1
Mouse Phenotype	MP:0004539	absent maxilla	466	3.13E-02	1.00E+00	6.35E-01	7.28E+00	2.75E-01	2	2.80E-03	2.04E-02	146	3.72E-03	1.00E+00	2.41E-01	2.17E+01	9.24E-02	2	13	1.32E-02	1.54E-01	chr13_40727364_40730800,chr14_46387358_46388080	Bmp4,Tfap2a
Mouse Phenotype	MP:0006356	abnormal third pharyngeal arch artery morphology	467	3.13E-02	1.00E+00	6.33E-01	7.28E+00	2.75E-01	2	2.80E-03	2.04E-02	240	9.64E-03	1.00E+00	3.80E-01	1.34E+01	1.49E-01	2	21	1.32E-02	9.52E-02	chr13_40727364_40730800,chr4_133755923_133757903	Arid1a,Tfap2a
Mouse Phenotype	MP:0009590	increased gonad tumor incidence	468	3.13E-02	1.00E+00	6.33E-01	4.40E+00	6.81E-01	3	6.95E-03	3.06E-02	1015	9.29E-02	1.00E+00	8.66E-01	3.91E+00	5.12E-01	2	72	1.32E-02	2.78E-02	chr13_63563733_63564766,chr13_63566316_63566849,chr4_133755923_133757903	Arid1a,Ptch1
Mouse Phenotype	MP:0005092	decreased double-positive T cell number	469	3.14E-02	1.00E+00	6.34E-01	2.86E+00	1.75E+00	5	1.78E-02	5.10E-02	707	5.22E-02	1.00E+00	6.98E-01	2.86E+00	1.40E+00	4	197	2.63E-02	2.03E-02	chr10_68276719_68277215,chr11_100206147_100206767,chr13_63563733_63564766,chr13_63566316_63566849,chr16_30066210_30067176	Arid5b,Hes1,Krt14,Ptch1
Mouse Phenotype	MP:0005146	decreased circulating VLDL cholesterol level	470	3.15E-02	1.00E+00	6.34E-01	7.25E+00	2.76E-01	2	2.81E-03	2.04E-02	1459	1.87E-01	1.00E+00	1.00E+00	4.85E+00	2.06E-01	1	29	6.58E-03	3.45E-02	chr12_16589553_16589895,chr12_16590033_16592004	Lpin1
Mouse Phenotype	MP:0010343	increased lipoma incidence	471	3.17E-02	1.00E+00	6.37E-01	3.10E+01	3.23E-02	1	3.29E-04	1.02E-02	660	4.87E-02	1.00E+00	6.98E-01	2.01E+01	4.97E-02	1	7	6.58E-03	1.43E-01	chr3_89280734_89281464	Efna1
Mouse Phenotype	MP:0006029	abnormal sclerotome morphology	472	3.19E-02	1.00E+00	6.38E-01	7.21E+00	2.78E-01	2	2.83E-03	2.04E-02	300	1.46E-02	1.00E+00	4.59E-01	1.08E+01	1.85E-01	2	26	1.32E-02	7.69E-02	chr11_101964638_101965429,chr4_141326801_141327760	Epha2,Meox1
Mouse Phenotype	MP:0009116	abnormal brown fat cell morphology	473	3.19E-02	1.00E+00	6.38E-01	4.37E+00	6.86E-01	3	7.00E-03	3.06E-02	766	6.02E-02	1.00E+00	7.43E-01	5.03E+00	3.98E-01	2	56	1.32E-02	3.57E-02	chr10_68276719_68277215,chr12_16589553_16589895,chr12_16590033_16592004	Arid5b,Lpin1
Mouse Phenotype	MP:0002183	gliosis	474	3.20E-02	1.00E+00	6.38E-01	2.85E+00	1.76E+00	5	1.79E-02	5.10E-02	813	6.48E-02	1.00E+00	7.54E-01	2.66E+00	1.51E+00	4	212	2.63E-02	1.89E-02	chr10_80054157_80054700,chr10_80055087_80056206,chr2_75703196_75704248,chr6_121069244_121070033,chr6_60830285_60830625	Bid,Gpx4,Nfe2l2,Snca
Mouse Phenotype	MP:0003795	abnormal bone structure	475	3.23E-02	1.00E+00	6.43E-01	1.68E+00	8.94E+00	15	9.12E-02	1.53E-01	257	1.11E-02	1.00E+00	4.10E-01	2.05E+00	6.33E+00	13	891	8.55E-02	1.46E-02	chr10_80055087_80056206,chr11_101658299_101659257,chr11_101964638_101965429,chr11_120186364_120189507,chr11_69399728_69400631,chr13_53471407_53472168,chr13_53472662_53473247,chr13_63563733_63564766,chr13_63566316_63566849,chr14_46387358_46388080,chr19_57119757_57120427,chr4_134019055_134020274,chr5_111006204_111007025,chr8_26117824_26118019,chr8_26118257_26118822	Afap1l2,Arl4d,Bmp4,Cyb5d1,Fancc,Hook3,Lin28a,Msx2,Ptch1,Sbno2,Slc38a10,Sost,Ttc28
Mouse Phenotype	MP:0004678	split xiphoid process	476	3.24E-02	1.00E+00	6.44E-01	7.14E+00	2.80E-01	2	2.86E-03	2.04E-02	231	8.76E-03	1.00E+00	3.59E-01	1.41E+01	1.42E-01	2	20	1.32E-02	1.00E-01	chr14_46387358_46388080,chr15_102982607_102983365	Bmp4,Hoxc8
Mouse Phenotype	MP:0012110	increased hair follicle number	477	3.26E-02	1.00E+00	6.46E-01	3.02E+01	3.31E-02	1	3.38E-04	1.02E-02	371	2.12E-02	1.00E+00	5.39E-01	4.69E+01	2.13E-02	1	3	6.58E-03	3.33E-01	chr11_100206147_100206767	Krt14
Mouse Phenotype	MP:0003384	abnormal ventral body wall morphology	478	3.27E-02	1.00E+00	6.47E-01	7.10E+00	2.82E-01	2	2.87E-03	2.04E-02	231	8.76E-03	1.00E+00	3.59E-01	1.41E+01	1.42E-01	2	20	1.32E-02	1.00E-01	chr13_40727364_40730800,chr14_46387358_46388080	Bmp4,Tfap2a
Mouse Phenotype	MP:0003076	increased susceptibility to ischemic brain injury	479	3.29E-02	1.00E+00	6.49E-01	7.09E+00	2.82E-01	2	2.88E-03	2.04E-02	476	2.98E-02	1.00E+00	5.93E-01	7.41E+00	2.70E-01	2	38	1.32E-02	5.26E-02	chr2_75703196_75704248,chr8_84660555_84662042	Cacna1a,Nfe2l2
Mouse Phenotype	MP:0004135	abnormal mammary gland embryonic development	480	3.29E-02	1.00E+00	6.48E-01	7.08E+00	2.82E-01	2	2.88E-03	2.04E-02	923	8.20E-02	1.00E+00	8.40E-01	1.17E+01	8.53E-02	1	12	6.58E-03	8.33E-02	chr13_53471407_53472168,chr13_53472662_53473247	Msx2
Mouse Phenotype	MP:0008328	increased somatotroph cell number	481	3.29E-02	1.00E+00	6.47E-01	2.99E+01	3.35E-02	1	3.42E-04	1.02E-02	371	2.12E-02	1.00E+00	5.39E-01	4.69E+01	2.13E-02	1	3	6.58E-03	3.33E-01	chr16_30066210_30067176	Hes1
Mouse Phenotype	MP:0009576	oral atresia	482	3.30E-02	1.00E+00	6.47E-01	2.98E+01	3.35E-02	1	3.42E-04	1.02E-02	581	4.19E-02	1.00E+00	6.82E-01	2.35E+01	4.26E-02	1	6	6.58E-03	1.67E-01	chr14_46387358_46388080	Bmp4
Mouse Phenotype	MP:0009914	abnormal hyoid bone lesser horn morphology	483	3.33E-02	1.00E+00	6.52E-01	7.03E+00	2.84E-01	2	2.90E-03	2.04E-02	153	4.31E-03	1.00E+00	2.67E-01	2.01E+01	9.95E-02	2	14	1.32E-02	1.43E-01	chr2_71541880_71544776,chr2_71544955_71545796	Dlx1,Dlx2
Mouse Phenotype	MP:0004377	small frontal bone	484	3.35E-02	1.00E+00	6.54E-01	7.01E+00	2.85E-01	2	2.91E-03	2.04E-02	160	4.95E-03	1.00E+00	2.93E-01	1.88E+01	1.07E-01	2	15	1.32E-02	1.33E-01	chr13_40727364_40730800,chr14_46387358_46388080	Bmp4,Tfap2a
Mouse Phenotype	MP:0003920	abnormal heart right ventricle morphology	485	3.36E-02	1.00E+00	6.54E-01	2.50E+00	2.40E+00	6	2.45E-02	6.12E-02	124	2.74E-03	1.00E+00	2.09E-01	4.33E+00	1.39E+00	6	195	3.95E-02	3.08E-02	chr13_40727364_40730800,chr14_46387358_46388080,chr4_133755923_133757903,chr5_138992412_138994516,chr6_118758397_118758711,chr7_19355987_19356721	Arid1a,Bmp4,Cacna1c,Pdgfa,Ppp1r13l,Tfap2a
Mouse Phenotype	MP:0008069	abnormal joint mobility	486	3.36E-02	1.00E+00	6.54E-01	7.00E+00	2.86E-01	2	2.92E-03	2.04E-02	1094	1.08E-01	1.00E+00	9.32E-01	8.80E+00	1.14E-01	1	16	6.58E-03	6.25E-02	chr12_16589553_16589895,chr12_16590033_16592004	Lpin1
Mouse Phenotype	MP:0013152	abnormal organ/body region tumor incidence	487	3.37E-02	1.00E+00	6.54E-01	1.87E+00	5.90E+00	11	6.02E-02	1.12E-01	573	4.01E-02	1.00E+00	6.61E-01	1.97E+00	4.56E+00	9	642	5.92E-02	1.40E-02	chr11_100206147_100206767,chr13_63563733_63564766,chr13_63566316_63566849,chr17_83920344_83920701,chr17_84184827_84185319,chr17_84185496_84186847,chr2_118544289_118545050,chr2_174428666_174429601,chr2_75703196_75704248,chr3_37642698_37643251,chr4_133755923_133757903	Arid1a,Bmf,Ctsz,Krt14,Krt9,Nfe2l2,Ptch1,Spry1,Zfp36l2
Mouse Phenotype	MP:0008949	increased Cajal-Retzius cell number	488	3.37E-02	1.00E+00	6.53E-01	2.92E+01	3.43E-02	1	3.50E-04	1.02E-02	437	2.81E-02	1.00E+00	6.09E-01	3.52E+01	2.84E-02	1	4	6.58E-03	2.50E-01	chr16_30066210_30067176	Hes1
Mouse Phenotype	MP:0000024	lowered ear position	489	3.38E-02	1.00E+00	6.53E-01	6.98E+00	2.87E-01	2	2.92E-03	2.04E-02	264	1.25E-02	1.00E+00	4.47E-01	1.17E+01	1.71E-01	2	24	1.32E-02	8.33E-02	chr14_46387358_46388080,chr4_133755923_133757903	Arid1a,Bmp4
Mouse Phenotype	MP:0000165	abnormal long bone hypertrophic chondrocyte zone	490	3.39E-02	1.00E+00	6.53E-01	2.80E+00	1.78E+00	5	1.82E-02	5.10E-02	922	8.20E-02	1.00E+00	8.41E-01	2.95E+00	1.02E+00	3	143	1.97E-02	2.10E-02	chr10_68276719_68277215,chr13_53471407_53472168,chr13_53472662_53473247,chr13_63563733_63564766,chr13_63566316_63566849	Arid5b,Msx2,Ptch1
Mouse Phenotype	MP:0006362	abnormal male germ cell morphology	491	3.40E-02	1.00E+00	6.54E-01	2.03E+00	4.44E+00	9	4.53E-02	9.18E-02	1112	1.08E-01	1.00E+00	9.17E-01	1.75E+00	4.01E+00	7	564	4.61E-02	1.24E-02	chr10_80054157_80054700,chr10_80055087_80056206,chr11_87422538_87423866,chr12_16589553_16589895,chr12_16590033_16592004,chr13_63563733_63564766,chr17_35836387_35836777,chr4_134019055_134020274,chr7_82869018_82869904	Fancc,Gpx4,Lin28a,Lpin1,Mdc1,Mex3b,Tex14
Mouse Phenotype	MP:0011082	abnormal gastrointestinal motility	492	3.42E-02	1.00E+00	6.57E-01	4.25E+00	7.05E-01	3	7.20E-03	3.06E-02	864	7.19E-02	1.00E+00	7.87E-01	4.54E+00	4.40E-01	2	62	1.32E-02	3.23E-02	chr2_71541880_71544776,chr2_71544955_71545796,chr6_60830285_60830625	Dlx2,Snca
Mouse Phenotype	MP:0001293	anophthalmia	493	3.46E-02	1.00E+00	6.63E-01	3.28E+00	1.22E+00	4	1.25E-02	4.08E-02	694	5.09E-02	1.00E+00	6.94E-01	3.61E+00	8.31E-01	3	117	1.97E-02	2.56E-02	chr13_40727364_40730800,chr13_63563733_63564766,chr13_63566316_63566849,chr14_46387358_46388080	Bmp4,Ptch1,Tfap2a
Mouse Phenotype	MP:0011264	abnormal cardiac mesenchyme morphology	494	3.47E-02	1.00E+00	6.65E-01	2.83E+01	3.54E-02	1	3.61E-04	1.02E-02	371	2.12E-02	1.00E+00	5.39E-01	4.69E+01	2.13E-02	1	3	6.58E-03	3.33E-01	chr14_46387358_46388080	Bmp4
Mouse Phenotype	MP:0006262	increased testis tumor incidence	495	3.50E-02	1.00E+00	6.69E-01	6.84E+00	2.92E-01	2	2.98E-03	2.04E-02	1459	1.87E-01	1.00E+00	1.00E+00	4.85E+00	2.06E-01	1	29	6.58E-03	3.45E-02	chr13_63563733_63564766,chr13_63566316_63566849	Ptch1
Mouse Phenotype	MP:0002896	abnormal bone mineralization	496	3.51E-02	1.00E+00	6.69E-01	2.48E+00	2.42E+00	6	2.47E-02	6.12E-02	310	1.51E-02	1.00E+00	4.60E-01	3.47E+00	1.44E+00	5	203	3.29E-02	2.46E-02	chr10_80055087_80056206,chr11_101964638_101965429,chr11_120186364_120189507,chr13_63563733_63564766,chr13_63566316_63566849,chr7_116032327_116033153	Ptch1,Sbno2,Slc38a10,Sost,Sox6
Mouse Phenotype	MP:0006000	abnormal corneal epithelium morphology	497	3.52E-02	1.00E+00	6.70E-01	4.21E+00	7.13E-01	3	7.28E-03	3.06E-02	650	4.74E-02	1.00E+00	6.90E-01	5.75E+00	3.48E-01	2	49	1.32E-02	4.08E-02	chr11_100206147_100206767,chr13_53471407_53472168,chr13_53472662_53473247	Krt14,Msx2
Mouse Phenotype	MP:0000285	abnormal heart valve morphology	498	3.52E-02	1.00E+00	6.69E-01	2.47E+00	2.43E+00	6	2.47E-02	6.12E-02	253	1.09E-02	1.00E+00	4.07E-01	3.76E+00	1.33E+00	5	187	3.29E-02	2.67E-02	chr13_40727364_40730800,chr13_53471407_53472168,chr13_53472662_53473247,chr14_46387358_46388080,chr3_89280734_89281464,chr4_133755923_133757903	Arid1a,Bmp4,Efna1,Msx2,Tfap2a
Mouse Phenotype	MP:0011286	decreased circulating erythropoietin level	499	3.54E-02	1.00E+00	6.71E-01	2.78E+01	3.60E-02	1	3.68E-04	1.02E-02	503	3.50E-02	1.00E+00	6.59E-01	2.82E+01	3.55E-02	1	5	6.58E-03	2.00E-01	chr8_124946584_124947555	Egln1
Mouse Phenotype	MP:0000111	cleft palate	500	3.56E-02	1.00E+00	6.73E-01	2.01E+00	4.48E+00	9	4.57E-02	9.18E-02	173	5.52E-03	1.00E+00	3.02E-01	3.31E+00	2.12E+00	7	298	4.61E-02	2.35E-02	chr10_68276719_68277215,chr13_40727364_40730800,chr13_53471407_53472168,chr13_53472662_53473247,chr13_63563733_63564766,chr13_63566316_63566849,chr14_46387358_46388080,chr2_71541880_71544776,chr2_71544955_71545796	Arid5b,Bmp4,Dlx1,Dlx2,Msx2,Ptch1,Tfap2a
#																							
# Ontology	TermsTested	MinAnnotCount	MaxAnnotCount																				
#																							
# Ensembl Genes	21395	1	1000																				
# GO Biological Process	12858	1	1000																				
# GO Cellular Component	1633	1	1000																				
# GO Molecular Function	4084	1	1000																				
# Human Phenotype	6569	1	1000																				
# Mouse Phenotype Single KO	9087	1	1000																				
# Mouse Phenotype	9457	1	1000																				
